"tick","Resource","Service"
1.0,2,0
2.0,3,0
3.0,6,0
4.0,7,0
5.0,7,0
6.0,7,0
7.0,7,0
8.0,10,0
9.0,10,0
10.0,10,0
11.0,11,0
12.0,11,0
13.0,12,0
14.0,15,0
15.0,16,0
16.0,18,0
17.0,19,0
18.0,21,0
19.0,23,0
20.0,24,0
21.0,25,0
22.0,29,0
23.0,27,0
24.0,27,0
25.0,29,0
26.0,28,0
27.0,28,0
28.0,31,0
29.0,33,0
30.0,33,0
31.0,33,0
32.0,35,0
33.0,35,0
34.0,36,0
35.0,37,0
36.0,37,0
37.0,39,0
38.0,39,0
39.0,40,0
40.0,40,0
41.0,42,0
42.0,44,0
43.0,43,0
44.0,46,0
45.0,49,0
46.0,49,0
47.0,51,0
48.0,51,0
49.0,51,0
50.0,52,0
51.0,51,0
52.0,53,0
53.0,55,0
54.0,56,0
55.0,58,0
56.0,58,0
57.0,60,0
58.0,63,0
59.0,63,0
60.0,62,0
61.0,62,0
62.0,63,0
63.0,63,0
64.0,66,0
65.0,67,0
66.0,68,0
67.0,69,0
68.0,69,0
69.0,71,0
70.0,72,0
71.0,72,0
72.0,75,0
73.0,77,0
74.0,81,0
75.0,82,0
76.0,82,0
77.0,84,0
78.0,82,0
79.0,85,0
80.0,86,0
81.0,84,0
82.0,84,0
83.0,84,0
84.0,84,0
85.0,88,0
86.0,88,0
87.0,88,0
88.0,89,0
89.0,88,0
90.0,88,0
91.0,91,0
92.0,95,0
93.0,95,0
94.0,99,0
95.0,100,0
96.0,101,0
97.0,104,0
98.0,105,0
99.0,108,0
100.0,106,0
101.0,106,0
102.0,106,0
103.0,106,0
104.0,108,0
105.0,108,0
106.0,110,0
107.0,110,0
108.0,110,0
109.0,110,0
110.0,110,0
111.0,110,0
112.0,112,0
113.0,112,0
114.0,112,0
115.0,114,0
116.0,114,0
117.0,115,0
118.0,115,0
119.0,114,0
120.0,114,0
121.0,111,0
122.0,111,0
123.0,112,0
124.0,112,0
125.0,112,0
126.0,112,0
127.0,114,0
128.0,114,0
129.0,115,0
130.0,116,0
131.0,116,0
132.0,115,0
133.0,115,0
134.0,118,0
135.0,120,0
136.0,120,0
137.0,122,0
138.0,123,0
139.0,124,0
140.0,125,0
141.0,124,0
142.0,124,0
143.0,124,0
144.0,123,0
145.0,123,0
146.0,123,0
147.0,123,0
148.0,124,0
149.0,124,0
150.0,126,0
151.0,128,0
152.0,128,0
153.0,128,0
154.0,128,0
155.0,128,0
156.0,128,0
157.0,129,0
158.0,130,0
159.0,131,0
160.0,132,0
161.0,133,0
162.0,133,0
163.0,134,0
164.0,134,0
165.0,134,0
166.0,135,0
167.0,135,0
168.0,135,0
169.0,136,0
170.0,135,0
171.0,135,0
172.0,135,0
173.0,135,0
174.0,135,0
175.0,136,0
176.0,136,0
177.0,138,0
178.0,139,0
179.0,140,0
180.0,142,0
181.0,143,0
182.0,141,0
183.0,143,0
184.0,144,0
185.0,143,0
186.0,143,0
187.0,146,0
188.0,146,0
189.0,146,0
190.0,148,0
191.0,149,0
192.0,152,0
193.0,154,0
194.0,154,0
195.0,155,0
196.0,155,0
197.0,157,0
198.0,159,0
199.0,161,0
200.0,163,0
201.0,162,0
202.0,164,0
203.0,165,0
204.0,165,0
205.0,167,0
206.0,168,0
207.0,168,0
208.0,170,0
209.0,169,0
210.0,169,0
211.0,171,0
212.0,172,0
213.0,172,0
214.0,173,0
215.0,177,0
216.0,179,0
217.0,178,0
218.0,178,0
219.0,181,0
220.0,182,0
221.0,183,0
222.0,182,0
223.0,185,0
224.0,188,0
225.0,187,0
226.0,190,0
227.0,190,0
228.0,192,0
229.0,195,0
230.0,196,0
231.0,200,0
232.0,200,0
233.0,201,0
234.0,203,0
235.0,203,0
236.0,204,0
237.0,207,0
238.0,206,0
239.0,207,0
240.0,207,0
241.0,207,0
242.0,209,0
243.0,209,0
244.0,209,0
245.0,211,0
246.0,212,0
247.0,213,0
248.0,216,0
249.0,213,0
250.0,214,0
251.0,217,0
252.0,220,0
253.0,220,0
254.0,224,0
255.0,225,0
256.0,225,0
257.0,227,0
258.0,227,0
259.0,230,0
260.0,230,0
261.0,231,0
262.0,231,0
263.0,231,0
264.0,232,0
265.0,234,0
266.0,235,0
267.0,235,0
268.0,237,0
269.0,237,0
270.0,238,0
271.0,240,0
272.0,240,0
273.0,240,0
274.0,242,0
275.0,246,0
276.0,246,0
277.0,247,0
278.0,250,0
279.0,247,0
280.0,247,0
281.0,247,0
282.0,248,0
283.0,248,0
284.0,249,0
285.0,251,0
286.0,255,0
287.0,255,0
288.0,256,0
289.0,255,0
290.0,255,0
291.0,256,0
292.0,256,0
293.0,256,0
294.0,257,0
295.0,259,0
296.0,257,0
297.0,258,0
298.0,258,0
299.0,258,0
300.0,258,0
301.0,258,0
302.0,258,0
303.0,257,0
304.0,257,0
305.0,258,0
306.0,260,0
307.0,260,0
308.0,262,0
309.0,263,0
310.0,264,0
311.0,266,0
312.0,269,0
313.0,270,0
314.0,270,0
315.0,271,0
316.0,271,0
317.0,271,0
318.0,273,0
319.0,273,0
320.0,276,0
321.0,277,0
322.0,276,0
323.0,276,0
324.0,279,0
325.0,279,0
326.0,282,0
327.0,282,0
328.0,285,0
329.0,285,0
330.0,287,0
331.0,287,0
332.0,287,0
333.0,289,0
334.0,292,0
335.0,294,0
336.0,291,0
337.0,293,0
338.0,292,0
339.0,293,0
340.0,295,0
341.0,297,0
342.0,298,0
343.0,301,0
344.0,303,0
345.0,300,1
346.0,301,1
347.0,301,1
348.0,305,1
349.0,302,1
350.0,302,1
351.0,306,1
352.0,307,1
353.0,308,1
354.0,310,1
355.0,311,1
356.0,311,1
357.0,315,1
358.0,318,1
359.0,321,1
360.0,323,1
361.0,325,1
362.0,328,1
363.0,331,1
364.0,335,1
365.0,334,1
366.0,338,1
367.0,338,1
368.0,339,1
369.0,343,1
370.0,344,1
371.0,348,1
372.0,347,1
373.0,349,1
374.0,350,1
375.0,351,1
376.0,352,1
377.0,352,1
378.0,352,1
379.0,354,1
380.0,354,1
381.0,353,1
382.0,354,1
383.0,355,1
384.0,354,1
385.0,354,1
386.0,354,1
387.0,354,1
388.0,354,1
389.0,354,1
390.0,355,1
391.0,359,1
392.0,359,1
393.0,360,1
394.0,361,1
395.0,364,1
396.0,366,1
397.0,366,1
398.0,368,1
399.0,371,1
400.0,369,1
401.0,371,1
402.0,371,1
403.0,371,1
404.0,372,1
405.0,373,1
406.0,377,1
407.0,375,1
408.0,374,1
409.0,377,1
410.0,379,1
411.0,380,1
412.0,381,1
413.0,382,1
414.0,383,1
415.0,384,1
416.0,384,1
417.0,384,1
418.0,386,1
419.0,385,1
420.0,385,1
421.0,386,1
422.0,387,1
423.0,388,1
424.0,388,1
425.0,388,1
426.0,390,1
427.0,389,1
428.0,391,1
429.0,390,1
430.0,390,1
431.0,390,1
432.0,391,1
433.0,393,1
434.0,396,1
435.0,396,1
436.0,397,1
437.0,397,1
438.0,397,1
439.0,398,1
440.0,399,1
441.0,400,1
442.0,403,1
443.0,405,1
444.0,404,1
445.0,407,1
446.0,407,1
447.0,409,1
448.0,410,1
449.0,409,1
450.0,409,1
451.0,410,1
452.0,410,1
453.0,410,1
454.0,411,1
455.0,413,1
456.0,413,1
457.0,413,1
458.0,416,1
459.0,417,1
460.0,416,1
461.0,417,1
462.0,420,1
463.0,421,1
464.0,420,1
465.0,420,1
466.0,421,1
467.0,419,1
468.0,422,1
469.0,423,1
470.0,425,1
471.0,425,1
472.0,425,1
473.0,426,1
474.0,429,1
475.0,426,1
476.0,428,1
477.0,429,1
478.0,430,1
479.0,431,1
480.0,432,1
481.0,432,1
482.0,433,1
483.0,433,1
484.0,433,1
485.0,436,1
486.0,437,1
487.0,437,1
488.0,437,1
489.0,438,1
490.0,438,1
491.0,438,1
492.0,438,1
493.0,438,1
494.0,438,1
495.0,442,1
496.0,443,1
497.0,444,1
498.0,443,1
499.0,444,1
500.0,444,1
501.0,445,1
502.0,445,1
503.0,446,1
504.0,447,1
505.0,449,1
506.0,449,1
507.0,450,1
508.0,451,1
509.0,452,1
510.0,452,1
511.0,453,1
512.0,454,1
513.0,454,1
514.0,455,1
515.0,454,1
516.0,454,1
517.0,457,1
518.0,458,1
519.0,458,1
520.0,457,1
521.0,457,1
522.0,457,1
523.0,458,1
524.0,458,1
525.0,459,1
526.0,460,1
527.0,462,1
528.0,463,1
529.0,465,1
530.0,466,1
531.0,465,1
532.0,467,1
533.0,469,1
534.0,469,1
535.0,468,1
536.0,468,1
537.0,469,1
538.0,472,1
539.0,471,1
540.0,471,1
541.0,472,1
542.0,472,1
543.0,472,1
544.0,472,1
545.0,472,1
546.0,472,1
547.0,472,1
548.0,472,1
549.0,476,1
550.0,470,1
551.0,470,1
552.0,472,1
553.0,474,1
554.0,476,1
555.0,477,1
556.0,477,1
557.0,481,1
558.0,483,1
559.0,483,1
560.0,483,1
561.0,484,1
562.0,483,1
563.0,484,1
564.0,483,1
565.0,486,1
566.0,485,1
567.0,485,1
568.0,485,1
569.0,487,1
570.0,487,1
571.0,487,1
572.0,487,1
573.0,487,1
574.0,489,1
575.0,489,1
576.0,491,1
577.0,492,1
578.0,491,1
579.0,490,1
580.0,490,1
581.0,489,1
582.0,491,1
583.0,491,1
584.0,491,1
585.0,492,1
586.0,494,1
587.0,494,1
588.0,494,1
589.0,497,1
590.0,497,1
591.0,496,1
592.0,497,1
593.0,497,1
594.0,498,1
595.0,502,1
596.0,502,1
597.0,504,1
598.0,508,1
599.0,509,1
600.0,511,1
601.0,514,1
602.0,515,1
603.0,515,1
604.0,517,1
605.0,520,1
606.0,520,1
607.0,519,1
608.0,520,1
609.0,523,1
610.0,525,1
611.0,525,1
612.0,526,1
613.0,527,1
614.0,527,1
615.0,529,1
616.0,530,1
617.0,531,1
618.0,532,1
619.0,531,1
620.0,532,1
621.0,534,1
622.0,535,1
623.0,536,1
624.0,537,1
625.0,537,1
626.0,538,1
627.0,541,1
628.0,545,1
629.0,543,1
630.0,546,1
631.0,545,1
632.0,545,1
633.0,549,1
634.0,549,1
635.0,550,1
636.0,552,1
637.0,553,1
638.0,554,1
639.0,555,1
640.0,556,1
641.0,557,1
642.0,557,1
643.0,559,1
644.0,558,2
645.0,562,2
646.0,561,2
647.0,562,2
648.0,564,2
649.0,566,2
650.0,566,2
651.0,566,2
652.0,568,2
653.0,569,2
654.0,569,2
655.0,572,2
656.0,574,2
657.0,575,2
658.0,576,2
659.0,578,2
660.0,580,2
661.0,581,2
662.0,583,2
663.0,585,2
664.0,585,2
665.0,586,2
666.0,586,2
667.0,586,2
668.0,586,2
669.0,586,2
670.0,590,2
671.0,591,2
672.0,593,2
673.0,593,2
674.0,596,2
675.0,599,2
676.0,602,2
677.0,605,2
678.0,607,2
679.0,608,2
680.0,609,2
681.0,611,2
682.0,611,2
683.0,612,2
684.0,614,2
685.0,613,2
686.0,615,2
687.0,615,2
688.0,618,2
689.0,621,2
690.0,622,2
691.0,623,2
692.0,626,2
693.0,627,2
694.0,629,2
695.0,630,2
696.0,628,2
697.0,630,2
698.0,633,2
699.0,635,2
700.0,639,2
701.0,642,2
702.0,643,2
703.0,645,2
704.0,645,2
705.0,647,2
706.0,648,2
707.0,648,2
708.0,650,2
709.0,650,2
710.0,650,2
711.0,650,2
712.0,651,2
713.0,655,2
714.0,659,2
715.0,656,2
716.0,659,2
717.0,656,2
718.0,658,2
719.0,660,2
720.0,661,2
721.0,661,2
722.0,662,2
723.0,664,2
724.0,666,2
725.0,665,2
726.0,666,2
727.0,667,2
728.0,667,2
729.0,669,2
730.0,672,2
731.0,670,2
732.0,671,2
733.0,671,2
734.0,671,2
735.0,675,2
736.0,672,2
737.0,672,2
738.0,672,2
739.0,673,2
740.0,673,2
741.0,675,2
742.0,676,2
743.0,677,2
744.0,678,2
745.0,679,2
746.0,679,2
747.0,679,2
748.0,681,2
749.0,681,2
750.0,681,2
751.0,683,2
752.0,685,2
753.0,687,2
754.0,687,2
755.0,687,2
756.0,687,2
757.0,690,2
758.0,692,2
759.0,691,2
760.0,693,2
761.0,695,2
762.0,696,2
763.0,699,2
764.0,698,2
765.0,697,2
766.0,698,2
767.0,699,2
768.0,700,2
769.0,701,2
770.0,702,2
771.0,705,2
772.0,707,2
773.0,708,3
774.0,709,3
775.0,711,3
776.0,710,3
777.0,714,3
778.0,715,3
779.0,715,3
780.0,715,3
781.0,715,3
782.0,718,3
783.0,718,3
784.0,717,3
785.0,718,3
786.0,719,3
787.0,719,3
788.0,719,3
789.0,720,3
790.0,721,3
791.0,721,3
792.0,721,3
793.0,721,3
794.0,721,3
795.0,723,3
796.0,723,3
797.0,723,3
798.0,723,3
799.0,723,3
800.0,724,3
801.0,726,3
802.0,726,3
803.0,729,3
804.0,728,3
805.0,730,3
806.0,732,3
807.0,731,3
808.0,732,3
809.0,732,3
810.0,734,3
811.0,733,3
812.0,735,3
813.0,735,3
814.0,739,3
815.0,736,3
816.0,737,3
817.0,737,3
818.0,738,3
819.0,738,3
820.0,739,3
821.0,739,3
822.0,739,3
823.0,739,3
824.0,743,3
825.0,737,3
826.0,737,3
827.0,737,3
828.0,739,3
829.0,742,3
830.0,743,3
831.0,741,3
832.0,741,3
833.0,744,3
834.0,744,3
835.0,745,3
836.0,744,3
837.0,745,3
838.0,747,3
839.0,747,3
840.0,750,3
841.0,751,3
842.0,754,3
843.0,753,3
844.0,754,3
845.0,754,3
846.0,755,3
847.0,754,3
848.0,754,3
849.0,754,3
850.0,755,3
851.0,755,3
852.0,759,3
853.0,757,3
854.0,757,3
855.0,758,3
856.0,759,3
857.0,761,3
858.0,763,3
859.0,764,3
860.0,765,3
861.0,766,3
862.0,766,3
863.0,768,3
864.0,768,3
865.0,767,3
866.0,767,3
867.0,770,3
868.0,772,3
869.0,772,3
870.0,774,3
871.0,774,3
872.0,778,3
873.0,781,3
874.0,783,3
875.0,785,3
876.0,784,3
877.0,787,3
878.0,788,3
879.0,789,3
880.0,791,3
881.0,792,3
882.0,796,3
883.0,799,3
884.0,799,3
885.0,801,3
886.0,800,3
887.0,803,3
888.0,803,3
889.0,805,3
890.0,807,3
891.0,809,3
892.0,810,3
893.0,813,3
894.0,812,3
895.0,813,3
896.0,814,4
897.0,815,4
898.0,816,4
899.0,819,4
900.0,821,5
901.0,822,5
902.0,823,5
903.0,824,5
904.0,828,5
905.0,827,5
906.0,830,5
907.0,829,5
908.0,830,5
909.0,831,5
910.0,832,5
911.0,835,5
912.0,833,5
913.0,836,5
914.0,838,5
915.0,837,5
916.0,837,5
917.0,838,5
918.0,837,5
919.0,838,5
920.0,839,5
921.0,840,5
922.0,840,5
923.0,843,5
924.0,846,5
925.0,848,5
926.0,850,5
927.0,852,5
928.0,852,5
929.0,853,5
930.0,855,5
931.0,857,5
932.0,857,5
933.0,858,5
934.0,859,5
935.0,861,5
936.0,862,5
937.0,862,5
938.0,864,5
939.0,866,5
940.0,868,5
941.0,870,5
942.0,870,5
943.0,873,5
944.0,874,5
945.0,875,5
946.0,875,5
947.0,877,5
948.0,880,5
949.0,880,5
950.0,880,5
951.0,880,5
952.0,881,5
953.0,884,5
954.0,885,5
955.0,889,5
956.0,891,5
957.0,892,5
958.0,892,5
959.0,894,5
960.0,897,5
961.0,897,5
962.0,901,5
963.0,903,5
964.0,906,5
965.0,906,5
966.0,906,5
967.0,908,5
968.0,907,5
969.0,907,5
970.0,910,5
971.0,911,5
972.0,911,5
973.0,915,6
974.0,914,6
975.0,914,6
976.0,914,6
977.0,916,6
978.0,916,6
979.0,918,6
980.0,918,6
981.0,920,6
982.0,923,6
983.0,925,6
984.0,925,6
985.0,925,6
986.0,929,6
987.0,931,6
988.0,935,6
989.0,931,6
990.0,933,6
991.0,934,7
992.0,937,7
993.0,938,7
994.0,939,7
995.0,939,7
996.0,940,7
997.0,943,7
998.0,943,7
999.0,943,7
1000.0,944,7
1001.0,945,7
1002.0,946,7
1003.0,947,7
1004.0,949,7
1005.0,952,7
1006.0,954,7
1007.0,957,7
1008.0,960,7
1009.0,960,7
1010.0,964,7
1011.0,964,7
1012.0,965,7
1013.0,969,7
1014.0,969,7
1015.0,971,7
1016.0,972,7
1017.0,976,7
1018.0,979,7
1019.0,979,7
1020.0,981,8
1021.0,984,8
1022.0,983,8
1023.0,984,8
1024.0,983,8
1025.0,985,8
1026.0,987,8
1027.0,987,8
1028.0,991,8
1029.0,987,8
1030.0,989,8
1031.0,990,8
1032.0,990,8
1033.0,990,8
1034.0,992,8
1035.0,990,8
1036.0,991,8
1037.0,991,8
1038.0,991,8
1039.0,992,8
1040.0,992,8
1041.0,993,8
1042.0,993,8
1043.0,992,8
1044.0,996,8
1045.0,998,8
1046.0,999,8
1047.0,1002,8
1048.0,1002,8
1049.0,1002,8
1050.0,1005,8
1051.0,1005,8
1052.0,1007,8
1053.0,1010,8
1054.0,1012,8
1055.0,1011,8
1056.0,1012,8
1057.0,1013,8
1058.0,1017,8
1059.0,1018,8
1060.0,1018,8
1061.0,1018,8
1062.0,1018,8
1063.0,1019,8
1064.0,1022,8
1065.0,1023,8
1066.0,1023,8
1067.0,1024,8
1068.0,1026,8
1069.0,1027,8
1070.0,1028,8
1071.0,1028,8
1072.0,1028,8
1073.0,1032,8
1074.0,1032,8
1075.0,1032,8
1076.0,1034,8
1077.0,1037,8
1078.0,1036,8
1079.0,1040,8
1080.0,1040,8
1081.0,1040,8
1082.0,1040,8
1083.0,1040,8
1084.0,1041,8
1085.0,1041,8
1086.0,1041,8
1087.0,1044,8
1088.0,1047,8
1089.0,1046,8
1090.0,1046,8
1091.0,1046,8
1092.0,1046,8
1093.0,1047,8
1094.0,1050,8
1095.0,1053,8
1096.0,1051,8
1097.0,1051,8
1098.0,1055,8
1099.0,1054,8
1100.0,1055,8
1101.0,1057,8
1102.0,1055,8
1103.0,1057,8
1104.0,1058,8
1105.0,1056,8
1106.0,1058,8
1107.0,1062,8
1108.0,1061,8
1109.0,1063,8
1110.0,1066,8
1111.0,1066,8
1112.0,1068,8
1113.0,1069,8
1114.0,1069,8
1115.0,1069,8
1116.0,1069,8
1117.0,1072,8
1118.0,1071,8
1119.0,1073,8
1120.0,1074,8
1121.0,1074,8
1122.0,1074,8
1123.0,1075,8
1124.0,1078,8
1125.0,1082,8
1126.0,1082,8
1127.0,1085,8
1128.0,1085,8
1129.0,1086,8
1130.0,1089,8
1131.0,1090,8
1132.0,1094,8
1133.0,1094,8
1134.0,1094,8
1135.0,1094,8
1136.0,1096,8
1137.0,1097,8
1138.0,1098,8
1139.0,1100,8
1140.0,1100,8
1141.0,1099,8
1142.0,1102,8
1143.0,1102,8
1144.0,1102,8
1145.0,1103,8
1146.0,1104,8
1147.0,1105,8
1148.0,1109,8
1149.0,1107,8
1150.0,1107,8
1151.0,1110,8
1152.0,1110,9
1153.0,1110,9
1154.0,1110,9
1155.0,1114,9
1156.0,1117,9
1157.0,1117,9
1158.0,1119,9
1159.0,1121,9
1160.0,1120,9
1161.0,1122,9
1162.0,1125,9
1163.0,1126,9
1164.0,1126,9
1165.0,1127,9
1166.0,1130,9
1167.0,1129,9
1168.0,1130,9
1169.0,1132,9
1170.0,1135,9
1171.0,1136,9
1172.0,1136,9
1173.0,1139,9
1174.0,1139,9
1175.0,1139,9
1176.0,1141,9
1177.0,1142,9
1178.0,1144,9
1179.0,1144,9
1180.0,1147,9
1181.0,1148,9
1182.0,1151,9
1183.0,1151,9
1184.0,1152,9
1185.0,1154,9
1186.0,1155,9
1187.0,1155,9
1188.0,1156,9
1189.0,1156,9
1190.0,1156,9
1191.0,1157,9
1192.0,1159,9
1193.0,1160,9
1194.0,1161,9
1195.0,1162,9
1196.0,1165,9
1197.0,1168,9
1198.0,1168,9
1199.0,1170,9
1200.0,1171,9
1201.0,1175,9
1202.0,1175,9
1203.0,1176,9
1204.0,1177,9
1205.0,1180,9
1206.0,1181,9
1207.0,1180,9
1208.0,1182,9
1209.0,1186,9
1210.0,1186,9
1211.0,1186,9
1212.0,1186,9
1213.0,1188,9
1214.0,1190,9
1215.0,1190,9
1216.0,1191,9
1217.0,1193,9
1218.0,1195,9
1219.0,1195,9
1220.0,1195,9
1221.0,1196,9
1222.0,1197,9
1223.0,1199,9
1224.0,1199,9
1225.0,1199,9
1226.0,1202,9
1227.0,1205,9
1228.0,1205,9
1229.0,1208,9
1230.0,1208,9
1231.0,1208,9
1232.0,1209,9
1233.0,1209,9
1234.0,1210,9
1235.0,1210,9
1236.0,1210,9
1237.0,1210,9
1238.0,1210,9
1239.0,1211,9
1240.0,1211,9
1241.0,1212,9
1242.0,1215,9
1243.0,1216,9
1244.0,1219,9
1245.0,1221,9
1246.0,1225,9
1247.0,1225,9
1248.0,1226,10
1249.0,1227,10
1250.0,1227,10
1251.0,1231,10
1252.0,1233,10
1253.0,1234,10
1254.0,1236,10
1255.0,1236,10
1256.0,1237,10
1257.0,1240,10
1258.0,1242,10
1259.0,1244,10
1260.0,1243,10
1261.0,1245,10
1262.0,1246,10
1263.0,1246,10
1264.0,1250,10
1265.0,1250,10
1266.0,1252,10
1267.0,1254,10
1268.0,1257,10
1269.0,1255,10
1270.0,1256,10
1271.0,1256,10
1272.0,1257,10
1273.0,1259,10
1274.0,1260,10
1275.0,1260,10
1276.0,1263,10
1277.0,1267,10
1278.0,1268,10
1279.0,1269,10
1280.0,1269,10
1281.0,1270,10
1282.0,1270,10
1283.0,1270,10
1284.0,1270,10
1285.0,1273,10
1286.0,1274,10
1287.0,1275,10
1288.0,1274,10
1289.0,1274,10
1290.0,1275,10
1291.0,1278,10
1292.0,1279,10
1293.0,1281,10
1294.0,1284,10
1295.0,1286,10
1296.0,1285,10
1297.0,1288,10
1298.0,1291,10
1299.0,1291,10
1300.0,1292,10
1301.0,1293,10
1302.0,1295,10
1303.0,1295,10
1304.0,1297,10
1305.0,1297,10
1306.0,1298,10
1307.0,1302,10
1308.0,1301,10
1309.0,1302,10
1310.0,1303,10
1311.0,1304,10
1312.0,1308,10
1313.0,1308,10
1314.0,1308,10
1315.0,1311,10
1316.0,1311,10
1317.0,1314,10
1318.0,1315,10
1319.0,1317,10
1320.0,1321,10
1321.0,1323,10
1322.0,1323,10
1323.0,1324,10
1324.0,1324,10
1325.0,1326,10
1326.0,1330,10
1327.0,1330,10
1328.0,1332,10
1329.0,1334,10
1330.0,1334,10
1331.0,1337,10
1332.0,1338,10
1333.0,1337,10
1334.0,1339,10
1335.0,1341,10
1336.0,1343,10
1337.0,1345,10
1338.0,1347,10
1339.0,1348,10
1340.0,1349,10
1341.0,1350,10
1342.0,1350,10
1343.0,1352,11
1344.0,1350,11
1345.0,1354,11
1346.0,1353,11
1347.0,1356,11
1348.0,1359,11
1349.0,1361,11
1350.0,1365,11
1351.0,1365,11
1352.0,1367,11
1353.0,1369,11
1354.0,1371,11
1355.0,1372,11
1356.0,1371,11
1357.0,1372,11
1358.0,1373,11
1359.0,1373,11
1360.0,1375,11
1361.0,1378,11
1362.0,1381,11
1363.0,1382,11
1364.0,1383,11
1365.0,1384,11
1366.0,1386,11
1367.0,1385,11
1368.0,1387,11
1369.0,1391,11
1370.0,1392,11
1371.0,1394,11
1372.0,1396,11
1373.0,1398,11
1374.0,1399,11
1375.0,1401,11
1376.0,1401,11
1377.0,1401,11
1378.0,1401,11
1379.0,1403,11
1380.0,1403,11
1381.0,1406,11
1382.0,1407,11
1383.0,1407,11
1384.0,1408,11
1385.0,1408,11
1386.0,1411,11
1387.0,1411,11
1388.0,1411,11
1389.0,1412,11
1390.0,1414,11
1391.0,1414,11
1392.0,1417,11
1393.0,1415,11
1394.0,1415,11
1395.0,1416,11
1396.0,1414,11
1397.0,1415,11
1398.0,1416,11
1399.0,1420,11
1400.0,1417,11
1401.0,1416,11
1402.0,1417,11
1403.0,1417,11
1404.0,1418,11
1405.0,1420,11
1406.0,1422,11
1407.0,1420,11
1408.0,1419,11
1409.0,1419,11
1410.0,1419,11
1411.0,1420,11
1412.0,1421,11
1413.0,1420,11
1414.0,1422,11
1415.0,1422,11
1416.0,1423,11
1417.0,1424,11
1418.0,1425,11
1419.0,1425,11
1420.0,1425,11
1421.0,1429,11
1422.0,1427,11
1423.0,1426,11
1424.0,1426,11
1425.0,1426,11
1426.0,1427,11
1427.0,1428,11
1428.0,1430,11
1429.0,1430,11
1430.0,1430,11
1431.0,1431,11
1432.0,1431,11
1433.0,1432,11
1434.0,1435,11
1435.0,1435,11
1436.0,1435,11
1437.0,1435,11
1438.0,1436,11
1439.0,1439,11
1440.0,1441,11
1441.0,1442,11
1442.0,1443,11
1443.0,1443,11
1444.0,1442,11
1445.0,1444,11
1446.0,1444,11
1447.0,1444,11
1448.0,1447,12
1449.0,1448,12
1450.0,1449,12
1451.0,1451,13
1452.0,1450,13
1453.0,1452,13
1454.0,1452,13
1455.0,1452,13
1456.0,1452,13
1457.0,1452,13
1458.0,1453,13
1459.0,1453,13
1460.0,1455,13
1461.0,1455,13
1462.0,1457,13
1463.0,1457,13
1464.0,1459,13
1465.0,1459,13
1466.0,1460,13
1467.0,1462,13
1468.0,1462,13
1469.0,1464,13
1470.0,1465,13
1471.0,1467,13
1472.0,1467,13
1473.0,1467,13
1474.0,1468,13
1475.0,1468,13
1476.0,1467,13
1477.0,1468,13
1478.0,1470,13
1479.0,1469,13
1480.0,1471,13
1481.0,1472,13
1482.0,1473,13
1483.0,1474,13
1484.0,1474,13
1485.0,1475,13
1486.0,1478,13
1487.0,1478,13
1488.0,1480,13
1489.0,1478,13
1490.0,1478,13
1491.0,1481,13
1492.0,1481,13
1493.0,1483,13
1494.0,1485,13
1495.0,1487,13
1496.0,1488,13
1497.0,1488,13
1498.0,1490,13
1499.0,1490,13
1500.0,1490,13
1501.0,1490,14
1502.0,1490,14
1503.0,1491,14
1504.0,1493,14
1505.0,1496,14
1506.0,1497,14
1507.0,1500,14
1508.0,1502,14
1509.0,1502,14
1510.0,1504,14
1511.0,1507,14
1512.0,1509,14
1513.0,1510,14
1514.0,1511,14
1515.0,1514,14
1516.0,1517,14
1517.0,1517,14
1518.0,1517,14
1519.0,1517,14
1520.0,1517,14
1521.0,1517,15
1522.0,1517,15
1523.0,1518,15
1524.0,1521,15
1525.0,1524,15
1526.0,1524,15
1527.0,1524,15
1528.0,1524,15
1529.0,1525,15
1530.0,1525,15
1531.0,1526,15
1532.0,1527,15
1533.0,1529,15
1534.0,1530,15
1535.0,1531,15
1536.0,1532,15
1537.0,1535,15
1538.0,1536,15
1539.0,1535,16
1540.0,1536,16
1541.0,1538,16
1542.0,1541,16
1543.0,1541,16
1544.0,1541,17
1545.0,1544,17
1546.0,1542,17
1547.0,1545,17
1548.0,1546,18
1549.0,1547,18
1550.0,1548,19
1551.0,1548,19
1552.0,1548,19
1553.0,1550,19
1554.0,1548,19
1555.0,1551,19
1556.0,1552,19
1557.0,1554,19
1558.0,1554,19
1559.0,1553,19
1560.0,1557,19
1561.0,1556,19
1562.0,1559,19
1563.0,1557,19
1564.0,1560,19
1565.0,1557,19
1566.0,1557,19
1567.0,1559,19
1568.0,1558,19
1569.0,1560,19
1570.0,1560,19
1571.0,1560,19
1572.0,1560,19
1573.0,1562,19
1574.0,1562,19
1575.0,1563,19
1576.0,1563,19
1577.0,1565,19
1578.0,1565,19
1579.0,1565,19
1580.0,1565,19
1581.0,1568,19
1582.0,1567,19
1583.0,1567,19
1584.0,1569,19
1585.0,1570,19
1586.0,1570,19
1587.0,1570,19
1588.0,1572,19
1589.0,1572,19
1590.0,1573,19
1591.0,1574,19
1592.0,1576,19
1593.0,1577,19
1594.0,1579,19
1595.0,1581,19
1596.0,1580,19
1597.0,1580,19
1598.0,1581,19
1599.0,1583,20
1600.0,1582,20
1601.0,1582,20
1602.0,1581,21
1603.0,1581,21
1604.0,1583,21
1605.0,1581,22
1606.0,1583,22
1607.0,1582,22
1608.0,1584,22
1609.0,1586,23
1610.0,1585,23
1611.0,1586,23
1612.0,1586,23
1613.0,1587,23
1614.0,1587,23
1615.0,1587,23
1616.0,1587,23
1617.0,1587,23
1618.0,1589,23
1619.0,1592,23
1620.0,1593,24
1621.0,1593,24
1622.0,1594,24
1623.0,1595,24
1624.0,1595,24
1625.0,1595,24
1626.0,1595,24
1627.0,1596,24
1628.0,1595,24
1629.0,1596,24
1630.0,1597,24
1631.0,1598,24
1632.0,1599,24
1633.0,1598,24
1634.0,1598,24
1635.0,1598,24
1636.0,1598,24
1637.0,1601,24
1638.0,1600,24
1639.0,1600,24
1640.0,1602,24
1641.0,1603,24
1642.0,1603,24
1643.0,1603,24
1644.0,1603,24
1645.0,1605,24
1646.0,1607,24
1647.0,1608,24
1648.0,1610,24
1649.0,1610,24
1650.0,1613,24
1651.0,1614,24
1652.0,1615,24
1653.0,1616,24
1654.0,1616,24
1655.0,1617,24
1656.0,1620,24
1657.0,1620,24
1658.0,1620,24
1659.0,1620,24
1660.0,1620,24
1661.0,1621,24
1662.0,1622,24
1663.0,1626,24
1664.0,1627,24
1665.0,1629,24
1666.0,1631,24
1667.0,1635,24
1668.0,1638,24
1669.0,1639,24
1670.0,1639,24
1671.0,1639,24
1672.0,1639,24
1673.0,1639,24
1674.0,1640,24
1675.0,1641,24
1676.0,1641,24
1677.0,1644,24
1678.0,1646,24
1679.0,1646,24
1680.0,1648,24
1681.0,1649,24
1682.0,1647,24
1683.0,1647,24
1684.0,1649,24
1685.0,1651,24
1686.0,1652,24
1687.0,1653,24
1688.0,1653,24
1689.0,1655,24
1690.0,1658,24
1691.0,1658,24
1692.0,1660,24
1693.0,1664,24
1694.0,1665,24
1695.0,1668,24
1696.0,1672,24
1697.0,1674,24
1698.0,1674,24
1699.0,1677,24
1700.0,1679,24
1701.0,1680,24
1702.0,1684,24
1703.0,1683,24
1704.0,1685,24
1705.0,1688,24
1706.0,1692,24
1707.0,1691,24
1708.0,1692,24
1709.0,1693,24
1710.0,1695,24
1711.0,1698,24
1712.0,1699,24
1713.0,1700,24
1714.0,1700,24
1715.0,1701,24
1716.0,1703,24
1717.0,1706,24
1718.0,1706,24
1719.0,1706,24
1720.0,1707,24
1721.0,1709,24
1722.0,1710,24
1723.0,1710,24
1724.0,1711,24
1725.0,1711,24
1726.0,1715,24
1727.0,1717,24
1728.0,1717,24
1729.0,1718,24
1730.0,1719,24
1731.0,1721,24
1732.0,1722,24
1733.0,1723,24
1734.0,1724,24
1735.0,1727,25
1736.0,1726,25
1737.0,1729,25
1738.0,1729,25
1739.0,1731,25
1740.0,1735,25
1741.0,1736,25
1742.0,1736,25
1743.0,1736,25
1744.0,1739,25
1745.0,1739,25
1746.0,1740,25
1747.0,1740,25
1748.0,1740,25
1749.0,1743,25
1750.0,1743,25
1751.0,1745,25
1752.0,1745,25
1753.0,1746,25
1754.0,1749,25
1755.0,1750,25
1756.0,1750,25
1757.0,1753,25
1758.0,1755,25
1759.0,1755,26
1760.0,1758,26
1761.0,1761,26
1762.0,1763,26
1763.0,1767,26
1764.0,1768,26
1765.0,1771,26
1766.0,1772,26
1767.0,1774,26
1768.0,1775,26
1769.0,1775,26
1770.0,1774,26
1771.0,1777,26
1772.0,1778,26
1773.0,1780,26
1774.0,1781,26
1775.0,1781,26
1776.0,1781,26
1777.0,1782,26
1778.0,1783,26
1779.0,1786,26
1780.0,1786,26
1781.0,1787,26
1782.0,1787,26
1783.0,1788,26
1784.0,1790,26
1785.0,1792,26
1786.0,1794,26
1787.0,1798,26
1788.0,1799,26
1789.0,1802,26
1790.0,1806,26
1791.0,1804,26
1792.0,1805,26
1793.0,1808,26
1794.0,1809,26
1795.0,1810,26
1796.0,1814,26
1797.0,1813,26
1798.0,1814,26
1799.0,1815,26
1800.0,1814,26
1801.0,1814,26
1802.0,1816,26
1803.0,1820,26
1804.0,1821,26
1805.0,1823,26
1806.0,1825,27
1807.0,1827,27
1808.0,1827,27
1809.0,1828,27
1810.0,1828,27
1811.0,1830,27
1812.0,1831,27
1813.0,1832,27
1814.0,1832,27
1815.0,1833,27
1816.0,1833,27
1817.0,1834,27
1818.0,1835,27
1819.0,1837,27
1820.0,1837,27
1821.0,1838,27
1822.0,1840,27
1823.0,1840,27
1824.0,1839,27
1825.0,1839,27
1826.0,1839,27
1827.0,1841,27
1828.0,1841,27
1829.0,1842,27
1830.0,1842,27
1831.0,1843,27
1832.0,1842,27
1833.0,1845,27
1834.0,1845,27
1835.0,1846,27
1836.0,1846,27
1837.0,1848,27
1838.0,1847,27
1839.0,1850,27
1840.0,1849,27
1841.0,1850,27
1842.0,1851,27
1843.0,1853,27
1844.0,1852,27
1845.0,1852,27
1846.0,1852,27
1847.0,1856,27
1848.0,1855,27
1849.0,1857,27
1850.0,1859,27
1851.0,1861,27
1852.0,1860,27
1853.0,1861,27
1854.0,1862,27
1855.0,1862,27
1856.0,1865,27
1857.0,1866,27
1858.0,1867,27
1859.0,1867,27
1860.0,1867,27
1861.0,1867,27
1862.0,1866,27
1863.0,1866,27
1864.0,1867,27
1865.0,1868,27
1866.0,1869,27
1867.0,1869,27
1868.0,1873,27
1869.0,1867,27
1870.0,1868,27
1871.0,1868,27
1872.0,1868,27
1873.0,1870,27
1874.0,1869,27
1875.0,1869,27
1876.0,1870,27
1877.0,1871,27
1878.0,1872,27
1879.0,1874,27
1880.0,1874,27
1881.0,1875,27
1882.0,1875,27
1883.0,1879,27
1884.0,1875,27
1885.0,1874,27
1886.0,1875,27
1887.0,1875,28
1888.0,1876,28
1889.0,1876,29
1890.0,1876,29
1891.0,1876,29
1892.0,1876,29
1893.0,1876,29
1894.0,1876,29
1895.0,1875,30
1896.0,1874,30
1897.0,1875,30
1898.0,1876,30
1899.0,1876,30
1900.0,1876,30
1901.0,1879,30
1902.0,1875,30
1903.0,1875,30
1904.0,1877,31
1905.0,1877,31
1906.0,1879,31
1907.0,1878,31
1908.0,1879,31
1909.0,1880,32
1910.0,1879,32
1911.0,1877,32
1912.0,1879,32
1913.0,1877,32
1914.0,1878,32
1915.0,1877,32
1916.0,1878,32
1917.0,1877,32
1918.0,1879,32
1919.0,1878,32
1920.0,1878,33
1921.0,1879,33
1922.0,1879,33
1923.0,1879,33
1924.0,1880,33
1925.0,1881,33
1926.0,1881,33
1927.0,1880,33
1928.0,1882,33
1929.0,1882,33
1930.0,1882,33
1931.0,1881,33
1932.0,1881,33
1933.0,1881,33
1934.0,1881,33
1935.0,1882,33
1936.0,1882,33
1937.0,1881,33
1938.0,1882,33
1939.0,1882,33
1940.0,1883,33
1941.0,1883,33
1942.0,1883,33
1943.0,1886,33
1944.0,1887,33
1945.0,1886,33
1946.0,1886,33
1947.0,1887,33
1948.0,1887,33
1949.0,1889,33
1950.0,1889,33
1951.0,1889,33
1952.0,1891,33
1953.0,1893,33
1954.0,1895,33
1955.0,1894,33
1956.0,1896,33
1957.0,1896,33
1958.0,1898,33
1959.0,1901,33
1960.0,1899,33
1961.0,1901,34
1962.0,1898,34
1963.0,1899,34
1964.0,1897,34
1965.0,1896,34
1966.0,1899,34
1967.0,1902,34
1968.0,1905,34
1969.0,1905,34
1970.0,1906,34
1971.0,1907,34
1972.0,1908,35
1973.0,1908,35
1974.0,1911,36
1975.0,1913,37
1976.0,1915,37
1977.0,1918,38
1978.0,1919,38
1979.0,1919,38
1980.0,1918,38
1981.0,1919,38
1982.0,1919,38
1983.0,1919,38
1984.0,1921,38
1985.0,1921,38
1986.0,1923,38
1987.0,1923,38
1988.0,1923,38
1989.0,1923,39
1990.0,1923,39
1991.0,1925,39
1992.0,1928,39
1993.0,1926,39
1994.0,1928,39
1995.0,1930,39
1996.0,1930,39
1997.0,1933,39
1998.0,1932,39
1999.0,1932,39
2000.0,1932,39
2001.0,1934,39
2002.0,1936,39
2003.0,1935,39
2004.0,1936,39
2005.0,1937,39
2006.0,1938,39
2007.0,1938,39
2008.0,1938,39
2009.0,1938,39
2010.0,1940,39
2011.0,1941,39
2012.0,1942,39
2013.0,1942,39
2014.0,1942,39
2015.0,1942,39
2016.0,1943,39
2017.0,1943,39
2018.0,1944,39
2019.0,1947,39
2020.0,1948,39
2021.0,1948,39
2022.0,1949,40
2023.0,1949,40
2024.0,1949,40
2025.0,1949,41
2026.0,1949,42
2027.0,1950,42
2028.0,1953,42
2029.0,1951,42
2030.0,1951,42
2031.0,1951,43
2032.0,1952,43
2033.0,1955,43
2034.0,1953,43
2035.0,1953,43
2036.0,1954,43
2037.0,1955,43
2038.0,1955,43
2039.0,1956,43
2040.0,1957,43
2041.0,1959,43
2042.0,1959,43
2043.0,1961,43
2044.0,1961,43
2045.0,1961,43
2046.0,1961,43
2047.0,1962,43
2048.0,1962,43
2049.0,1964,43
2050.0,1962,43
2051.0,1963,43
2052.0,1962,43
2053.0,1962,43
2054.0,1962,43
2055.0,1963,43
2056.0,1964,43
2057.0,1966,43
2058.0,1967,43
2059.0,1964,43
2060.0,1965,43
2061.0,1966,43
2062.0,1966,43
2063.0,1967,43
2064.0,1970,43
2065.0,1971,43
2066.0,1972,43
2067.0,1973,43
2068.0,1973,43
2069.0,1974,43
2070.0,1974,43
2071.0,1976,43
2072.0,1975,43
2073.0,1975,43
2074.0,1975,43
2075.0,1976,43
2076.0,1976,43
2077.0,1977,43
2078.0,1977,43
2079.0,1978,43
2080.0,1980,43
2081.0,1981,43
2082.0,1981,43
2083.0,1982,43
2084.0,1982,43
2085.0,1985,43
2086.0,1985,43
2087.0,1984,43
2088.0,1984,43
2089.0,1985,43
2090.0,1987,43
2091.0,1986,43
2092.0,1987,43
2093.0,1987,43
2094.0,1988,43
2095.0,1988,43
2096.0,1989,43
2097.0,1990,43
2098.0,1991,43
2099.0,1995,43
2100.0,1993,43
2101.0,1992,43
2102.0,1992,43
2103.0,1994,43
2104.0,1990,43
2105.0,1989,43
2106.0,1992,43
2107.0,1992,43
2108.0,1992,43
2109.0,1995,43
2110.0,1996,43
2111.0,1998,43
2112.0,1999,43
2113.0,1998,43
2114.0,2000,43
2115.0,2001,43
2116.0,2001,43
2117.0,2004,43
2118.0,2004,43
2119.0,2006,43
2120.0,2008,43
2121.0,2004,43
2122.0,2003,43
2123.0,2004,43
2124.0,2004,43
2125.0,2006,43
2126.0,2008,43
2127.0,2006,43
2128.0,2008,43
2129.0,2011,43
2130.0,2008,43
2131.0,2008,43
2132.0,2009,43
2133.0,2009,43
2134.0,2009,43
2135.0,2010,43
2136.0,2012,43
2137.0,2015,43
2138.0,2016,43
2139.0,2017,43
2140.0,2015,43
2141.0,2015,43
2142.0,2015,43
2143.0,2017,43
2144.0,2016,43
2145.0,2017,43
2146.0,2018,43
2147.0,2018,43
2148.0,2018,43
2149.0,2021,43
2150.0,2022,43
2151.0,2024,43
2152.0,2020,43
2153.0,2023,43
2154.0,2022,43
2155.0,2021,43
2156.0,2022,43
2157.0,2024,43
2158.0,2024,43
2159.0,2025,43
2160.0,2027,43
2161.0,2027,43
2162.0,2027,43
2163.0,2027,43
2164.0,2028,43
2165.0,2026,43
2166.0,2026,43
2167.0,2028,43
2168.0,2027,43
2169.0,2026,43
2170.0,2027,43
2171.0,2030,43
2172.0,2029,43
2173.0,2029,43
2174.0,2030,43
2175.0,2033,43
2176.0,2034,43
2177.0,2034,43
2178.0,2037,43
2179.0,2037,45
2180.0,2041,45
2181.0,2038,45
2182.0,2040,45
2183.0,2041,45
2184.0,2044,45
2185.0,2042,45
2186.0,2042,45
2187.0,2043,45
2188.0,2046,45
2189.0,2049,45
2190.0,2050,45
2191.0,2049,45
2192.0,2051,45
2193.0,2051,45
2194.0,2052,45
2195.0,2052,45
2196.0,2054,45
2197.0,2054,45
2198.0,2053,45
2199.0,2055,45
2200.0,2054,45
2201.0,2053,45
2202.0,2054,45
2203.0,2054,45
2204.0,2055,45
2205.0,2056,45
2206.0,2056,45
2207.0,2057,45
2208.0,2056,45
2209.0,2056,45
2210.0,2056,45
2211.0,2057,45
2212.0,2057,45
2213.0,2058,45
2214.0,2058,45
2215.0,2058,45
2216.0,2060,45
2217.0,2060,45
2218.0,2062,45
2219.0,2062,45
2220.0,2063,45
2221.0,2064,45
2222.0,2067,45
2223.0,2067,45
2224.0,2067,45
2225.0,2067,45
2226.0,2067,45
2227.0,2068,45
2228.0,2069,45
2229.0,2071,45
2230.0,2071,45
2231.0,2072,45
2232.0,2072,45
2233.0,2075,45
2234.0,2075,45
2235.0,2075,46
2236.0,2075,46
2237.0,2077,46
2238.0,2078,46
2239.0,2076,46
2240.0,2080,46
2241.0,2079,46
2242.0,2082,46
2243.0,2081,46
2244.0,2080,46
2245.0,2082,46
2246.0,2082,46
2247.0,2083,46
2248.0,2085,47
2249.0,2087,47
2250.0,2087,47
2251.0,2089,47
2252.0,2087,47
2253.0,2088,47
2254.0,2090,48
2255.0,2090,48
2256.0,2092,48
2257.0,2092,48
2258.0,2095,48
2259.0,2096,48
2260.0,2095,48
2261.0,2098,48
2262.0,2095,48
2263.0,2096,48
2264.0,2097,48
2265.0,2097,48
2266.0,2097,48
2267.0,2098,48
2268.0,2099,48
2269.0,2098,48
2270.0,2099,48
2271.0,2099,48
2272.0,2102,48
2273.0,2102,48
2274.0,2102,48
2275.0,2104,48
2276.0,2102,48
2277.0,2101,48
2278.0,2100,48
2279.0,2100,48
2280.0,2104,48
2281.0,2103,48
2282.0,2106,48
2283.0,2107,48
2284.0,2107,48
2285.0,2109,48
2286.0,2111,48
2287.0,2109,48
2288.0,2109,48
2289.0,2112,48
2290.0,2112,48
2291.0,2112,48
2292.0,2113,48
2293.0,2115,48
2294.0,2112,48
2295.0,2113,48
2296.0,2114,48
2297.0,2115,48
2298.0,2115,48
2299.0,2114,48
2300.0,2115,48
2301.0,2115,48
2302.0,2118,48
2303.0,2117,48
2304.0,2117,48
2305.0,2117,48
2306.0,2118,48
2307.0,2118,48
2308.0,2119,48
2309.0,2120,48
2310.0,2122,48
2311.0,2124,48
2312.0,2124,48
2313.0,2124,48
2314.0,2125,48
2315.0,2127,48
2316.0,2128,48
2317.0,2128,48
2318.0,2128,49
2319.0,2129,50
2320.0,2129,50
2321.0,2131,50
2322.0,2132,50
2323.0,2131,50
2324.0,2131,50
2325.0,2133,50
2326.0,2131,50
2327.0,2131,50
2328.0,2133,50
2329.0,2133,50
2330.0,2135,50
2331.0,2137,50
2332.0,2138,50
2333.0,2140,50
2334.0,2142,50
2335.0,2141,50
2336.0,2141,50
2337.0,2141,50
2338.0,2143,50
2339.0,2143,50
2340.0,2144,50
2341.0,2144,50
2342.0,2147,50
2343.0,2147,50
2344.0,2148,50
2345.0,2150,50
2346.0,2147,50
2347.0,2149,50
2348.0,2148,50
2349.0,2152,50
2350.0,2153,50
2351.0,2155,50
2352.0,2157,50
2353.0,2157,50
2354.0,2157,50
2355.0,2157,50
2356.0,2159,50
2357.0,2159,50
2358.0,2159,50
2359.0,2163,50
2360.0,2160,50
2361.0,2162,50
2362.0,2159,50
2363.0,2159,50
2364.0,2159,51
2365.0,2160,51
2366.0,2159,51
2367.0,2161,51
2368.0,2161,51
2369.0,2162,51
2370.0,2162,51
2371.0,2161,51
2372.0,2161,51
2373.0,2161,51
2374.0,2165,51
2375.0,2166,51
2376.0,2168,52
2377.0,2167,52
2378.0,2167,52
2379.0,2167,52
2380.0,2167,52
2381.0,2167,52
2382.0,2170,52
2383.0,2169,52
2384.0,2169,52
2385.0,2171,52
2386.0,2171,52
2387.0,2171,52
2388.0,2171,52
2389.0,2172,52
2390.0,2172,52
2391.0,2172,52
2392.0,2172,52
2393.0,2173,52
2394.0,2172,52
2395.0,2172,52
2396.0,2172,52
2397.0,2172,52
2398.0,2172,52
2399.0,2172,52
2400.0,2172,52
2401.0,2175,52
2402.0,2175,52
2403.0,2175,52
2404.0,2173,52
2405.0,2174,52
2406.0,2174,52
2407.0,2173,52
2408.0,2174,52
2409.0,2175,52
2410.0,2176,52
2411.0,2176,52
2412.0,2176,52
2413.0,2178,52
2414.0,2178,52
2415.0,2180,52
2416.0,2180,52
2417.0,2180,52
2418.0,2182,52
2419.0,2181,52
2420.0,2181,52
2421.0,2181,52
2422.0,2183,52
2423.0,2182,52
2424.0,2183,53
2425.0,2184,53
2426.0,2184,53
2427.0,2185,53
2428.0,2188,53
2429.0,2188,53
2430.0,2189,54
2431.0,2190,54
2432.0,2191,54
2433.0,2191,55
2434.0,2191,55
2435.0,2192,54
2436.0,2193,54
2437.0,2193,54
2438.0,2194,55
2439.0,2194,55
2440.0,2194,55
2441.0,2197,55
2442.0,2198,55
2443.0,2200,55
2444.0,2201,55
2445.0,2200,55
2446.0,2200,55
2447.0,2200,55
2448.0,2200,55
2449.0,2200,55
2450.0,2202,55
2451.0,2201,55
2452.0,2202,55
2453.0,2202,55
2454.0,2202,55
2455.0,2203,55
2456.0,2203,55
2457.0,2205,55
2458.0,2204,55
2459.0,2207,55
2460.0,2205,55
2461.0,2206,55
2462.0,2206,55
2463.0,2206,55
2464.0,2206,55
2465.0,2207,55
2466.0,2206,55
2467.0,2207,55
2468.0,2209,55
2469.0,2209,55
2470.0,2208,55
2471.0,2209,55
2472.0,2209,55
2473.0,2210,55
2474.0,2210,55
2475.0,2210,55
2476.0,2212,55
2477.0,2212,55
2478.0,2212,55
2479.0,2213,55
2480.0,2216,55
2481.0,2214,55
2482.0,2214,55
2483.0,2215,55
2484.0,2218,55
2485.0,2217,55
2486.0,2217,55
2487.0,2217,55
2488.0,2218,55
2489.0,2218,55
2490.0,2219,55
2491.0,2220,55
2492.0,2220,55
2493.0,2220,55
2494.0,2220,55
2495.0,2221,55
2496.0,2221,55
2497.0,2222,55
2498.0,2223,55
2499.0,2224,55
2500.0,2224,55
2501.0,2225,55
2502.0,2225,55
2503.0,2224,55
2504.0,2224,55
2505.0,2224,55
2506.0,2224,55
2507.0,2224,55
2508.0,2224,55
2509.0,2225,56
2510.0,2225,56
2511.0,2226,56
2512.0,2227,56
2513.0,2226,56
2514.0,2226,56
2515.0,2227,56
2516.0,2227,56
2517.0,2228,56
2518.0,2228,56
2519.0,2228,56
2520.0,2231,56
2521.0,2228,56
2522.0,2228,56
2523.0,2229,57
2524.0,2230,57
2525.0,2231,57
2526.0,2234,57
2527.0,2235,57
2528.0,2236,57
2529.0,2236,57
2530.0,2239,57
2531.0,2239,57
2532.0,2239,57
2533.0,2241,57
2534.0,2241,57
2535.0,2242,57
2536.0,2243,57
2537.0,2243,57
2538.0,2243,57
2539.0,2243,57
2540.0,2245,57
2541.0,2245,57
2542.0,2246,57
2543.0,2247,57
2544.0,2248,57
2545.0,2250,57
2546.0,2251,57
2547.0,2252,57
2548.0,2252,57
2549.0,2252,58
2550.0,2255,58
2551.0,2252,58
2552.0,2252,58
2553.0,2253,58
2554.0,2255,58
2555.0,2254,58
2556.0,2255,58
2557.0,2254,58
2558.0,2254,58
2559.0,2255,59
2560.0,2257,59
2561.0,2260,59
2562.0,2260,59
2563.0,2260,59
2564.0,2261,59
2565.0,2263,59
2566.0,2264,59
2567.0,2265,59
2568.0,2265,59
2569.0,2267,59
2570.0,2268,59
2571.0,2268,59
2572.0,2268,59
2573.0,2269,59
2574.0,2269,59
2575.0,2269,59
2576.0,2269,59
2577.0,2269,59
2578.0,2270,59
2579.0,2272,59
2580.0,2272,59
2581.0,2273,59
2582.0,2274,59
2583.0,2275,59
2584.0,2274,59
2585.0,2275,59
2586.0,2276,59
2587.0,2278,59
2588.0,2278,59
2589.0,2279,59
2590.0,2280,59
2591.0,2281,59
2592.0,2283,59
2593.0,2283,59
2594.0,2284,59
2595.0,2284,59
2596.0,2284,59
2597.0,2284,59
2598.0,2286,59
2599.0,2285,59
2600.0,2286,59
2601.0,2286,59
2602.0,2288,59
2603.0,2289,59
2604.0,2290,59
2605.0,2290,59
2606.0,2290,59
2607.0,2291,59
2608.0,2293,59
2609.0,2294,59
2610.0,2296,59
2611.0,2295,59
2612.0,2296,59
2613.0,2296,59
2614.0,2298,59
2615.0,2298,59
2616.0,2298,59
2617.0,2299,59
2618.0,2300,59
2619.0,2300,59
2620.0,2301,59
2621.0,2301,59
2622.0,2302,59
2623.0,2303,59
2624.0,2303,59
2625.0,2304,59
2626.0,2303,59
2627.0,2303,59
2628.0,2304,59
2629.0,2305,59
2630.0,2305,59
2631.0,2305,59
2632.0,2306,59
2633.0,2307,59
2634.0,2309,59
2635.0,2308,59
2636.0,2310,59
2637.0,2311,59
2638.0,2311,59
2639.0,2313,59
2640.0,2315,59
2641.0,2317,59
2642.0,2317,59
2643.0,2317,59
2644.0,2318,59
2645.0,2321,59
2646.0,2323,59
2647.0,2325,59
2648.0,2323,59
2649.0,2323,59
2650.0,2323,59
2651.0,2324,59
2652.0,2327,59
2653.0,2325,59
2654.0,2326,59
2655.0,2325,59
2656.0,2325,59
2657.0,2327,59
2658.0,2328,59
2659.0,2328,59
2660.0,2331,59
2661.0,2332,59
2662.0,2332,59
2663.0,2334,59
2664.0,2332,59
2665.0,2332,59
2666.0,2332,59
2667.0,2332,59
2668.0,2333,59
2669.0,2333,59
2670.0,2333,59
2671.0,2333,59
2672.0,2335,59
2673.0,2335,59
2674.0,2335,59
2675.0,2336,59
2676.0,2336,59
2677.0,2337,59
2678.0,2337,59
2679.0,2337,59
2680.0,2338,59
2681.0,2339,59
2682.0,2339,59
2683.0,2339,59
2684.0,2339,59
2685.0,2340,59
2686.0,2340,59
2687.0,2341,59
2688.0,2343,59
2689.0,2342,59
2690.0,2342,59
2691.0,2343,59
2692.0,2343,59
2693.0,2344,59
2694.0,2345,59
2695.0,2346,59
2696.0,2347,59
2697.0,2348,59
2698.0,2348,59
2699.0,2348,59
2700.0,2349,59
2701.0,2350,59
2702.0,2350,59
2703.0,2352,59
2704.0,2354,59
2705.0,2354,59
2706.0,2356,59
2707.0,2357,59
2708.0,2357,59
2709.0,2356,59
2710.0,2357,59
2711.0,2358,59
2712.0,2358,59
2713.0,2359,59
2714.0,2359,59
2715.0,2359,59
2716.0,2359,59
2717.0,2362,59
2718.0,2363,59
2719.0,2363,59
2720.0,2363,59
2721.0,2363,59
2722.0,2363,59
2723.0,2364,59
2724.0,2366,59
2725.0,2366,59
2726.0,2367,59
2727.0,2367,59
2728.0,2368,59
2729.0,2368,59
2730.0,2367,59
2731.0,2367,59
2732.0,2367,59
2733.0,2367,59
2734.0,2368,59
2735.0,2366,59
2736.0,2366,59
2737.0,2368,59
2738.0,2369,59
2739.0,2369,59
2740.0,2370,59
2741.0,2369,59
2742.0,2369,59
2743.0,2369,59
2744.0,2369,59
2745.0,2371,59
2746.0,2372,59
2747.0,2374,59
2748.0,2374,59
2749.0,2375,59
2750.0,2375,59
2751.0,2376,59
2752.0,2376,59
2753.0,2377,59
2754.0,2378,59
2755.0,2378,59
2756.0,2378,59
2757.0,2378,59
2758.0,2378,59
2759.0,2378,59
2760.0,2378,59
2761.0,2378,59
2762.0,2378,59
2763.0,2377,59
2764.0,2377,59
2765.0,2379,59
2766.0,2379,59
2767.0,2381,59
2768.0,2381,59
2769.0,2382,59
2770.0,2382,59
2771.0,2382,59
2772.0,2382,59
2773.0,2383,59
2774.0,2383,60
2775.0,2383,60
2776.0,2383,60
2777.0,2383,60
2778.0,2384,60
2779.0,2385,60
2780.0,2385,60
2781.0,2386,60
2782.0,2385,60
2783.0,2385,60
2784.0,2385,60
2785.0,2386,60
2786.0,2387,60
2787.0,2386,60
2788.0,2389,60
2789.0,2387,60
2790.0,2389,60
2791.0,2391,61
2792.0,2392,61
2793.0,2393,61
2794.0,2395,61
2795.0,2395,61
2796.0,2395,61
2797.0,2395,62
2798.0,2396,62
2799.0,2398,62
2800.0,2398,62
2801.0,2400,62
2802.0,2400,63
2803.0,2401,63
2804.0,2401,63
2805.0,2403,63
2806.0,2402,63
2807.0,2403,63
2808.0,2402,63
2809.0,2403,63
2810.0,2404,63
2811.0,2405,63
2812.0,2407,63
2813.0,2408,63
2814.0,2410,63
2815.0,2412,63
2816.0,2414,63
2817.0,2414,63
2818.0,2414,63
2819.0,2414,63
2820.0,2415,63
2821.0,2416,63
2822.0,2416,63
2823.0,2416,63
2824.0,2416,63
2825.0,2417,63
2826.0,2417,63
2827.0,2417,63
2828.0,2419,63
2829.0,2421,63
2830.0,2422,63
2831.0,2423,63
2832.0,2422,63
2833.0,2422,63
2834.0,2421,63
2835.0,2422,63
2836.0,2422,63
2837.0,2423,63
2838.0,2421,64
2839.0,2421,64
2840.0,2422,64
2841.0,2423,64
2842.0,2425,64
2843.0,2426,64
2844.0,2426,64
2845.0,2427,64
2846.0,2429,64
2847.0,2431,64
2848.0,2432,64
2849.0,2433,64
2850.0,2433,64
2851.0,2433,64
2852.0,2433,64
2853.0,2434,64
2854.0,2435,64
2855.0,2437,64
2856.0,2437,64
2857.0,2438,64
2858.0,2438,64
2859.0,2439,64
2860.0,2440,65
2861.0,2440,65
2862.0,2440,65
2863.0,2442,65
2864.0,2442,65
2865.0,2443,65
2866.0,2443,65
2867.0,2443,65
2868.0,2445,65
2869.0,2445,65
2870.0,2445,65
2871.0,2445,65
2872.0,2446,65
2873.0,2446,65
2874.0,2447,65
2875.0,2447,65
2876.0,2446,65
2877.0,2447,65
2878.0,2448,65
2879.0,2449,65
2880.0,2450,65
2881.0,2449,65
2882.0,2450,65
2883.0,2451,65
2884.0,2452,65
2885.0,2453,65
2886.0,2454,65
2887.0,2456,65
2888.0,2456,65
2889.0,2456,65
2890.0,2456,65
2891.0,2458,65
2892.0,2458,65
2893.0,2459,65
2894.0,2460,65
2895.0,2462,65
2896.0,2462,65
2897.0,2462,65
2898.0,2463,65
2899.0,2465,65
2900.0,2466,65
2901.0,2468,65
2902.0,2468,67
2903.0,2470,67
2904.0,2470,65
2905.0,2470,65
2906.0,2471,65
2907.0,2471,65
2908.0,2472,65
2909.0,2470,65
2910.0,2470,65
2911.0,2470,65
2912.0,2470,65
2913.0,2472,65
2914.0,2471,65
2915.0,2471,65
2916.0,2471,66
2917.0,2471,66
2918.0,2471,66
2919.0,2471,66
2920.0,2472,66
2921.0,2470,67
2922.0,2470,67
2923.0,2471,67
2924.0,2471,67
2925.0,2471,67
2926.0,2473,67
2927.0,2473,67
2928.0,2472,67
2929.0,2472,67
2930.0,2473,67
2931.0,2474,67
2932.0,2474,67
2933.0,2474,67
2934.0,2475,67
2935.0,2475,67
2936.0,2477,67
2937.0,2479,67
2938.0,2480,67
2939.0,2479,67
2940.0,2479,67
2941.0,2479,67
2942.0,2479,67
2943.0,2481,68
2944.0,2481,68
2945.0,2481,68
2946.0,2481,68
2947.0,2481,68
2948.0,2482,69
2949.0,2483,69
2950.0,2482,69
2951.0,2483,69
2952.0,2484,70
2953.0,2483,70
2954.0,2484,71
2955.0,2485,72
2956.0,2483,73
2957.0,2484,73
2958.0,2485,73
2959.0,2484,73
2960.0,2483,73
2961.0,2483,73
2962.0,2483,73
2963.0,2483,73
2964.0,2483,73
2965.0,2483,73
2966.0,2483,73
2967.0,2484,73
2968.0,2485,73
2969.0,2485,73
2970.0,2485,73
2971.0,2485,73
2972.0,2486,73
2973.0,2486,73
2974.0,2488,73
2975.0,2486,73
2976.0,2486,73
2977.0,2486,74
2978.0,2488,74
2979.0,2486,74
2980.0,2486,74
2981.0,2486,74
2982.0,2487,74
2983.0,2487,74
2984.0,2488,74
2985.0,2488,74
2986.0,2488,74
2987.0,2488,74
2988.0,2488,74
2989.0,2488,74
2990.0,2488,74
2991.0,2488,74
2992.0,2490,74
2993.0,2487,74
2994.0,2487,74
2995.0,2489,74
2996.0,2489,74
2997.0,2488,74
2998.0,2488,74
2999.0,2488,74
3000.0,2488,74
3001.0,2488,74
3002.0,2488,74
3003.0,2488,74
3004.0,2488,74
3005.0,2488,74
3006.0,2488,74
3007.0,2488,74
3008.0,2489,74
3009.0,2487,74
3010.0,2488,74
3011.0,2489,74
3012.0,2489,75
3013.0,2491,75
3014.0,2491,75
3015.0,2492,76
3016.0,2492,76
3017.0,2494,76
3018.0,2496,76
3019.0,2496,76
3020.0,2494,76
3021.0,2494,76
3022.0,2494,76
3023.0,2494,76
3024.0,2494,76
3025.0,2494,77
3026.0,2495,77
3027.0,2495,78
3028.0,2495,78
3029.0,2495,78
3030.0,2494,78
3031.0,2494,78
3032.0,2495,78
3033.0,2494,78
3034.0,2494,78
3035.0,2494,78
3036.0,2494,78
3037.0,2494,78
3038.0,2494,78
3039.0,2494,78
3040.0,2494,78
3041.0,2494,78
3042.0,2495,79
3043.0,2494,79
3044.0,2494,79
3045.0,2494,79
3046.0,2494,79
3047.0,2494,79
3048.0,2496,79
3049.0,2496,79
3050.0,2496,79
3051.0,2496,79
3052.0,2497,79
3053.0,2499,79
3054.0,2499,79
3055.0,2500,79
3056.0,2501,79
3057.0,2501,79
3058.0,2500,79
3059.0,2498,79
3060.0,2500,79
3061.0,2500,79
3062.0,2500,80
3063.0,2500,80
3064.0,2500,80
3065.0,2501,80
3066.0,2501,80
3067.0,2501,80
3068.0,2501,80
3069.0,2501,80
3070.0,2501,80
3071.0,2502,80
3072.0,2503,80
3073.0,2502,80
3074.0,2500,80
3075.0,2500,80
3076.0,2500,80
3077.0,2500,80
3078.0,2500,80
3079.0,2500,80
3080.0,2500,80
3081.0,2501,80
3082.0,2503,80
3083.0,2501,80
3084.0,2501,80
3085.0,2502,80
3086.0,2505,80
3087.0,2502,80
3088.0,2504,80
3089.0,2504,80
3090.0,2504,80
3091.0,2505,80
3092.0,2503,80
3093.0,2504,80
3094.0,2504,80
3095.0,2506,80
3096.0,2508,80
3097.0,2509,80
3098.0,2508,80
3099.0,2507,80
3100.0,2508,80
3101.0,2506,80
3102.0,2506,80
3103.0,2506,80
3104.0,2508,80
3105.0,2507,80
3106.0,2506,80
3107.0,2507,80
3108.0,2505,80
3109.0,2505,80
3110.0,2505,80
3111.0,2505,80
3112.0,2505,80
3113.0,2507,80
3114.0,2506,80
3115.0,2506,80
3116.0,2506,80
3117.0,2506,80
3118.0,2505,80
3119.0,2505,80
3120.0,2506,80
3121.0,2509,80
3122.0,2509,80
3123.0,2509,80
3124.0,2509,80
3125.0,2510,80
3126.0,2510,80
3127.0,2507,80
3128.0,2507,80
3129.0,2508,80
3130.0,2506,80
3131.0,2506,80
3132.0,2507,80
3133.0,2507,80
3134.0,2507,80
3135.0,2508,80
3136.0,2507,80
3137.0,2507,80
3138.0,2508,80
3139.0,2509,80
3140.0,2509,80
3141.0,2511,80
3142.0,2508,80
3143.0,2508,80
3144.0,2509,80
3145.0,2508,80
3146.0,2509,80
3147.0,2509,80
3148.0,2508,80
3149.0,2508,80
3150.0,2508,80
3151.0,2508,80
3152.0,2509,80
3153.0,2508,80
3154.0,2508,80
3155.0,2509,80
3156.0,2508,80
3157.0,2508,80
3158.0,2509,80
3159.0,2509,80
3160.0,2509,80
3161.0,2509,80
3162.0,2510,80
3163.0,2510,80
3164.0,2510,80
3165.0,2511,80
3166.0,2511,81
3167.0,2510,81
3168.0,2510,81
3169.0,2510,81
3170.0,2510,81
3171.0,2510,81
3172.0,2511,81
3173.0,2510,81
3174.0,2512,81
3175.0,2510,81
3176.0,2510,81
3177.0,2510,81
3178.0,2510,81
3179.0,2510,82
3180.0,2511,82
3181.0,2510,82
3182.0,2510,82
3183.0,2511,82
3184.0,2510,82
3185.0,2511,82
3186.0,2510,82
3187.0,2510,82
3188.0,2510,82
3189.0,2510,82
3190.0,2510,82
3191.0,2511,83
3192.0,2510,83
3193.0,2510,83
3194.0,2510,83
3195.0,2511,83
3196.0,2513,83
3197.0,2512,83
3198.0,2512,83
3199.0,2512,83
3200.0,2513,84
3201.0,2513,84
3202.0,2513,84
3203.0,2512,84
3204.0,2512,84
3205.0,2512,84
3206.0,2512,84
3207.0,2512,84
3208.0,2512,84
3209.0,2512,84
3210.0,2512,84
3211.0,2512,85
3212.0,2512,85
3213.0,2512,85
3214.0,2512,85
3215.0,2512,85
3216.0,2512,85
3217.0,2512,85
3218.0,2513,85
3219.0,2511,85
3220.0,2511,85
3221.0,2511,85
3222.0,2511,85
3223.0,2511,85
3224.0,2511,85
3225.0,2511,85
3226.0,2511,85
3227.0,2511,85
3228.0,2511,86
3229.0,2511,86
3230.0,2511,86
3231.0,2511,86
3232.0,2511,86
3233.0,2511,86
3234.0,2511,86
3235.0,2511,86
3236.0,2511,86
3237.0,2511,86
3238.0,2511,86
3239.0,2511,86
3240.0,2511,86
3241.0,2511,86
3242.0,2512,86
3243.0,2511,86
3244.0,2511,86
3245.0,2511,86
3246.0,2511,86
3247.0,2511,86
3248.0,2511,86
3249.0,2512,86
3250.0,2513,86
3251.0,2513,86
3252.0,2512,86
3253.0,2514,87
3254.0,2514,87
3255.0,2513,87
3256.0,2513,87
3257.0,2515,87
3258.0,2513,87
3259.0,2513,87
3260.0,2514,87
3261.0,2513,87
3262.0,2513,87
3263.0,2514,87
3264.0,2514,87
3265.0,2514,87
3266.0,2514,87
3267.0,2514,88
3268.0,2514,88
3269.0,2514,88
3270.0,2515,88
3271.0,2515,88
3272.0,2514,88
3273.0,2514,88
3274.0,2514,88
3275.0,2514,88
3276.0,2514,88
3277.0,2514,88
3278.0,2514,88
3279.0,2514,88
3280.0,2514,88
3281.0,2514,88
3282.0,2516,88
3283.0,2516,88
3284.0,2517,88
3285.0,2516,88
3286.0,2516,88
3287.0,2517,88
3288.0,2516,88
3289.0,2516,88
3290.0,2516,88
3291.0,2517,89
3292.0,2517,89
3293.0,2517,90
3294.0,2517,90
3295.0,2517,90
3296.0,2517,90
3297.0,2516,90
3298.0,2517,90
3299.0,2519,90
3300.0,2517,90
3301.0,2517,90
3302.0,2517,90
3303.0,2517,90
3304.0,2517,90
3305.0,2517,90
3306.0,2517,90
3307.0,2517,90
3308.0,2517,90
3309.0,2517,90
3310.0,2516,90
3311.0,2517,90
3312.0,2518,90
3313.0,2518,90
3314.0,2518,90
3315.0,2519,90
3316.0,2519,90
3317.0,2519,90
3318.0,2519,90
3319.0,2520,90
3320.0,2521,90
3321.0,2520,90
3322.0,2520,90
3323.0,2521,90
3324.0,2522,90
3325.0,2524,90
3326.0,2522,90
3327.0,2522,90
3328.0,2522,90
3329.0,2522,90
3330.0,2522,90
3331.0,2522,90
3332.0,2523,90
3333.0,2522,90
3334.0,2522,90
3335.0,2522,90
3336.0,2522,90
3337.0,2522,90
3338.0,2522,90
3339.0,2522,90
3340.0,2522,90
3341.0,2523,90
3342.0,2523,90
3343.0,2523,90
3344.0,2524,90
3345.0,2525,90
3346.0,2525,90
3347.0,2525,90
3348.0,2526,90
3349.0,2524,90
3350.0,2524,90
3351.0,2524,90
3352.0,2524,90
3353.0,2525,90
3354.0,2523,90
3355.0,2524,90
3356.0,2525,90
3357.0,2525,90
3358.0,2525,90
3359.0,2525,90
3360.0,2525,90
3361.0,2525,90
3362.0,2526,90
3363.0,2526,90
3364.0,2527,90
3365.0,2527,90
3366.0,2528,90
3367.0,2530,90
3368.0,2530,90
3369.0,2530,90
3370.0,2530,90
3371.0,2531,90
3372.0,2529,90
3373.0,2529,90
3374.0,2529,90
3375.0,2529,90
3376.0,2530,90
3377.0,2531,90
3378.0,2533,90
3379.0,2531,90
3380.0,2532,90
3381.0,2531,90
3382.0,2532,90
3383.0,2532,90
3384.0,2532,90
3385.0,2532,90
3386.0,2533,90
3387.0,2533,90
3388.0,2533,90
3389.0,2533,90
3390.0,2533,90
3391.0,2534,90
3392.0,2534,90
3393.0,2534,90
3394.0,2534,90
3395.0,2534,90
3396.0,2535,90
3397.0,2536,90
3398.0,2535,90
3399.0,2537,90
3400.0,2535,90
3401.0,2536,90
3402.0,2536,90
3403.0,2538,90
3404.0,2539,90
3405.0,2540,90
3406.0,2540,90
3407.0,2540,90
3408.0,2540,90
3409.0,2541,90
3410.0,2542,90
3411.0,2540,90
3412.0,2541,90
3413.0,2542,90
3414.0,2543,90
3415.0,2543,90
3416.0,2544,90
3417.0,2544,90
3418.0,2545,90
3419.0,2545,90
3420.0,2547,90
3421.0,2546,90
3422.0,2547,90
3423.0,2547,90
3424.0,2547,90
3425.0,2546,90
3426.0,2546,90
3427.0,2546,90
3428.0,2546,90
3429.0,2546,90
3430.0,2546,90
3431.0,2546,90
3432.0,2546,90
3433.0,2545,90
3434.0,2546,90
3435.0,2546,90
3436.0,2546,90
3437.0,2546,90
3438.0,2546,90
3439.0,2545,90
3440.0,2545,90
3441.0,2545,90
3442.0,2545,90
3443.0,2545,90
3444.0,2545,90
3445.0,2545,90
3446.0,2546,91
3447.0,2545,92
3448.0,2545,93
3449.0,2545,93
3450.0,2545,93
3451.0,2546,93
3452.0,2545,93
3453.0,2545,93
3454.0,2545,93
3455.0,2545,93
3456.0,2545,93
3457.0,2546,93
3458.0,2546,93
3459.0,2545,93
3460.0,2545,93
3461.0,2545,93
3462.0,2545,93
3463.0,2545,93
3464.0,2546,94
3465.0,2546,94
3466.0,2544,94
3467.0,2544,94
3468.0,2544,94
3469.0,2544,94
3470.0,2544,94
3471.0,2545,94
3472.0,2544,94
3473.0,2544,95
3474.0,2544,95
3475.0,2544,95
3476.0,2544,95
3477.0,2544,95
3478.0,2544,95
3479.0,2544,95
3480.0,2544,95
3481.0,2544,95
3482.0,2544,95
3483.0,2543,95
3484.0,2543,95
3485.0,2543,95
3486.0,2543,95
3487.0,2544,95
3488.0,2544,95
3489.0,2544,95
3490.0,2543,95
3491.0,2543,95
3492.0,2543,95
3493.0,2542,95
3494.0,2542,95
3495.0,2542,95
3496.0,2542,95
3497.0,2541,95
3498.0,2541,95
3499.0,2540,95
3500.0,2540,95
3501.0,2540,95
3502.0,2540,95
3503.0,2540,95
3504.0,2541,96
3505.0,2541,96
3506.0,2541,96
3507.0,2541,96
3508.0,2541,96
3509.0,2541,95
3510.0,2541,95
3511.0,2541,95
3512.0,2541,95
3513.0,2542,95
3514.0,2542,95
3515.0,2542,95
3516.0,2542,95
3517.0,2540,95
3518.0,2540,95
3519.0,2541,95
3520.0,2541,95
3521.0,2541,95
3522.0,2541,95
3523.0,2541,95
3524.0,2541,95
3525.0,2541,95
3526.0,2542,95
3527.0,2542,95
3528.0,2543,95
3529.0,2542,95
3530.0,2542,95
3531.0,2542,95
3532.0,2542,95
3533.0,2542,95
3534.0,2542,95
3535.0,2541,95
3536.0,2541,95
3537.0,2541,95
3538.0,2542,95
3539.0,2542,95
3540.0,2542,95
3541.0,2542,95
3542.0,2542,95
3543.0,2542,95
3544.0,2543,95
3545.0,2542,95
3546.0,2542,95
3547.0,2542,95
3548.0,2542,95
3549.0,2543,95
3550.0,2544,95
3551.0,2544,95
3552.0,2544,95
3553.0,2544,95
3554.0,2544,95
3555.0,2545,95
3556.0,2546,95
3557.0,2546,95
3558.0,2545,95
3559.0,2546,95
3560.0,2547,95
3561.0,2547,95
3562.0,2547,95
3563.0,2547,95
3564.0,2547,95
3565.0,2547,95
3566.0,2548,95
3567.0,2547,95
3568.0,2547,95
3569.0,2547,95
3570.0,2548,95
3571.0,2546,95
3572.0,2546,95
3573.0,2546,95
3574.0,2546,95
3575.0,2546,95
3576.0,2546,95
3577.0,2546,95
3578.0,2546,95
3579.0,2546,95
3580.0,2546,95
3581.0,2546,95
3582.0,2546,95
3583.0,2546,95
3584.0,2546,95
3585.0,2546,95
3586.0,2546,95
3587.0,2546,95
3588.0,2546,95
3589.0,2546,95
3590.0,2546,95
3591.0,2546,95
3592.0,2546,95
3593.0,2546,95
3594.0,2548,95
3595.0,2544,95
3596.0,2544,95
3597.0,2544,95
3598.0,2544,95
3599.0,2545,95
3600.0,2544,95
3601.0,2545,95
3602.0,2545,95
3603.0,2544,95
3604.0,2543,95
3605.0,2544,95
3606.0,2543,95
3607.0,2543,95
3608.0,2543,95
3609.0,2543,95
3610.0,2543,95
3611.0,2543,95
3612.0,2544,95
3613.0,2543,95
3614.0,2543,95
3615.0,2543,95
3616.0,2543,95
3617.0,2543,95
3618.0,2543,95
3619.0,2543,95
3620.0,2543,95
3621.0,2543,95
3622.0,2543,95
3623.0,2543,95
3624.0,2543,95
3625.0,2543,95
3626.0,2542,95
3627.0,2542,95
3628.0,2543,95
3629.0,2542,95
3630.0,2542,95
3631.0,2542,95
3632.0,2542,95
3633.0,2541,95
3634.0,2541,95
3635.0,2542,95
3636.0,2540,95
3637.0,2540,95
3638.0,2540,95
3639.0,2540,95
3640.0,2540,95
3641.0,2542,95
3642.0,2539,95
3643.0,2539,95
3644.0,2539,95
3645.0,2539,95
3646.0,2539,95
3647.0,2539,95
3648.0,2539,95
3649.0,2539,95
3650.0,2540,95
3651.0,2539,95
3652.0,2539,95
3653.0,2539,95
3654.0,2540,95
3655.0,2538,95
3656.0,2538,95
3657.0,2538,95
3658.0,2538,95
3659.0,2539,95
3660.0,2538,95
3661.0,2538,95
3662.0,2538,95
3663.0,2538,95
3664.0,2538,95
3665.0,2538,95
3666.0,2538,95
3667.0,2538,95
3668.0,2538,95
3669.0,2538,95
3670.0,2539,95
3671.0,2537,95
3672.0,2537,95
3673.0,2537,95
3674.0,2537,95
3675.0,2537,95
3676.0,2537,96
3677.0,2537,96
3678.0,2537,96
3679.0,2539,96
3680.0,2537,96
3681.0,2537,96
3682.0,2537,96
3683.0,2537,96
3684.0,2537,96
3685.0,2537,96
3686.0,2538,95
3687.0,2537,95
3688.0,2537,95
3689.0,2537,95
3690.0,2537,95
3691.0,2538,95
3692.0,2538,95
3693.0,2538,95
3694.0,2538,95
3695.0,2538,95
3696.0,2538,95
3697.0,2538,95
3698.0,2538,95
3699.0,2538,95
3700.0,2539,95
3701.0,2538,95
3702.0,2537,95
3703.0,2538,95
3704.0,2538,95
3705.0,2538,95
3706.0,2538,95
3707.0,2538,95
3708.0,2538,95
3709.0,2538,95
3710.0,2538,95
3711.0,2538,95
3712.0,2538,95
3713.0,2538,95
3714.0,2538,95
3715.0,2537,95
3716.0,2537,95
3717.0,2537,95
3718.0,2538,95
3719.0,2537,95
3720.0,2537,95
3721.0,2537,95
3722.0,2537,95
3723.0,2538,95
3724.0,2537,95
3725.0,2537,95
3726.0,2537,95
3727.0,2537,95
3728.0,2537,95
3729.0,2537,95
3730.0,2537,95
3731.0,2536,95
3732.0,2536,95
3733.0,2537,95
3734.0,2536,95
3735.0,2536,95
3736.0,2537,95
3737.0,2536,95
3738.0,2536,96
3739.0,2537,96
3740.0,2536,96
3741.0,2535,96
3742.0,2535,96
3743.0,2535,96
3744.0,2535,96
3745.0,2535,96
3746.0,2535,96
3747.0,2534,96
3748.0,2534,96
3749.0,2534,96
3750.0,2534,96
3751.0,2534,96
3752.0,2534,96
3753.0,2534,96
3754.0,2535,97
3755.0,2535,97
3756.0,2535,97
3757.0,2535,97
3758.0,2535,97
3759.0,2535,97
3760.0,2535,97
3761.0,2535,97
3762.0,2535,97
3763.0,2536,97
3764.0,2537,97
3765.0,2536,97
3766.0,2536,97
3767.0,2536,97
3768.0,2536,97
3769.0,2536,97
3770.0,2537,97
3771.0,2537,97
3772.0,2538,97
3773.0,2538,97
3774.0,2538,97
3775.0,2538,97
3776.0,2538,97
3777.0,2538,97
3778.0,2538,97
3779.0,2538,97
3780.0,2538,97
3781.0,2539,97
3782.0,2539,97
3783.0,2540,97
3784.0,2538,97
3785.0,2538,97
3786.0,2538,97
3787.0,2538,97
3788.0,2538,97
3789.0,2538,97
3790.0,2538,97
3791.0,2539,97
3792.0,2540,97
3793.0,2538,97
3794.0,2538,97
3795.0,2539,97
3796.0,2540,97
3797.0,2540,97
3798.0,2540,97
3799.0,2541,97
3800.0,2541,97
3801.0,2541,97
3802.0,2541,97
3803.0,2541,97
3804.0,2541,97
3805.0,2542,97
3806.0,2541,97
3807.0,2541,97
3808.0,2542,97
3809.0,2540,97
3810.0,2540,97
3811.0,2541,97
3812.0,2541,97
3813.0,2541,97
3814.0,2541,97
3815.0,2541,97
3816.0,2541,97
3817.0,2541,97
3818.0,2541,97
3819.0,2541,97
3820.0,2542,97
3821.0,2542,97
3822.0,2542,97
3823.0,2542,97
3824.0,2542,97
3825.0,2542,97
3826.0,2541,97
3827.0,2541,97
3828.0,2541,97
3829.0,2541,97
3830.0,2541,97
3831.0,2541,97
3832.0,2542,97
3833.0,2540,97
3834.0,2540,97
3835.0,2541,97
3836.0,2540,97
3837.0,2539,97
3838.0,2539,97
3839.0,2540,97
3840.0,2539,97
3841.0,2539,97
3842.0,2539,97
3843.0,2540,97
3844.0,2539,97
3845.0,2540,97
3846.0,2539,97
3847.0,2539,97
3848.0,2539,97
3849.0,2539,97
3850.0,2539,97
3851.0,2539,97
3852.0,2539,97
3853.0,2539,97
3854.0,2539,98
3855.0,2539,97
3856.0,2539,97
3857.0,2539,97
3858.0,2539,97
3859.0,2539,97
3860.0,2540,97
3861.0,2539,97
3862.0,2539,97
3863.0,2539,97
3864.0,2538,97
3865.0,2538,97
3866.0,2538,97
3867.0,2538,97
3868.0,2538,97
3869.0,2538,97
3870.0,2538,97
3871.0,2538,97
3872.0,2538,97
3873.0,2538,97
3874.0,2539,97
3875.0,2538,97
3876.0,2539,97
3877.0,2537,97
3878.0,2537,97
3879.0,2537,97
3880.0,2537,97
3881.0,2537,97
3882.0,2538,97
3883.0,2537,97
3884.0,2536,97
3885.0,2535,97
3886.0,2536,98
3887.0,2535,98
3888.0,2535,98
3889.0,2534,100
3890.0,2534,100
3891.0,2534,99
3892.0,2534,99
3893.0,2534,99
3894.0,2534,99
3895.0,2534,99
3896.0,2534,99
3897.0,2534,99
3898.0,2534,99
3899.0,2534,99
3900.0,2534,97
3901.0,2535,97
3902.0,2533,98
3903.0,2533,98
3904.0,2533,98
3905.0,2533,98
3906.0,2533,98
3907.0,2533,98
3908.0,2533,98
3909.0,2533,98
3910.0,2533,97
3911.0,2534,97
3912.0,2533,97
3913.0,2534,97
3914.0,2533,97
3915.0,2533,97
3916.0,2533,97
3917.0,2533,97
3918.0,2533,97
3919.0,2533,97
3920.0,2533,97
3921.0,2533,97
3922.0,2533,97
3923.0,2533,97
3924.0,2533,97
3925.0,2533,97
3926.0,2533,97
3927.0,2533,97
3928.0,2533,97
3929.0,2533,97
3930.0,2534,97
3931.0,2533,97
3932.0,2534,97
3933.0,2533,97
3934.0,2533,97
3935.0,2533,97
3936.0,2533,97
3937.0,2533,97
3938.0,2533,97
3939.0,2533,97
3940.0,2533,97
3941.0,2533,97
3942.0,2533,97
3943.0,2533,97
3944.0,2533,97
3945.0,2533,97
3946.0,2533,97
3947.0,2533,97
3948.0,2533,97
3949.0,2533,97
3950.0,2533,97
3951.0,2533,97
3952.0,2532,97
3953.0,2532,97
3954.0,2532,97
3955.0,2532,97
3956.0,2532,97
3957.0,2532,97
3958.0,2532,97
3959.0,2532,97
3960.0,2532,97
3961.0,2532,97
3962.0,2532,97
3963.0,2532,97
3964.0,2532,97
3965.0,2532,97
3966.0,2532,97
3967.0,2532,97
3968.0,2532,97
3969.0,2532,97
3970.0,2532,97
3971.0,2532,97
3972.0,2532,97
3973.0,2532,97
3974.0,2532,97
3975.0,2532,97
3976.0,2532,97
3977.0,2532,97
3978.0,2532,97
3979.0,2532,97
3980.0,2532,97
3981.0,2532,97
3982.0,2532,97
3983.0,2532,97
3984.0,2532,97
3985.0,2532,97
3986.0,2532,97
3987.0,2532,97
3988.0,2532,97
3989.0,2532,97
3990.0,2532,97
3991.0,2532,97
3992.0,2532,97
3993.0,2532,97
3994.0,2532,97
3995.0,2532,97
3996.0,2532,97
3997.0,2532,97
3998.0,2532,97
3999.0,2532,97
4000.0,2532,97
4001.0,2532,97
4002.0,2532,97
4003.0,2532,97
4004.0,2532,97
4005.0,2532,97
4006.0,2532,97
4007.0,2532,97
4008.0,2532,97
4009.0,2532,97
4010.0,2532,97
4011.0,2532,97
4012.0,2532,97
4013.0,2532,97
4014.0,2532,97
4015.0,2532,97
4016.0,2532,97
4017.0,2532,97
4018.0,2532,97
4019.0,2532,97
4020.0,2532,97
4021.0,2532,97
4022.0,2532,97
4023.0,2532,97
4024.0,2532,97
4025.0,2532,97
4026.0,2532,97
4027.0,2532,97
4028.0,2531,97
4029.0,2531,97
4030.0,2531,97
4031.0,2531,97
4032.0,2531,97
4033.0,2531,97
4034.0,2531,97
4035.0,2530,97
4036.0,2530,97
4037.0,2530,97
4038.0,2530,97
4039.0,2530,97
4040.0,2530,97
4041.0,2530,97
4042.0,2530,97
4043.0,2530,97
4044.0,2530,97
4045.0,2530,97
4046.0,2530,97
4047.0,2530,97
4048.0,2530,97
4049.0,2530,97
4050.0,2530,97
4051.0,2530,97
4052.0,2530,97
4053.0,2530,97
4054.0,2530,97
4055.0,2530,97
4056.0,2530,97
4057.0,2530,97
4058.0,2530,97
4059.0,2530,97
4060.0,2530,97
4061.0,2530,97
4062.0,2530,97
4063.0,2530,97
4064.0,2530,97
4065.0,2529,97
4066.0,2529,97
4067.0,2529,97
4068.0,2529,97
4069.0,2529,97
4070.0,2529,97
4071.0,2529,97
4072.0,2529,97
4073.0,2529,97
4074.0,2529,97
4075.0,2529,97
4076.0,2529,97
4077.0,2529,97
4078.0,2529,97
4079.0,2528,97
4080.0,2528,97
4081.0,2528,97
4082.0,2528,97
4083.0,2528,97
4084.0,2528,97
4085.0,2528,97
4086.0,2528,97
4087.0,2528,97
4088.0,2528,97
4089.0,2528,97
4090.0,2528,97
4091.0,2528,97
4092.0,2528,97
4093.0,2528,97
4094.0,2528,97
4095.0,2528,97
4096.0,2528,97
4097.0,2528,97
4098.0,2528,97
4099.0,2528,97
4100.0,2528,97
4101.0,2528,97
4102.0,2528,97
4103.0,2528,97
4104.0,2528,97
4105.0,2528,97
4106.0,2528,97
4107.0,2528,97
4108.0,2528,97
4109.0,2528,97
4110.0,2528,97
4111.0,2528,97
4112.0,2528,97
4113.0,2528,97
4114.0,2528,97
4115.0,2528,97
4116.0,2528,97
4117.0,2528,97
4118.0,2528,97
4119.0,2528,97
4120.0,2528,97
4121.0,2528,97
4122.0,2528,97
4123.0,2528,97
4124.0,2528,97
4125.0,2528,97
4126.0,2528,97
4127.0,2528,97
4128.0,2528,97
4129.0,2528,97
4130.0,2528,97
4131.0,2528,97
4132.0,2528,97
4133.0,2528,97
4134.0,2528,97
4135.0,2528,97
4136.0,2528,97
4137.0,2528,97
4138.0,2528,97
4139.0,2528,97
4140.0,2528,97
4141.0,2528,97
4142.0,2528,97
4143.0,2528,97
4144.0,2528,97
4145.0,2528,97
4146.0,2528,97
4147.0,2528,97
4148.0,2528,97
4149.0,2528,97
4150.0,2528,97
4151.0,2528,97
4152.0,2528,97
4153.0,2528,97
4154.0,2528,97
4155.0,2528,97
4156.0,2528,97
4157.0,2528,97
4158.0,2528,97
4159.0,2528,97
4160.0,2528,97
4161.0,2528,97
4162.0,2528,97
4163.0,2528,97
4164.0,2528,97
4165.0,2528,97
4166.0,2528,97
4167.0,2528,97
4168.0,2528,97
4169.0,2528,97
4170.0,2528,97
4171.0,2528,97
4172.0,2528,97
4173.0,2528,97
4174.0,2528,97
4175.0,2528,97
4176.0,2528,97
4177.0,2528,97
4178.0,2528,97
4179.0,2528,97
4180.0,2528,97
4181.0,2528,97
4182.0,2528,97
4183.0,2528,97
4184.0,2528,97
4185.0,2528,97
4186.0,2528,97
4187.0,2528,97
4188.0,2528,97
4189.0,2528,97
4190.0,2528,97
4191.0,2528,97
4192.0,2528,97
4193.0,2528,97
4194.0,2528,97
4195.0,2528,97
4196.0,2528,97
4197.0,2528,97
4198.0,2528,97
4199.0,2528,97
4200.0,2528,97
4201.0,2528,97
4202.0,2528,97
4203.0,2528,97
4204.0,2528,97
4205.0,2528,97
4206.0,2528,97
4207.0,2528,97
4208.0,2528,97
4209.0,2528,97
4210.0,2528,97
4211.0,2528,97
4212.0,2528,97
4213.0,2528,97
4214.0,2528,97
4215.0,2528,97
4216.0,2528,97
4217.0,2528,97
4218.0,2528,97
4219.0,2528,97
4220.0,2528,97
4221.0,2528,97
4222.0,2528,97
4223.0,2528,97
4224.0,2528,97
4225.0,2528,97
4226.0,2528,97
4227.0,2528,97
4228.0,2528,97
4229.0,2528,97
4230.0,2528,97
4231.0,2528,97
4232.0,2528,97
4233.0,2528,97
4234.0,2528,97
4235.0,2528,97
4236.0,2528,97
4237.0,2528,97
4238.0,2528,97
4239.0,2528,97
4240.0,2528,97
4241.0,2528,97
4242.0,2528,97
4243.0,2528,97
4244.0,2528,97
4245.0,2528,97
4246.0,2528,97
4247.0,2528,97
4248.0,2528,97
4249.0,2528,97
4250.0,2528,97
4251.0,2528,97
4252.0,2528,97
4253.0,2528,97
4254.0,2528,97
4255.0,2528,97
4256.0,2528,97
4257.0,2528,97
4258.0,2528,97
4259.0,2528,97
4260.0,2528,97
4261.0,2528,97
4262.0,2528,97
4263.0,2528,97
4264.0,2528,97
4265.0,2528,97
4266.0,2528,97
4267.0,2528,97
4268.0,2528,97
4269.0,2528,97
4270.0,2528,97
4271.0,2528,97
4272.0,2528,97
4273.0,2528,97
4274.0,2528,97
4275.0,2528,97
4276.0,2528,97
4277.0,2528,97
4278.0,2528,97
4279.0,2528,97
4280.0,2528,97
4281.0,2528,97
4282.0,2528,97
4283.0,2528,97
4284.0,2528,97
4285.0,2528,97
4286.0,2528,97
4287.0,2528,97
4288.0,2528,97
4289.0,2528,97
4290.0,2528,97
4291.0,2528,97
4292.0,2528,97
4293.0,2528,97
4294.0,2528,97
4295.0,2528,97
4296.0,2528,97
4297.0,2528,97
4298.0,2528,97
4299.0,2528,97
4300.0,2528,97
4301.0,2528,97
4302.0,2528,97
4303.0,2528,97
4304.0,2528,97
4305.0,2528,97
4306.0,2528,97
4307.0,2528,97
4308.0,2528,97
4309.0,2528,97
4310.0,2528,97
4311.0,2528,97
4312.0,2528,97
4313.0,2528,97
4314.0,2528,97
4315.0,2528,97
4316.0,2528,97
4317.0,2528,97
4318.0,2528,97
4319.0,2528,97
4320.0,2528,97
4321.0,2528,97
4322.0,2528,97
4323.0,2528,97
4324.0,2528,97
4325.0,2528,97
4326.0,2528,97
4327.0,2528,97
4328.0,2528,97
4329.0,2528,97
4330.0,2528,97
4331.0,2528,97
4332.0,2528,97
4333.0,2528,97
4334.0,2528,97
4335.0,2528,97
4336.0,2528,97
4337.0,2528,97
4338.0,2528,97
4339.0,2528,97
4340.0,2528,97
4341.0,2528,97
4342.0,2528,97
4343.0,2528,97
4344.0,2528,97
4345.0,2528,97
4346.0,2528,97
4347.0,2528,97
4348.0,2528,97
4349.0,2528,97
4350.0,2528,97
4351.0,2528,97
4352.0,2528,97
4353.0,2528,97
4354.0,2528,97
4355.0,2528,97
4356.0,2528,97
4357.0,2528,97
4358.0,2528,97
4359.0,2528,97
4360.0,2528,97
4361.0,2528,97
4362.0,2528,97
4363.0,2528,97
4364.0,2528,97
4365.0,2528,97
4366.0,2528,97
4367.0,2528,97
4368.0,2528,97
4369.0,2528,97
4370.0,2528,97
4371.0,2528,97
4372.0,2528,97
4373.0,2528,97
4374.0,2528,97
4375.0,2528,97
4376.0,2528,97
4377.0,2528,97
4378.0,2528,97
4379.0,2528,97
4380.0,2528,97
4381.0,2528,97
4382.0,2528,97
4383.0,2528,97
4384.0,2528,97
4385.0,2528,97
4386.0,2528,97
4387.0,2528,97
4388.0,2528,97
4389.0,2528,97
4390.0,2528,97
4391.0,2528,97
4392.0,2528,97
4393.0,2528,97
4394.0,2528,97
4395.0,2528,97
4396.0,2528,97
4397.0,2528,97
4398.0,2528,97
4399.0,2528,97
4400.0,2528,97
4401.0,2528,97
4402.0,2528,97
4403.0,2528,97
4404.0,2528,97
4405.0,2528,97
4406.0,2528,97
4407.0,2528,97
4408.0,2528,97
4409.0,2528,97
4410.0,2528,97
4411.0,2528,97
4412.0,2528,97
4413.0,2528,97
4414.0,2528,97
4415.0,2528,97
4416.0,2528,97
4417.0,2528,97
4418.0,2528,97
4419.0,2528,97
4420.0,2528,97
4421.0,2528,97
4422.0,2528,97
4423.0,2528,97
4424.0,2528,97
4425.0,2528,97
4426.0,2528,97
4427.0,2528,97
4428.0,2528,97
4429.0,2528,97
4430.0,2528,97
4431.0,2528,97
4432.0,2528,97
4433.0,2528,97
4434.0,2528,97
4435.0,2528,97
4436.0,2528,97
4437.0,2528,97
4438.0,2528,97
4439.0,2528,97
4440.0,2528,97
4441.0,2528,97
4442.0,2528,97
4443.0,2528,97
4444.0,2528,97
4445.0,2528,97
4446.0,2528,97
4447.0,2528,97
4448.0,2528,97
4449.0,2528,97
4450.0,2528,97
4451.0,2528,97
4452.0,2528,97
4453.0,2528,97
4454.0,2528,97
4455.0,2528,97
4456.0,2528,97
4457.0,2528,97
4458.0,2528,97
4459.0,2528,97
4460.0,2528,97
4461.0,2528,97
4462.0,2528,97
4463.0,2528,97
4464.0,2528,97
4465.0,2528,97
4466.0,2528,97
4467.0,2528,97
4468.0,2528,97
4469.0,2528,97
4470.0,2528,97
4471.0,2528,97
4472.0,2528,97
4473.0,2528,97
4474.0,2528,97
4475.0,2528,97
4476.0,2528,97
4477.0,2528,97
4478.0,2528,97
4479.0,2528,97
4480.0,2528,97
4481.0,2528,97
4482.0,2528,97
4483.0,2528,97
4484.0,2528,97
4485.0,2528,97
4486.0,2528,97
4487.0,2528,97
4488.0,2528,97
4489.0,2528,97
4490.0,2528,97
4491.0,2528,97
4492.0,2528,97
4493.0,2528,97
4494.0,2528,97
4495.0,2528,97
4496.0,2528,97
4497.0,2528,97
4498.0,2528,97
4499.0,2528,97
4500.0,2528,97
4501.0,2528,97
4502.0,2528,97
4503.0,2528,97
4504.0,2528,97
4505.0,2528,97
4506.0,2528,97
4507.0,2528,97
4508.0,2528,97
4509.0,2528,97
4510.0,2528,97
4511.0,2528,97
4512.0,2528,97
4513.0,2528,97
4514.0,2528,97
4515.0,2528,97
4516.0,2528,97
4517.0,2528,97
4518.0,2528,97
4519.0,2528,97
4520.0,2528,97
4521.0,2528,97
4522.0,2528,97
4523.0,2528,97
4524.0,2528,97
4525.0,2528,97
4526.0,2528,97
4527.0,2528,97
4528.0,2528,97
4529.0,2528,97
4530.0,2528,97
4531.0,2528,97
4532.0,2528,97
4533.0,2528,97
4534.0,2528,97
4535.0,2528,97
4536.0,2528,97
4537.0,2528,97
4538.0,2528,97
4539.0,2528,97
4540.0,2528,97
4541.0,2528,97
4542.0,2528,97
4543.0,2528,97
4544.0,2528,97
4545.0,2528,97
4546.0,2528,97
4547.0,2528,97
4548.0,2528,97
4549.0,2528,97
4550.0,2528,97
4551.0,2528,97
4552.0,2528,97
4553.0,2528,97
4554.0,2528,97
4555.0,2528,97
4556.0,2528,97
4557.0,2528,97
4558.0,2528,97
4559.0,2528,97
4560.0,2528,97
4561.0,2528,97
4562.0,2528,97
4563.0,2528,97
4564.0,2528,97
4565.0,2528,97
4566.0,2528,97
4567.0,2528,97
4568.0,2528,97
4569.0,2528,97
4570.0,2528,97
4571.0,2528,97
4572.0,2528,97
4573.0,2528,97
4574.0,2528,97
4575.0,2528,97
4576.0,2528,97
4577.0,2528,97
4578.0,2528,97
4579.0,2528,97
4580.0,2528,97
4581.0,2528,97
4582.0,2528,97
4583.0,2528,97
4584.0,2528,97
4585.0,2528,97
4586.0,2528,97
4587.0,2528,97
4588.0,2528,97
4589.0,2528,97
4590.0,2528,97
4591.0,2528,97
4592.0,2528,97
4593.0,2528,97
4594.0,2528,97
4595.0,2528,97
4596.0,2528,97
4597.0,2528,97
4598.0,2528,97
4599.0,2528,97
4600.0,2528,97
4601.0,2528,97
4602.0,2528,97
4603.0,2528,97
4604.0,2528,97
4605.0,2528,97
4606.0,2528,97
4607.0,2528,97
4608.0,2528,97
4609.0,2528,97
4610.0,2528,97
4611.0,2528,97
4612.0,2528,97
4613.0,2528,97
4614.0,2528,97
4615.0,2528,97
4616.0,2528,97
4617.0,2528,97
4618.0,2528,97
4619.0,2528,97
4620.0,2528,97
4621.0,2528,97
4622.0,2528,97
4623.0,2528,97
4624.0,2528,97
4625.0,2528,97
4626.0,2528,97
4627.0,2528,97
4628.0,2528,97
4629.0,2528,97
4630.0,2528,97
4631.0,2528,97
4632.0,2528,97
4633.0,2528,97
4634.0,2528,97
4635.0,2528,97
4636.0,2528,97
4637.0,2528,97
4638.0,2528,97
4639.0,2528,97
4640.0,2528,97
4641.0,2528,97
4642.0,2528,97
4643.0,2528,97
4644.0,2528,97
4645.0,2528,97
4646.0,2528,97
4647.0,2528,97
4648.0,2528,97
4649.0,2528,97
4650.0,2528,97
4651.0,2528,97
4652.0,2528,97
4653.0,2528,97
4654.0,2528,97
4655.0,2528,97
4656.0,2528,97
4657.0,2528,97
4658.0,2528,97
4659.0,2528,97
4660.0,2528,97
4661.0,2528,97
4662.0,2528,97
4663.0,2528,97
4664.0,2528,97
4665.0,2528,97
4666.0,2528,98
4667.0,2528,98
4668.0,2528,98
4669.0,2528,98
4670.0,2528,98
4671.0,2528,98
4672.0,2528,98
4673.0,2528,98
4674.0,2528,98
4675.0,2528,98
4676.0,2528,98
4677.0,2528,98
4678.0,2528,97
4679.0,2528,97
4680.0,2528,97
4681.0,2528,97
4682.0,2528,97
4683.0,2528,97
4684.0,2528,97
4685.0,2528,97
4686.0,2528,97
4687.0,2528,97
4688.0,2528,97
4689.0,2528,97
4690.0,2528,97
4691.0,2528,97
4692.0,2528,97
4693.0,2528,97
4694.0,2528,97
4695.0,2528,97
4696.0,2528,97
4697.0,2528,97
4698.0,2528,97
4699.0,2528,97
4700.0,2528,97
4701.0,2528,97
4702.0,2528,97
4703.0,2528,97
4704.0,2528,97
4705.0,2528,97
4706.0,2528,97
4707.0,2528,97
4708.0,2528,97
4709.0,2528,97
4710.0,2528,97
4711.0,2528,97
4712.0,2528,97
4713.0,2528,97
4714.0,2528,97
4715.0,2528,97
4716.0,2528,97
4717.0,2528,97
4718.0,2528,97
4719.0,2528,97
4720.0,2528,97
4721.0,2528,97
4722.0,2528,97
4723.0,2528,97
4724.0,2528,97
4725.0,2528,97
4726.0,2528,97
4727.0,2528,97
4728.0,2528,97
4729.0,2528,97
4730.0,2528,97
4731.0,2528,97
4732.0,2528,97
4733.0,2528,97
4734.0,2528,97
4735.0,2528,97
4736.0,2528,97
4737.0,2528,97
4738.0,2528,97
4739.0,2528,97
4740.0,2528,97
4741.0,2528,97
4742.0,2528,97
4743.0,2528,97
4744.0,2528,97
4745.0,2528,97
4746.0,2528,97
4747.0,2528,97
4748.0,2528,97
4749.0,2528,97
4750.0,2528,97
4751.0,2528,97
4752.0,2528,97
4753.0,2528,97
4754.0,2528,97
4755.0,2528,97
4756.0,2528,97
4757.0,2528,97
4758.0,2528,97
4759.0,2528,97
4760.0,2528,97
4761.0,2528,97
4762.0,2528,97
4763.0,2528,97
4764.0,2528,97
4765.0,2528,97
4766.0,2528,97
4767.0,2528,97
4768.0,2528,97
4769.0,2528,97
4770.0,2528,97
4771.0,2528,97
4772.0,2528,97
4773.0,2528,97
4774.0,2528,97
4775.0,2528,97
4776.0,2528,97
4777.0,2528,97
4778.0,2528,97
4779.0,2528,97
4780.0,2528,97
4781.0,2528,97
4782.0,2528,97
4783.0,2528,97
4784.0,2528,97
4785.0,2528,97
4786.0,2528,97
4787.0,2528,97
4788.0,2528,97
4789.0,2528,97
4790.0,2528,97
4791.0,2528,97
4792.0,2528,97
4793.0,2528,97
4794.0,2528,97
4795.0,2528,97
4796.0,2528,97
4797.0,2528,97
4798.0,2528,97
4799.0,2528,97
4800.0,2528,97
4801.0,2528,97
4802.0,2528,97
4803.0,2528,97
4804.0,2528,97
4805.0,2528,97
4806.0,2528,97
4807.0,2528,97
4808.0,2528,97
4809.0,2528,97
4810.0,2528,97
4811.0,2528,97
4812.0,2528,97
4813.0,2528,97
4814.0,2528,97
4815.0,2528,97
4816.0,2528,97
4817.0,2528,97
4818.0,2528,97
4819.0,2528,97
4820.0,2528,97
4821.0,2528,97
4822.0,2528,97
4823.0,2528,97
4824.0,2528,97
4825.0,2528,97
4826.0,2528,97
4827.0,2528,97
4828.0,2528,97
4829.0,2528,97
4830.0,2528,97
4831.0,2528,97
4832.0,2528,97
4833.0,2528,97
4834.0,2528,97
4835.0,2528,97
4836.0,2528,97
4837.0,2528,97
4838.0,2528,97
4839.0,2528,97
4840.0,2528,97
4841.0,2528,97
4842.0,2528,97
4843.0,2528,97
4844.0,2528,97
4845.0,2528,97
4846.0,2528,97
4847.0,2528,97
4848.0,2528,97
4849.0,2528,97
4850.0,2528,97
4851.0,2528,97
4852.0,2528,97
4853.0,2528,97
4854.0,2528,97
4855.0,2528,97
4856.0,2528,97
4857.0,2528,97
4858.0,2528,97
4859.0,2528,97
4860.0,2528,97
4861.0,2528,97
4862.0,2528,97
4863.0,2528,97
4864.0,2528,97
4865.0,2528,97
4866.0,2528,97
4867.0,2528,97
4868.0,2528,97
4869.0,2528,97
4870.0,2528,97
4871.0,2528,97
4872.0,2528,97
4873.0,2528,97
4874.0,2528,97
4875.0,2528,97
4876.0,2528,97
4877.0,2528,97
4878.0,2528,97
4879.0,2528,97
4880.0,2528,97
4881.0,2528,97
4882.0,2528,97
4883.0,2528,97
4884.0,2528,97
4885.0,2528,97
4886.0,2528,97
4887.0,2528,97
4888.0,2528,97
4889.0,2528,97
4890.0,2528,97
4891.0,2528,97
4892.0,2528,97
4893.0,2528,97
4894.0,2528,97
4895.0,2528,97
4896.0,2528,97
4897.0,2528,97
4898.0,2528,97
4899.0,2528,97
4900.0,2528,97
4901.0,2528,97
4902.0,2528,97
4903.0,2528,97
4904.0,2528,97
4905.0,2528,97
4906.0,2528,97
4907.0,2528,97
4908.0,2528,97
4909.0,2528,97
4910.0,2528,97
4911.0,2528,97
4912.0,2528,97
4913.0,2528,97
4914.0,2528,97
4915.0,2528,97
4916.0,2528,97
4917.0,2528,97
4918.0,2528,97
4919.0,2528,97
4920.0,2528,97
4921.0,2528,97
4922.0,2528,97
4923.0,2528,97
4924.0,2528,97
4925.0,2528,97
4926.0,2528,97
4927.0,2528,97
4928.0,2528,97
4929.0,2528,97
4930.0,2528,97
4931.0,2528,97
4932.0,2528,97
4933.0,2528,97
4934.0,2528,97
4935.0,2528,97
4936.0,2528,97
4937.0,2528,97
4938.0,2528,97
4939.0,2528,97
4940.0,2528,97
4941.0,2528,97
4942.0,2528,97
4943.0,2528,97
4944.0,2528,97
4945.0,2528,97
4946.0,2528,97
4947.0,2528,97
4948.0,2528,97
4949.0,2528,97
4950.0,2528,97
4951.0,2528,97
4952.0,2528,97
4953.0,2528,97
4954.0,2528,97
4955.0,2528,97
4956.0,2528,97
4957.0,2528,97
4958.0,2528,97
4959.0,2528,97
4960.0,2528,97
4961.0,2528,97
4962.0,2528,97
4963.0,2528,97
4964.0,2528,97
4965.0,2528,97
4966.0,2528,97
4967.0,2528,97
4968.0,2528,97
4969.0,2528,97
4970.0,2528,97
4971.0,2528,97
4972.0,2528,97
4973.0,2528,97
4974.0,2528,97
4975.0,2528,97
4976.0,2528,97
4977.0,2528,97
4978.0,2528,97
4979.0,2528,97
4980.0,2528,97
4981.0,2528,97
4982.0,2528,97
4983.0,2528,97
4984.0,2528,97
4985.0,2528,97
4986.0,2528,97
4987.0,2528,97
4988.0,2528,97
4989.0,2528,97
4990.0,2528,97
4991.0,2528,97
4992.0,2528,97
4993.0,2528,97
4994.0,2528,97
4995.0,2528,97
4996.0,2528,97
4997.0,2528,97
4998.0,2528,97
4999.0,2528,97
5000.0,2528,97
5001.0,2528,97
5002.0,2528,97
5003.0,2528,97
5004.0,2528,97
5005.0,2528,97
5006.0,2528,97
5007.0,2528,97
5008.0,2528,97
5009.0,2528,97
5010.0,2528,97
5011.0,2528,97
5012.0,2528,97
5013.0,2528,97
5014.0,2528,97
5015.0,2528,97
5016.0,2528,97
5017.0,2528,97
5018.0,2528,97
5019.0,2528,97
5020.0,2528,97
5021.0,2528,97
5022.0,2528,97
5023.0,2528,97
5024.0,2528,97
5025.0,2528,97
5026.0,2528,97
5027.0,2528,97
5028.0,2528,97
5029.0,2528,97
5030.0,2528,97
5031.0,2528,97
5032.0,2528,97
5033.0,2528,97
5034.0,2528,97
5035.0,2528,97
5036.0,2528,97
5037.0,2528,97
5038.0,2528,97
5039.0,2528,97
5040.0,2528,97
5041.0,2528,97
5042.0,2528,97
5043.0,2528,97
5044.0,2528,97
5045.0,2528,97
5046.0,2528,97
5047.0,2528,97
5048.0,2528,97
5049.0,2528,97
5050.0,2528,97
5051.0,2528,97
5052.0,2528,97
5053.0,2528,97
5054.0,2528,97
5055.0,2528,97
5056.0,2528,97
5057.0,2528,97
5058.0,2528,97
5059.0,2528,97
5060.0,2528,97
5061.0,2528,97
5062.0,2528,97
5063.0,2528,97
5064.0,2528,97
5065.0,2528,97
5066.0,2528,97
5067.0,2528,97
5068.0,2528,97
5069.0,2528,97
5070.0,2528,97
5071.0,2528,97
5072.0,2528,97
5073.0,2528,97
5074.0,2528,97
5075.0,2528,97
5076.0,2528,97
5077.0,2528,97
5078.0,2528,97
5079.0,2528,97
5080.0,2528,97
5081.0,2528,97
5082.0,2528,97
5083.0,2528,97
5084.0,2528,97
5085.0,2528,97
5086.0,2528,97
5087.0,2528,97
5088.0,2528,97
5089.0,2528,97
5090.0,2528,97
5091.0,2528,97
5092.0,2528,97
5093.0,2528,97
5094.0,2528,97
5095.0,2528,97
5096.0,2528,97
5097.0,2528,97
5098.0,2528,97
5099.0,2528,97
5100.0,2528,97
5101.0,2528,97
5102.0,2528,97
5103.0,2528,97
5104.0,2528,97
5105.0,2528,97
5106.0,2528,97
5107.0,2528,97
5108.0,2528,97
5109.0,2528,97
5110.0,2528,97
5111.0,2528,97
5112.0,2528,97
5113.0,2528,97
5114.0,2528,97
5115.0,2528,97
5116.0,2528,97
5117.0,2528,97
5118.0,2528,97
5119.0,2528,97
5120.0,2528,97
5121.0,2528,97
5122.0,2528,97
5123.0,2528,97
5124.0,2528,97
5125.0,2528,97
5126.0,2528,97
5127.0,2528,97
5128.0,2528,97
5129.0,2528,97
5130.0,2528,97
5131.0,2528,97
5132.0,2528,97
5133.0,2528,97
5134.0,2528,97
5135.0,2528,97
5136.0,2528,97
5137.0,2528,97
5138.0,2528,97
5139.0,2528,97
5140.0,2528,97
5141.0,2528,97
5142.0,2528,97
5143.0,2528,97
5144.0,2528,97
5145.0,2528,97
5146.0,2528,97
5147.0,2528,97
5148.0,2528,97
5149.0,2528,97
5150.0,2528,97
5151.0,2528,97
5152.0,2528,97
5153.0,2528,97
5154.0,2528,97
5155.0,2528,97
5156.0,2528,97
5157.0,2528,97
5158.0,2528,97
5159.0,2528,97
5160.0,2528,97
5161.0,2528,97
5162.0,2528,97
5163.0,2528,97
5164.0,2528,97
5165.0,2528,97
5166.0,2528,97
5167.0,2528,97
5168.0,2528,97
5169.0,2528,97
5170.0,2528,97
5171.0,2528,97
5172.0,2528,97
5173.0,2528,97
5174.0,2528,97
5175.0,2528,97
5176.0,2528,97
5177.0,2528,97
5178.0,2528,97
5179.0,2528,97
5180.0,2528,97
5181.0,2528,97
5182.0,2528,97
5183.0,2528,97
5184.0,2528,97
5185.0,2528,97
5186.0,2528,97
5187.0,2528,97
5188.0,2528,97
5189.0,2528,97
5190.0,2528,97
5191.0,2528,97
5192.0,2528,97
5193.0,2528,97
5194.0,2528,97
5195.0,2528,97
5196.0,2528,97
5197.0,2528,97
5198.0,2528,97
5199.0,2528,97
5200.0,2528,97
5201.0,2528,97
5202.0,2528,97
5203.0,2528,97
5204.0,2528,97
5205.0,2528,97
5206.0,2528,97
5207.0,2528,97
5208.0,2528,97
5209.0,2528,97
5210.0,2528,97
5211.0,2528,97
5212.0,2528,97
5213.0,2528,97
5214.0,2528,97
5215.0,2528,97
5216.0,2528,97
5217.0,2528,97
5218.0,2528,97
5219.0,2528,97
5220.0,2528,97
5221.0,2528,97
5222.0,2528,97
5223.0,2528,97
5224.0,2528,97
5225.0,2528,97
5226.0,2528,97
5227.0,2528,97
5228.0,2528,97
5229.0,2528,97
5230.0,2528,97
5231.0,2528,97
5232.0,2528,97
5233.0,2528,97
5234.0,2528,97
5235.0,2528,97
5236.0,2528,97
5237.0,2528,97
5238.0,2528,97
5239.0,2528,97
5240.0,2528,97
5241.0,2528,97
5242.0,2528,97
5243.0,2528,97
5244.0,2528,97
5245.0,2528,97
5246.0,2528,97
5247.0,2528,97
5248.0,2528,97
5249.0,2528,97
5250.0,2528,97
5251.0,2528,97
5252.0,2528,97
5253.0,2528,97
5254.0,2528,97
5255.0,2528,97
5256.0,2528,97
5257.0,2528,97
5258.0,2528,97
5259.0,2528,97
5260.0,2528,97
5261.0,2528,97
5262.0,2528,97
5263.0,2528,97
5264.0,2528,97
5265.0,2528,97
5266.0,2528,97
5267.0,2528,97
5268.0,2528,97
5269.0,2528,97
5270.0,2528,97
5271.0,2528,97
5272.0,2528,97
5273.0,2528,97
5274.0,2528,97
5275.0,2528,97
5276.0,2528,97
5277.0,2528,97
5278.0,2528,97
5279.0,2528,97
5280.0,2528,97
5281.0,2528,97
5282.0,2528,97
5283.0,2528,97
5284.0,2528,97
5285.0,2528,97
5286.0,2528,97
5287.0,2528,97
5288.0,2528,97
5289.0,2528,97
5290.0,2528,97
5291.0,2528,97
5292.0,2528,97
5293.0,2528,97
5294.0,2528,97
5295.0,2528,97
5296.0,2528,97
5297.0,2528,97
5298.0,2528,97
5299.0,2528,98
5300.0,2528,98
5301.0,2528,98
5302.0,2528,98
5303.0,2528,97
5304.0,2528,97
5305.0,2528,97
5306.0,2528,97
5307.0,2528,97
5308.0,2528,97
5309.0,2528,97
5310.0,2528,97
5311.0,2528,97
5312.0,2528,97
5313.0,2528,97
5314.0,2528,97
5315.0,2528,97
5316.0,2528,97
5317.0,2528,97
5318.0,2528,97
5319.0,2528,97
5320.0,2528,97
5321.0,2528,97
5322.0,2528,97
5323.0,2528,97
5324.0,2528,97
5325.0,2528,97
5326.0,2528,97
5327.0,2528,97
5328.0,2528,97
5329.0,2528,97
5330.0,2528,97
5331.0,2528,97
5332.0,2528,97
5333.0,2528,97
5334.0,2528,97
5335.0,2528,97
5336.0,2528,97
5337.0,2528,97
5338.0,2528,97
5339.0,2528,97
5340.0,2528,97
5341.0,2528,97
5342.0,2528,97
5343.0,2528,97
5344.0,2528,97
5345.0,2528,97
5346.0,2528,97
5347.0,2528,97
5348.0,2528,97
5349.0,2528,97
5350.0,2528,97
5351.0,2528,97
5352.0,2528,97
5353.0,2528,97
5354.0,2528,97
5355.0,2528,97
5356.0,2528,97
5357.0,2528,97
5358.0,2528,97
5359.0,2528,97
5360.0,2528,97
5361.0,2528,97
5362.0,2528,97
5363.0,2528,97
5364.0,2528,97
5365.0,2528,97
5366.0,2528,97
5367.0,2528,97
5368.0,2528,97
5369.0,2528,97
5370.0,2528,97
5371.0,2528,97
5372.0,2528,97
5373.0,2528,97
5374.0,2528,97
5375.0,2528,97
5376.0,2528,97
5377.0,2528,97
5378.0,2528,97
5379.0,2528,97
5380.0,2528,97
5381.0,2528,97
5382.0,2528,97
5383.0,2528,97
5384.0,2528,97
5385.0,2528,97
5386.0,2528,97
5387.0,2528,97
5388.0,2528,97
5389.0,2528,97
5390.0,2528,97
5391.0,2528,97
5392.0,2528,97
5393.0,2528,97
5394.0,2528,97
5395.0,2528,97
5396.0,2528,97
5397.0,2528,97
5398.0,2528,97
5399.0,2528,97
5400.0,2528,97
5401.0,2528,97
5402.0,2528,97
5403.0,2528,97
5404.0,2528,97
5405.0,2528,97
5406.0,2528,97
5407.0,2528,97
5408.0,2528,97
5409.0,2528,97
5410.0,2528,97
5411.0,2528,97
5412.0,2528,97
5413.0,2528,97
5414.0,2528,97
5415.0,2528,97
5416.0,2528,97
5417.0,2528,97
5418.0,2528,97
5419.0,2528,97
5420.0,2528,97
5421.0,2528,97
5422.0,2528,97
5423.0,2528,97
5424.0,2528,97
5425.0,2528,97
5426.0,2528,97
5427.0,2528,97
5428.0,2528,97
5429.0,2528,97
5430.0,2528,97
5431.0,2528,97
5432.0,2528,97
5433.0,2528,97
5434.0,2528,97
5435.0,2528,97
5436.0,2528,97
5437.0,2528,97
5438.0,2528,97
5439.0,2528,97
5440.0,2528,97
5441.0,2528,97
5442.0,2528,97
5443.0,2528,97
5444.0,2528,97
5445.0,2528,97
5446.0,2528,97
5447.0,2528,97
5448.0,2528,97
5449.0,2528,97
5450.0,2528,97
5451.0,2528,97
5452.0,2528,97
5453.0,2528,97
5454.0,2528,97
5455.0,2528,97
5456.0,2528,97
5457.0,2528,97
5458.0,2528,97
5459.0,2528,97
5460.0,2528,97
5461.0,2528,97
5462.0,2528,97
5463.0,2528,97
5464.0,2528,97
5465.0,2528,97
5466.0,2528,97
5467.0,2528,97
5468.0,2528,97
5469.0,2528,97
5470.0,2528,97
5471.0,2528,97
5472.0,2528,97
5473.0,2528,97
5474.0,2528,97
5475.0,2528,97
5476.0,2528,97
5477.0,2528,97
5478.0,2528,97
5479.0,2528,97
5480.0,2528,97
5481.0,2528,97
5482.0,2528,97
5483.0,2528,97
5484.0,2528,97
5485.0,2528,97
5486.0,2528,97
5487.0,2528,97
5488.0,2528,97
5489.0,2528,97
5490.0,2528,97
5491.0,2528,97
5492.0,2528,97
5493.0,2528,97
5494.0,2528,97
5495.0,2528,97
5496.0,2528,97
5497.0,2528,97
5498.0,2528,97
5499.0,2528,97
5500.0,2528,97
5501.0,2528,97
5502.0,2528,97
5503.0,2528,97
5504.0,2528,97
5505.0,2528,97
5506.0,2528,97
5507.0,2528,97
5508.0,2528,97
5509.0,2528,97
5510.0,2528,97
5511.0,2528,97
5512.0,2528,97
5513.0,2528,97
5514.0,2528,97
5515.0,2528,97
5516.0,2528,97
5517.0,2528,97
5518.0,2528,97
5519.0,2528,97
5520.0,2528,97
5521.0,2528,97
5522.0,2528,97
5523.0,2528,97
5524.0,2528,97
5525.0,2528,97
5526.0,2528,97
5527.0,2528,97
5528.0,2528,97
5529.0,2528,97
5530.0,2528,97
5531.0,2528,97
5532.0,2528,97
5533.0,2528,97
5534.0,2528,97
5535.0,2528,97
5536.0,2528,97
5537.0,2528,97
5538.0,2528,97
5539.0,2528,97
5540.0,2528,97
5541.0,2528,97
5542.0,2528,97
5543.0,2528,97
5544.0,2528,97
5545.0,2528,97
5546.0,2528,97
5547.0,2528,97
5548.0,2528,97
5549.0,2528,97
5550.0,2528,97
5551.0,2528,97
5552.0,2528,97
5553.0,2528,97
5554.0,2528,97
5555.0,2528,97
5556.0,2528,97
5557.0,2528,97
5558.0,2528,97
5559.0,2528,97
5560.0,2528,97
5561.0,2528,97
5562.0,2528,97
5563.0,2528,97
5564.0,2528,97
5565.0,2528,97
5566.0,2528,97
5567.0,2528,97
5568.0,2528,97
5569.0,2528,97
5570.0,2528,97
5571.0,2528,97
5572.0,2528,97
5573.0,2528,97
5574.0,2528,97
5575.0,2528,97
5576.0,2528,97
5577.0,2528,97
5578.0,2528,97
5579.0,2528,97
5580.0,2528,97
5581.0,2528,97
5582.0,2528,97
5583.0,2528,97
5584.0,2528,97
5585.0,2528,97
5586.0,2528,97
5587.0,2528,97
5588.0,2528,97
5589.0,2528,97
5590.0,2528,97
5591.0,2528,97
5592.0,2528,97
5593.0,2528,97
5594.0,2528,97
5595.0,2528,97
5596.0,2528,97
5597.0,2528,97
5598.0,2528,97
5599.0,2528,97
5600.0,2528,97
5601.0,2528,97
5602.0,2528,97
5603.0,2528,97
5604.0,2528,97
5605.0,2528,97
5606.0,2528,97
5607.0,2528,97
5608.0,2528,97
5609.0,2528,97
5610.0,2528,97
5611.0,2528,97
5612.0,2528,97
5613.0,2528,97
5614.0,2528,97
5615.0,2528,97
5616.0,2528,97
5617.0,2528,97
5618.0,2528,97
5619.0,2528,97
5620.0,2528,97
5621.0,2528,97
5622.0,2528,97
5623.0,2528,97
5624.0,2528,97
5625.0,2528,97
5626.0,2528,97
5627.0,2528,97
5628.0,2528,97
5629.0,2528,97
5630.0,2528,97
5631.0,2528,97
5632.0,2528,97
5633.0,2528,97
5634.0,2528,97
5635.0,2528,97
5636.0,2528,97
5637.0,2528,97
5638.0,2528,97
5639.0,2528,97
5640.0,2528,97
5641.0,2528,97
5642.0,2528,97
5643.0,2528,97
5644.0,2528,97
5645.0,2528,97
5646.0,2528,97
5647.0,2528,97
5648.0,2528,97
5649.0,2528,97
5650.0,2528,97
5651.0,2528,97
5652.0,2528,97
5653.0,2528,97
5654.0,2528,97
5655.0,2528,97
5656.0,2528,97
5657.0,2528,97
5658.0,2528,97
5659.0,2528,97
5660.0,2528,97
5661.0,2528,97
5662.0,2528,97
5663.0,2528,97
5664.0,2528,97
5665.0,2528,97
5666.0,2528,97
5667.0,2528,97
5668.0,2528,97
5669.0,2528,97
5670.0,2528,97
5671.0,2528,97
5672.0,2528,97
5673.0,2528,97
5674.0,2528,97
5675.0,2528,97
5676.0,2528,97
5677.0,2528,97
5678.0,2528,97
5679.0,2528,97
5680.0,2528,97
5681.0,2528,97
5682.0,2528,97
5683.0,2528,97
5684.0,2528,97
5685.0,2528,97
5686.0,2528,97
5687.0,2528,97
5688.0,2528,97
5689.0,2528,97
5690.0,2528,97
5691.0,2528,97
5692.0,2528,97
5693.0,2528,97
5694.0,2528,97
5695.0,2528,97
5696.0,2528,97
5697.0,2528,97
5698.0,2528,97
5699.0,2528,97
5700.0,2528,97
5701.0,2528,97
5702.0,2528,97
5703.0,2528,98
5704.0,2528,98
5705.0,2528,98
5706.0,2528,98
5707.0,2528,98
5708.0,2528,98
5709.0,2528,98
5710.0,2528,98
5711.0,2528,98
5712.0,2528,98
5713.0,2528,97
5714.0,2528,97
5715.0,2528,97
5716.0,2528,97
5717.0,2528,97
5718.0,2528,97
5719.0,2528,97
5720.0,2528,97
5721.0,2528,97
5722.0,2528,97
5723.0,2528,97
5724.0,2528,97
5725.0,2528,97
5726.0,2528,97
5727.0,2528,97
5728.0,2528,97
5729.0,2528,97
5730.0,2528,97
5731.0,2528,97
5732.0,2528,97
5733.0,2528,97
5734.0,2528,97
5735.0,2528,97
5736.0,2528,97
5737.0,2528,97
5738.0,2528,97
5739.0,2528,97
5740.0,2528,97
5741.0,2528,97
5742.0,2528,97
5743.0,2528,97
5744.0,2528,97
5745.0,2528,97
5746.0,2528,97
5747.0,2528,97
5748.0,2528,97
5749.0,2528,97
5750.0,2528,97
5751.0,2528,97
5752.0,2528,97
5753.0,2528,97
5754.0,2528,97
5755.0,2528,97
5756.0,2528,97
5757.0,2528,97
5758.0,2528,97
5759.0,2528,97
5760.0,2528,97
5761.0,2528,97
5762.0,2528,97
5763.0,2528,97
5764.0,2528,97
5765.0,2528,97
5766.0,2528,97
5767.0,2528,97
5768.0,2528,97
5769.0,2528,97
5770.0,2528,97
5771.0,2528,97
5772.0,2528,97
5773.0,2528,97
5774.0,2528,97
5775.0,2528,97
5776.0,2528,97
5777.0,2528,97
5778.0,2528,97
5779.0,2528,97
5780.0,2528,97
5781.0,2528,97
5782.0,2528,97
5783.0,2528,97
5784.0,2528,97
5785.0,2528,97
5786.0,2528,97
5787.0,2528,97
5788.0,2528,97
5789.0,2528,97
5790.0,2528,97
5791.0,2528,97
5792.0,2528,97
5793.0,2528,97
5794.0,2528,97
5795.0,2528,97
5796.0,2528,97
5797.0,2528,97
5798.0,2528,97
5799.0,2528,97
5800.0,2528,97
5801.0,2528,97
5802.0,2528,97
5803.0,2528,97
5804.0,2528,97
5805.0,2528,97
5806.0,2528,97
5807.0,2528,97
5808.0,2528,97
5809.0,2528,97
5810.0,2528,97
5811.0,2528,97
5812.0,2528,97
5813.0,2528,97
5814.0,2528,97
5815.0,2528,97
5816.0,2528,97
5817.0,2528,97
5818.0,2528,97
5819.0,2528,97
5820.0,2528,97
5821.0,2528,97
5822.0,2528,97
5823.0,2528,97
5824.0,2528,97
5825.0,2528,97
5826.0,2528,97
5827.0,2528,97
5828.0,2528,97
5829.0,2528,97
5830.0,2528,97
5831.0,2528,97
5832.0,2528,97
5833.0,2528,97
5834.0,2528,97
5835.0,2528,97
5836.0,2528,97
5837.0,2528,97
5838.0,2528,97
5839.0,2528,97
5840.0,2528,97
5841.0,2528,97
5842.0,2528,97
5843.0,2528,97
5844.0,2528,97
5845.0,2528,97
5846.0,2528,97
5847.0,2528,97
5848.0,2528,97
5849.0,2528,97
5850.0,2528,97
5851.0,2528,97
5852.0,2528,97
5853.0,2528,97
5854.0,2528,97
5855.0,2528,97
5856.0,2528,97
5857.0,2528,97
5858.0,2528,97
5859.0,2528,97
5860.0,2528,97
5861.0,2528,97
5862.0,2528,97
5863.0,2528,97
5864.0,2528,97
5865.0,2528,97
5866.0,2528,97
5867.0,2528,97
5868.0,2528,97
5869.0,2528,97
5870.0,2528,97
5871.0,2528,97
5872.0,2528,97
5873.0,2528,97
5874.0,2528,97
5875.0,2528,97
5876.0,2528,97
5877.0,2528,97
5878.0,2528,97
5879.0,2528,97
5880.0,2528,97
5881.0,2528,97
5882.0,2528,97
5883.0,2528,97
5884.0,2528,97
5885.0,2528,97
5886.0,2528,97
5887.0,2528,97
5888.0,2528,97
5889.0,2528,97
5890.0,2528,97
5891.0,2528,97
5892.0,2528,97
5893.0,2528,97
5894.0,2528,97
5895.0,2528,97
5896.0,2528,97
5897.0,2528,97
5898.0,2528,97
5899.0,2528,97
5900.0,2528,97
5901.0,2528,97
5902.0,2528,97
5903.0,2528,97
5904.0,2528,97
5905.0,2528,97
5906.0,2528,97
5907.0,2528,97
5908.0,2528,97
5909.0,2528,97
5910.0,2528,97
5911.0,2528,97
5912.0,2528,97
5913.0,2528,97
5914.0,2528,97
5915.0,2528,97
5916.0,2528,97
5917.0,2528,97
5918.0,2528,97
5919.0,2528,97
5920.0,2528,97
5921.0,2528,97
5922.0,2528,97
5923.0,2528,97
5924.0,2528,97
5925.0,2528,97
5926.0,2528,97
5927.0,2528,97
5928.0,2528,97
5929.0,2528,97
5930.0,2528,97
5931.0,2528,97
5932.0,2528,97
5933.0,2528,97
5934.0,2528,97
5935.0,2528,97
5936.0,2528,97
5937.0,2528,97
5938.0,2528,97
5939.0,2528,97
5940.0,2528,97
5941.0,2528,97
5942.0,2528,97
5943.0,2528,97
5944.0,2528,97
5945.0,2528,97
5946.0,2528,97
5947.0,2528,97
5948.0,2528,97
5949.0,2528,97
5950.0,2528,97
5951.0,2528,97
5952.0,2528,97
5953.0,2528,97
5954.0,2528,97
5955.0,2528,97
5956.0,2528,97
5957.0,2528,97
5958.0,2528,97
5959.0,2528,97
5960.0,2528,97
5961.0,2528,97
5962.0,2528,97
5963.0,2528,97
5964.0,2528,97
5965.0,2528,97
5966.0,2528,97
5967.0,2528,97
5968.0,2528,97
5969.0,2528,97
5970.0,2528,97
5971.0,2528,97
5972.0,2528,97
5973.0,2528,97
5974.0,2528,97
5975.0,2528,97
5976.0,2528,97
5977.0,2528,97
5978.0,2528,97
5979.0,2528,97
5980.0,2528,97
5981.0,2528,97
5982.0,2528,97
5983.0,2528,97
5984.0,2528,97
5985.0,2528,97
5986.0,2528,97
5987.0,2528,97
5988.0,2528,97
5989.0,2528,97
5990.0,2528,97
5991.0,2528,97
5992.0,2528,97
5993.0,2528,97
5994.0,2528,97
5995.0,2528,97
5996.0,2528,97
5997.0,2528,97
5998.0,2528,97
5999.0,2528,97
6000.0,2528,97
