"tick","Resource","Service"
1.0,1,0
2.0,2,0
3.0,2,0
4.0,3,0
5.0,6,0
6.0,6,0
7.0,6,0
8.0,9,0
9.0,9,0
10.0,9,0
11.0,10,0
12.0,10,0
13.0,11,0
14.0,11,0
15.0,11,0
16.0,11,0
17.0,11,0
18.0,11,0
19.0,12,0
20.0,12,0
21.0,12,0
22.0,13,0
23.0,13,0
24.0,13,0
25.0,13,0
26.0,13,0
27.0,13,0
28.0,13,0
29.0,13,0
30.0,13,0
31.0,13,0
32.0,13,0
33.0,13,0
34.0,13,0
35.0,14,0
36.0,14,0
37.0,14,0
38.0,15,0
39.0,15,0
40.0,16,0
41.0,17,0
42.0,19,0
43.0,19,0
44.0,19,0
45.0,19,0
46.0,19,0
47.0,20,0
48.0,21,0
49.0,22,0
50.0,22,0
51.0,24,0
52.0,24,0
53.0,25,0
54.0,25,0
55.0,25,0
56.0,25,0
57.0,29,0
58.0,29,0
59.0,30,0
60.0,30,0
61.0,31,0
62.0,31,0
63.0,31,0
64.0,32,0
65.0,33,0
66.0,33,0
67.0,34,0
68.0,36,0
69.0,36,0
70.0,37,0
71.0,37,0
72.0,38,0
73.0,38,0
74.0,38,0
75.0,37,0
76.0,37,0
77.0,39,0
78.0,43,0
79.0,46,0
80.0,46,0
81.0,45,0
82.0,46,0
83.0,46,0
84.0,46,0
85.0,49,0
86.0,49,0
87.0,49,0
88.0,50,0
89.0,50,0
90.0,52,0
91.0,52,0
92.0,52,0
93.0,53,0
94.0,53,0
95.0,53,0
96.0,54,0
97.0,55,0
98.0,56,0
99.0,57,0
100.0,58,0
101.0,61,0
102.0,61,0
103.0,61,0
104.0,61,0
105.0,61,0
106.0,59,0
107.0,60,0
108.0,61,0
109.0,61,0
110.0,61,0
111.0,61,0
112.0,62,0
113.0,61,0
114.0,61,0
115.0,61,0
116.0,61,0
117.0,60,0
118.0,60,0
119.0,61,0
120.0,62,0
121.0,62,0
122.0,64,0
123.0,62,0
124.0,62,0
125.0,62,0
126.0,62,0
127.0,62,0
128.0,62,0
129.0,62,0
130.0,62,0
131.0,62,0
132.0,62,0
133.0,62,0
134.0,63,0
135.0,64,0
136.0,64,0
137.0,66,0
138.0,68,0
139.0,69,0
140.0,69,0
141.0,69,0
142.0,69,0
143.0,70,0
144.0,70,0
145.0,70,0
146.0,70,0
147.0,72,0
148.0,72,0
149.0,72,0
150.0,72,0
151.0,73,0
152.0,73,0
153.0,74,0
154.0,75,0
155.0,76,0
156.0,79,0
157.0,80,0
158.0,80,0
159.0,80,0
160.0,79,0
161.0,79,0
162.0,80,0
163.0,83,0
164.0,84,0
165.0,87,0
166.0,89,0
167.0,88,0
168.0,88,0
169.0,88,0
170.0,89,0
171.0,89,0
172.0,89,0
173.0,88,0
174.0,90,0
175.0,91,0
176.0,91,0
177.0,91,0
178.0,92,0
179.0,92,0
180.0,91,0
181.0,91,0
182.0,91,0
183.0,94,0
184.0,96,0
185.0,97,0
186.0,100,0
187.0,96,0
188.0,95,0
189.0,98,0
190.0,98,0
191.0,101,0
192.0,101,0
193.0,102,0
194.0,102,0
195.0,104,0
196.0,104,0
197.0,106,0
198.0,109,0
199.0,112,0
200.0,113,0
201.0,113,0
202.0,116,0
203.0,116,0
204.0,116,0
205.0,120,0
206.0,119,0
207.0,119,0
208.0,119,0
209.0,123,0
210.0,126,0
211.0,128,0
212.0,130,0
213.0,130,0
214.0,133,0
215.0,135,0
216.0,135,0
217.0,137,0
218.0,139,0
219.0,141,0
220.0,141,0
221.0,141,0
222.0,141,1
223.0,141,1
224.0,141,1
225.0,142,1
226.0,143,1
227.0,144,1
228.0,147,1
229.0,147,1
230.0,151,1
231.0,153,1
232.0,153,1
233.0,153,1
234.0,153,1
235.0,156,1
236.0,156,1
237.0,156,1
238.0,156,1
239.0,156,1
240.0,159,1
241.0,161,1
242.0,162,1
243.0,166,1
244.0,167,1
245.0,170,1
246.0,170,1
247.0,172,1
248.0,172,1
249.0,172,1
250.0,176,1
251.0,174,1
252.0,176,1
253.0,176,1
254.0,177,1
255.0,177,1
256.0,179,1
257.0,180,1
258.0,181,1
259.0,182,1
260.0,183,1
261.0,186,1
262.0,189,1
263.0,191,1
264.0,195,1
265.0,198,1
266.0,200,1
267.0,202,1
268.0,203,1
269.0,204,1
270.0,205,1
271.0,208,1
272.0,209,1
273.0,210,1
274.0,212,1
275.0,212,1
276.0,214,1
277.0,216,1
278.0,219,1
279.0,218,1
280.0,221,1
281.0,222,1
282.0,224,1
283.0,226,1
284.0,229,1
285.0,233,1
286.0,232,1
287.0,233,1
288.0,231,1
289.0,231,1
290.0,231,1
291.0,232,1
292.0,231,1
293.0,234,1
294.0,235,1
295.0,237,1
296.0,237,1
297.0,237,1
298.0,239,1
299.0,241,1
300.0,243,1
301.0,245,1
302.0,249,1
303.0,249,1
304.0,246,1
305.0,246,1
306.0,250,1
307.0,250,1
308.0,249,1
309.0,252,1
310.0,253,1
311.0,254,1
312.0,254,1
313.0,255,1
314.0,255,1
315.0,255,1
316.0,255,1
317.0,256,1
318.0,255,1
319.0,257,1
320.0,257,1
321.0,259,1
322.0,260,1
323.0,260,1
324.0,262,1
325.0,264,1
326.0,264,1
327.0,266,1
328.0,267,1
329.0,269,1
330.0,269,1
331.0,273,1
332.0,272,1
333.0,272,1
334.0,273,1
335.0,277,1
336.0,276,1
337.0,271,1
338.0,272,1
339.0,273,1
340.0,274,1
341.0,274,1
342.0,274,1
343.0,274,1
344.0,274,1
345.0,275,1
346.0,275,1
347.0,275,1
348.0,275,1
349.0,275,1
350.0,275,1
351.0,279,1
352.0,275,1
353.0,277,1
354.0,275,1
355.0,275,1
356.0,275,1
357.0,277,1
358.0,276,1
359.0,278,1
360.0,277,1
361.0,278,1
362.0,278,1
363.0,277,1
364.0,277,1
365.0,277,1
366.0,278,1
367.0,279,1
368.0,279,1
369.0,280,1
370.0,283,1
371.0,285,1
372.0,285,1
373.0,285,1
374.0,285,1
375.0,287,1
376.0,287,1
377.0,289,1
378.0,292,1
379.0,291,1
380.0,291,1
381.0,294,1
382.0,292,1
383.0,292,1
384.0,295,1
385.0,293,1
386.0,296,1
387.0,294,1
388.0,294,1
389.0,294,1
390.0,295,1
391.0,293,1
392.0,294,1
393.0,295,1
394.0,295,1
395.0,295,1
396.0,295,1
397.0,295,1
398.0,295,1
399.0,297,1
400.0,296,1
401.0,296,1
402.0,296,1
403.0,297,1
404.0,298,1
405.0,298,1
406.0,300,1
407.0,301,1
408.0,301,1
409.0,301,1
410.0,305,1
411.0,309,1
412.0,308,1
413.0,309,1
414.0,309,1
415.0,310,1
416.0,310,1
417.0,310,1
418.0,311,1
419.0,310,1
420.0,310,1
421.0,310,1
422.0,311,1
423.0,312,1
424.0,312,1
425.0,314,1
426.0,315,1
427.0,314,1
428.0,314,1
429.0,315,1
430.0,315,1
431.0,315,1
432.0,315,1
433.0,315,1
434.0,316,1
435.0,318,1
436.0,316,1
437.0,316,1
438.0,319,1
439.0,318,1
440.0,319,1
441.0,316,1
442.0,319,1
443.0,321,1
444.0,322,1
445.0,323,1
446.0,324,1
447.0,325,1
448.0,326,1
449.0,327,1
450.0,327,1
451.0,328,1
452.0,328,1
453.0,329,1
454.0,329,1
455.0,332,1
456.0,330,1
457.0,331,1
458.0,333,1
459.0,331,1
460.0,332,1
461.0,336,1
462.0,331,1
463.0,332,1
464.0,334,1
465.0,336,1
466.0,338,1
467.0,338,1
468.0,339,1
469.0,340,1
470.0,342,1
471.0,342,1
472.0,342,1
473.0,342,1
474.0,345,1
475.0,349,1
476.0,349,1
477.0,352,1
478.0,354,1
479.0,356,1
480.0,357,1
481.0,359,1
482.0,359,1
483.0,360,1
484.0,360,1
485.0,360,1
486.0,360,1
487.0,363,1
488.0,366,1
489.0,365,1
490.0,365,1
491.0,366,1
492.0,364,1
493.0,364,1
494.0,367,1
495.0,367,1
496.0,368,1
497.0,369,1
498.0,369,1
499.0,373,1
500.0,374,1
501.0,375,1
502.0,375,1
503.0,377,1
504.0,378,1
505.0,382,1
506.0,381,1
507.0,383,1
508.0,383,1
509.0,385,1
510.0,385,1
511.0,388,1
512.0,388,1
513.0,392,1
514.0,394,1
515.0,393,1
516.0,394,1
517.0,395,1
518.0,396,1
519.0,397,1
520.0,397,1
521.0,397,1
522.0,397,1
523.0,397,1
524.0,401,1
525.0,404,1
526.0,408,1
527.0,409,1
528.0,411,1
529.0,412,1
530.0,415,1
531.0,419,1
532.0,422,1
533.0,424,1
534.0,426,1
535.0,429,1
536.0,432,1
537.0,435,1
538.0,436,1
539.0,436,1
540.0,436,1
541.0,438,1
542.0,442,1
543.0,445,1
544.0,446,1
545.0,445,1
546.0,445,1
547.0,447,1
548.0,447,1
549.0,447,1
550.0,449,1
551.0,450,1
552.0,451,1
553.0,455,1
554.0,455,1
555.0,456,1
556.0,459,1
557.0,458,1
558.0,460,1
559.0,459,1
560.0,461,1
561.0,461,1
562.0,463,1
563.0,466,1
564.0,467,1
565.0,467,1
566.0,471,1
567.0,470,1
568.0,468,1
569.0,469,1
570.0,471,1
571.0,473,1
572.0,473,1
573.0,474,1
574.0,475,1
575.0,477,1
576.0,479,1
577.0,481,1
578.0,483,1
579.0,484,1
580.0,486,1
581.0,486,1
582.0,488,1
583.0,488,1
584.0,488,1
585.0,491,1
586.0,494,1
587.0,494,1
588.0,498,1
589.0,500,1
590.0,502,1
591.0,504,1
592.0,506,1
593.0,507,1
594.0,511,1
595.0,512,1
596.0,512,1
597.0,513,1
598.0,513,1
599.0,516,1
600.0,520,1
601.0,520,1
602.0,521,1
603.0,524,1
604.0,526,1
605.0,530,1
606.0,533,1
607.0,535,1
608.0,539,1
609.0,539,1
610.0,539,1
611.0,540,1
612.0,540,1
613.0,542,1
614.0,545,1
615.0,545,1
616.0,549,1
617.0,545,1
618.0,549,1
619.0,550,1
620.0,552,1
621.0,550,1
622.0,551,1
623.0,551,1
624.0,551,1
625.0,551,1
626.0,552,1
627.0,550,1
628.0,550,1
629.0,551,1
630.0,555,1
631.0,554,1
632.0,554,1
633.0,557,1
634.0,559,1
635.0,559,1
636.0,559,1
637.0,563,1
638.0,564,1
639.0,565,1
640.0,568,1
641.0,569,1
642.0,568,1
643.0,570,1
644.0,570,1
645.0,570,1
646.0,573,1
647.0,572,1
648.0,575,1
649.0,578,1
650.0,579,1
651.0,583,1
652.0,585,1
653.0,585,1
654.0,589,1
655.0,590,1
656.0,594,1
657.0,597,1
658.0,597,1
659.0,599,1
660.0,600,1
661.0,600,1
662.0,603,1
663.0,607,1
664.0,609,1
665.0,613,1
666.0,613,1
667.0,613,1
668.0,616,1
669.0,614,1
670.0,614,1
671.0,614,1
672.0,617,1
673.0,617,1
674.0,618,1
675.0,620,1
676.0,622,1
677.0,622,1
678.0,623,1
679.0,622,1
680.0,622,1
681.0,625,1
682.0,625,1
683.0,625,1
684.0,628,1
685.0,627,1
686.0,630,2
687.0,629,2
688.0,631,2
689.0,633,2
690.0,633,2
691.0,633,3
692.0,634,3
693.0,636,3
694.0,634,3
695.0,633,3
696.0,633,3
697.0,633,3
698.0,634,3
699.0,636,3
700.0,635,3
701.0,635,3
702.0,637,3
703.0,636,3
704.0,637,3
705.0,637,3
706.0,641,3
707.0,643,3
708.0,643,3
709.0,643,3
710.0,643,3
711.0,646,3
712.0,648,3
713.0,652,3
714.0,654,3
715.0,654,3
716.0,653,3
717.0,653,3
718.0,656,3
719.0,656,3
720.0,656,3
721.0,659,3
722.0,660,3
723.0,662,3
724.0,665,3
725.0,666,3
726.0,666,3
727.0,666,3
728.0,666,3
729.0,666,3
730.0,669,3
731.0,671,3
732.0,671,3
733.0,675,3
734.0,678,3
735.0,679,3
736.0,680,3
737.0,682,3
738.0,683,3
739.0,683,3
740.0,687,3
741.0,688,3
742.0,689,3
743.0,688,3
744.0,690,3
745.0,693,3
746.0,696,3
747.0,698,3
748.0,698,3
749.0,699,3
750.0,701,3
751.0,703,3
752.0,701,3
753.0,703,3
754.0,705,3
755.0,707,3
756.0,709,3
757.0,711,3
758.0,713,3
759.0,712,3
760.0,714,3
761.0,715,3
762.0,715,3
763.0,717,4
764.0,718,4
765.0,720,4
766.0,719,4
767.0,721,4
768.0,719,4
769.0,719,4
770.0,722,4
771.0,726,4
772.0,727,4
773.0,726,4
774.0,728,4
775.0,732,4
776.0,732,4
777.0,735,4
778.0,737,4
779.0,741,4
780.0,742,4
781.0,743,4
782.0,743,4
783.0,744,4
784.0,746,4
785.0,746,4
786.0,746,4
787.0,747,4
788.0,750,4
789.0,753,4
790.0,753,4
791.0,753,4
792.0,756,4
793.0,757,4
794.0,757,4
795.0,759,4
796.0,762,4
797.0,763,4
798.0,765,4
799.0,767,4
800.0,768,4
801.0,771,4
802.0,772,4
803.0,772,4
804.0,773,4
805.0,773,4
806.0,774,4
807.0,776,4
808.0,779,4
809.0,781,4
810.0,783,4
811.0,784,4
812.0,785,4
813.0,786,4
814.0,787,4
815.0,790,4
816.0,791,4
817.0,793,4
818.0,794,4
819.0,793,4
820.0,794,4
821.0,798,4
822.0,798,4
823.0,800,4
824.0,802,4
825.0,801,4
826.0,801,4
827.0,802,4
828.0,803,4
829.0,804,4
830.0,805,4
831.0,806,4
832.0,809,4
833.0,810,4
834.0,810,4
835.0,810,4
836.0,811,4
837.0,811,4
838.0,809,4
839.0,811,4
840.0,810,4
841.0,810,4
842.0,810,4
843.0,810,4
844.0,811,4
845.0,812,4
846.0,813,4
847.0,814,4
848.0,817,4
849.0,818,4
850.0,817,4
851.0,818,4
852.0,819,4
853.0,818,4
854.0,821,4
855.0,821,4
856.0,824,4
857.0,825,4
858.0,828,4
859.0,828,4
860.0,830,4
861.0,830,4
862.0,830,4
863.0,833,4
864.0,835,4
865.0,836,4
866.0,838,4
867.0,837,4
868.0,839,4
869.0,841,4
870.0,840,4
871.0,843,4
872.0,845,5
873.0,846,5
874.0,850,5
875.0,854,5
876.0,857,5
877.0,860,5
878.0,861,5
879.0,861,5
880.0,862,5
881.0,863,5
882.0,866,5
883.0,867,5
884.0,869,5
885.0,871,5
886.0,871,5
887.0,874,5
888.0,878,5
889.0,880,5
890.0,880,5
891.0,883,5
892.0,885,5
893.0,885,5
894.0,886,5
895.0,889,5
896.0,891,5
897.0,889,5
898.0,889,5
899.0,890,5
900.0,891,5
901.0,892,5
902.0,892,5
903.0,894,5
904.0,898,5
905.0,900,5
906.0,902,5
907.0,904,5
908.0,908,5
909.0,911,5
910.0,912,5
911.0,914,5
912.0,918,5
913.0,920,5
914.0,919,5
915.0,920,5
916.0,921,5
917.0,921,5
918.0,923,5
919.0,923,5
920.0,926,5
921.0,927,5
922.0,930,5
923.0,931,5
924.0,935,5
925.0,938,5
926.0,941,5
927.0,945,5
928.0,944,5
929.0,946,5
930.0,950,5
931.0,948,5
932.0,951,5
933.0,954,5
934.0,955,5
935.0,957,5
936.0,957,5
937.0,958,5
938.0,959,5
939.0,960,5
940.0,961,5
941.0,963,5
942.0,961,5
943.0,962,5
944.0,965,5
945.0,961,5
946.0,962,5
947.0,963,5
948.0,967,5
949.0,968,5
950.0,970,5
951.0,970,5
952.0,971,5
953.0,974,5
954.0,972,5
955.0,973,5
956.0,973,5
957.0,973,5
958.0,974,5
959.0,975,5
960.0,975,5
961.0,975,5
962.0,976,5
963.0,976,5
964.0,979,5
965.0,980,5
966.0,979,5
967.0,979,5
968.0,981,5
969.0,982,5
970.0,983,5
971.0,983,5
972.0,983,5
973.0,986,5
974.0,987,5
975.0,988,5
976.0,988,5
977.0,989,5
978.0,992,5
979.0,995,5
980.0,996,5
981.0,996,5
982.0,997,5
983.0,1000,5
984.0,999,5
985.0,1000,5
986.0,1000,5
987.0,1003,5
988.0,1002,5
989.0,1005,5
990.0,1004,5
991.0,1004,5
992.0,1005,5
993.0,1007,5
994.0,1008,5
995.0,1009,5
996.0,1010,5
997.0,1010,5
998.0,1012,5
999.0,1016,5
1000.0,1017,5
1001.0,1019,6
1002.0,1021,6
1003.0,1021,6
1004.0,1022,6
1005.0,1026,6
1006.0,1027,6
1007.0,1028,6
1008.0,1031,6
1009.0,1031,6
1010.0,1032,6
1011.0,1036,6
1012.0,1037,6
1013.0,1038,6
1014.0,1041,6
1015.0,1042,6
1016.0,1043,6
1017.0,1043,7
1018.0,1044,7
1019.0,1044,7
1020.0,1045,7
1021.0,1046,7
1022.0,1047,7
1023.0,1050,8
1024.0,1053,8
1025.0,1055,8
1026.0,1055,8
1027.0,1056,8
1028.0,1057,8
1029.0,1060,8
1030.0,1061,8
1031.0,1062,8
1032.0,1063,8
1033.0,1066,8
1034.0,1067,8
1035.0,1069,8
1036.0,1071,8
1037.0,1071,9
1038.0,1072,9
1039.0,1072,9
1040.0,1076,10
1041.0,1079,10
1042.0,1083,10
1043.0,1086,10
1044.0,1086,10
1045.0,1088,10
1046.0,1090,10
1047.0,1090,10
1048.0,1092,10
1049.0,1092,10
1050.0,1093,10
1051.0,1097,10
1052.0,1097,10
1053.0,1100,10
1054.0,1099,10
1055.0,1099,10
1056.0,1102,10
1057.0,1103,10
1058.0,1106,10
1059.0,1106,10
1060.0,1108,10
1061.0,1108,10
1062.0,1111,10
1063.0,1112,10
1064.0,1112,10
1065.0,1112,10
1066.0,1112,10
1067.0,1113,10
1068.0,1115,10
1069.0,1117,10
1070.0,1116,10
1071.0,1116,10
1072.0,1116,10
1073.0,1117,10
1074.0,1117,10
1075.0,1118,10
1076.0,1118,10
1077.0,1118,10
1078.0,1122,10
1079.0,1122,10
1080.0,1124,10
1081.0,1124,10
1082.0,1125,10
1083.0,1125,10
1084.0,1129,10
1085.0,1133,10
1086.0,1136,10
1087.0,1137,10
1088.0,1140,10
1089.0,1142,10
1090.0,1144,10
1091.0,1144,10
1092.0,1144,10
1093.0,1146,10
1094.0,1148,10
1095.0,1146,10
1096.0,1148,10
1097.0,1151,10
1098.0,1154,10
1099.0,1155,10
1100.0,1155,10
1101.0,1157,10
1102.0,1159,10
1103.0,1161,10
1104.0,1163,10
1105.0,1166,10
1106.0,1168,10
1107.0,1168,10
1108.0,1170,10
1109.0,1170,10
1110.0,1170,10
1111.0,1173,10
1112.0,1173,10
1113.0,1176,10
1114.0,1174,10
1115.0,1173,10
1116.0,1175,10
1117.0,1177,10
1118.0,1173,10
1119.0,1177,10
1120.0,1175,10
1121.0,1177,10
1122.0,1177,10
1123.0,1177,10
1124.0,1179,10
1125.0,1179,10
1126.0,1180,10
1127.0,1179,10
1128.0,1179,10
1129.0,1182,10
1130.0,1182,10
1131.0,1183,10
1132.0,1182,10
1133.0,1183,10
1134.0,1182,10
1135.0,1186,10
1136.0,1186,10
1137.0,1190,10
1138.0,1188,10
1139.0,1189,10
1140.0,1189,10
1141.0,1190,10
1142.0,1189,10
1143.0,1191,10
1144.0,1192,10
1145.0,1192,10
1146.0,1193,10
1147.0,1193,10
1148.0,1195,10
1149.0,1194,10
1150.0,1195,10
1151.0,1196,10
1152.0,1194,10
1153.0,1194,10
1154.0,1194,10
1155.0,1196,10
1156.0,1197,10
1157.0,1197,10
1158.0,1199,10
1159.0,1199,10
1160.0,1199,10
1161.0,1200,10
1162.0,1200,10
1163.0,1200,10
1164.0,1203,10
1165.0,1202,10
1166.0,1202,10
1167.0,1205,10
1168.0,1205,10
1169.0,1207,10
1170.0,1209,10
1171.0,1207,10
1172.0,1207,10
1173.0,1207,10
1174.0,1209,10
1175.0,1212,10
1176.0,1213,10
1177.0,1215,10
1178.0,1212,10
1179.0,1214,10
1180.0,1216,10
1181.0,1218,10
1182.0,1215,10
1183.0,1215,10
1184.0,1215,10
1185.0,1217,11
1186.0,1219,11
1187.0,1216,11
1188.0,1216,11
1189.0,1218,11
1190.0,1222,11
1191.0,1220,11
1192.0,1220,11
1193.0,1223,11
1194.0,1222,11
1195.0,1223,11
1196.0,1226,11
1197.0,1227,11
1198.0,1227,11
1199.0,1229,11
1200.0,1229,11
1201.0,1232,12
1202.0,1231,12
1203.0,1231,12
1204.0,1232,12
1205.0,1232,12
1206.0,1236,12
1207.0,1236,12
1208.0,1237,12
1209.0,1237,12
1210.0,1238,12
1211.0,1241,12
1212.0,1240,12
1213.0,1242,12
1214.0,1245,12
1215.0,1247,12
1216.0,1249,12
1217.0,1251,12
1218.0,1255,12
1219.0,1256,12
1220.0,1256,12
1221.0,1257,12
1222.0,1257,12
1223.0,1257,12
1224.0,1257,12
1225.0,1259,12
1226.0,1259,12
1227.0,1258,12
1228.0,1260,12
1229.0,1263,12
1230.0,1261,12
1231.0,1261,12
1232.0,1261,12
1233.0,1262,12
1234.0,1265,12
1235.0,1265,12
1236.0,1267,12
1237.0,1267,12
1238.0,1268,12
1239.0,1270,12
1240.0,1271,12
1241.0,1272,12
1242.0,1272,12
1243.0,1273,12
1244.0,1273,12
1245.0,1274,12
1246.0,1274,12
1247.0,1274,12
1248.0,1274,12
1249.0,1274,12
1250.0,1276,12
1251.0,1275,12
1252.0,1275,12
1253.0,1276,12
1254.0,1278,12
1255.0,1281,12
1256.0,1284,12
1257.0,1284,12
1258.0,1286,12
1259.0,1286,12
1260.0,1286,12
1261.0,1288,12
1262.0,1291,12
1263.0,1292,12
1264.0,1293,12
1265.0,1294,12
1266.0,1295,12
1267.0,1296,12
1268.0,1296,12
1269.0,1297,12
1270.0,1297,12
1271.0,1301,12
1272.0,1300,12
1273.0,1302,12
1274.0,1303,12
1275.0,1302,12
1276.0,1306,12
1277.0,1303,12
1278.0,1305,12
1279.0,1307,12
1280.0,1309,12
1281.0,1308,12
1282.0,1310,12
1283.0,1310,12
1284.0,1313,12
1285.0,1314,12
1286.0,1317,12
1287.0,1315,12
1288.0,1316,12
1289.0,1317,12
1290.0,1317,12
1291.0,1317,12
1292.0,1318,12
1293.0,1320,12
1294.0,1322,12
1295.0,1322,12
1296.0,1323,12
1297.0,1323,12
1298.0,1324,12
1299.0,1322,12
1300.0,1323,12
1301.0,1326,12
1302.0,1325,12
1303.0,1324,12
1304.0,1325,12
1305.0,1328,12
1306.0,1329,12
1307.0,1331,12
1308.0,1333,12
1309.0,1336,12
1310.0,1339,12
1311.0,1338,12
1312.0,1338,12
1313.0,1338,12
1314.0,1338,12
1315.0,1339,12
1316.0,1341,12
1317.0,1344,13
1318.0,1342,13
1319.0,1344,13
1320.0,1343,13
1321.0,1345,14
1322.0,1348,14
1323.0,1346,14
1324.0,1346,15
1325.0,1346,15
1326.0,1346,15
1327.0,1347,15
1328.0,1347,15
1329.0,1351,15
1330.0,1350,15
1331.0,1352,15
1332.0,1352,15
1333.0,1355,15
1334.0,1356,15
1335.0,1355,15
1336.0,1355,15
1337.0,1357,15
1338.0,1359,15
1339.0,1358,15
1340.0,1359,15
1341.0,1360,15
1342.0,1362,15
1343.0,1364,15
1344.0,1367,15
1345.0,1367,15
1346.0,1369,15
1347.0,1370,15
1348.0,1369,15
1349.0,1371,15
1350.0,1374,15
1351.0,1372,15
1352.0,1375,15
1353.0,1377,16
1354.0,1377,16
1355.0,1380,16
1356.0,1381,16
1357.0,1380,16
1358.0,1381,17
1359.0,1382,18
1360.0,1381,18
1361.0,1382,18
1362.0,1383,18
1363.0,1380,18
1364.0,1381,18
1365.0,1383,18
1366.0,1384,18
1367.0,1384,18
1368.0,1384,19
1369.0,1385,19
1370.0,1386,19
1371.0,1386,19
1372.0,1386,20
1373.0,1387,20
1374.0,1387,20
1375.0,1387,20
1376.0,1389,20
1377.0,1390,20
1378.0,1390,20
1379.0,1391,20
1380.0,1395,20
1381.0,1393,20
1382.0,1391,20
1383.0,1391,20
1384.0,1391,20
1385.0,1392,20
1386.0,1393,20
1387.0,1393,20
1388.0,1393,20
1389.0,1393,20
1390.0,1395,20
1391.0,1395,20
1392.0,1396,20
1393.0,1394,20
1394.0,1395,20
1395.0,1395,20
1396.0,1396,20
1397.0,1399,20
1398.0,1401,20
1399.0,1402,20
1400.0,1401,20
1401.0,1401,20
1402.0,1401,20
1403.0,1401,20
1404.0,1403,20
1405.0,1404,21
1406.0,1404,21
1407.0,1407,21
1408.0,1407,21
1409.0,1407,21
1410.0,1408,21
1411.0,1408,22
1412.0,1408,22
1413.0,1410,22
1414.0,1413,22
1415.0,1412,22
1416.0,1414,22
1417.0,1414,22
1418.0,1414,22
1419.0,1414,22
1420.0,1414,22
1421.0,1417,22
1422.0,1418,22
1423.0,1421,22
1424.0,1422,22
1425.0,1420,22
1426.0,1423,22
1427.0,1422,22
1428.0,1422,22
1429.0,1423,22
1430.0,1425,22
1431.0,1425,22
1432.0,1424,22
1433.0,1426,22
1434.0,1427,22
1435.0,1427,22
1436.0,1427,22
1437.0,1429,22
1438.0,1431,22
1439.0,1429,23
1440.0,1429,23
1441.0,1429,23
1442.0,1430,23
1443.0,1432,23
1444.0,1432,23
1445.0,1434,23
1446.0,1438,23
1447.0,1441,23
1448.0,1439,23
1449.0,1440,23
1450.0,1441,23
1451.0,1441,23
1452.0,1441,23
1453.0,1441,23
1454.0,1443,23
1455.0,1443,23
1456.0,1444,23
1457.0,1448,23
1458.0,1446,23
1459.0,1447,23
1460.0,1447,23
1461.0,1448,23
1462.0,1448,23
1463.0,1451,23
1464.0,1449,23
1465.0,1449,23
1466.0,1449,23
1467.0,1451,23
1468.0,1451,23
1469.0,1451,23
1470.0,1454,23
1471.0,1453,23
1472.0,1454,23
1473.0,1455,24
1474.0,1456,24
1475.0,1458,25
1476.0,1461,25
1477.0,1461,25
1478.0,1463,25
1479.0,1464,25
1480.0,1467,25
1481.0,1469,25
1482.0,1470,25
1483.0,1470,25
1484.0,1471,25
1485.0,1473,25
1486.0,1473,25
1487.0,1473,25
1488.0,1476,25
1489.0,1477,25
1490.0,1481,25
1491.0,1481,25
1492.0,1483,25
1493.0,1486,26
1494.0,1487,26
1495.0,1488,26
1496.0,1487,26
1497.0,1489,26
1498.0,1493,26
1499.0,1492,26
1500.0,1491,26
1501.0,1491,26
1502.0,1492,26
1503.0,1492,26
1504.0,1492,26
1505.0,1493,26
1506.0,1494,26
1507.0,1496,26
1508.0,1497,26
1509.0,1499,26
1510.0,1498,26
1511.0,1500,26
1512.0,1501,26
1513.0,1502,26
1514.0,1505,26
1515.0,1504,26
1516.0,1504,26
1517.0,1504,26
1518.0,1506,26
1519.0,1508,26
1520.0,1509,26
1521.0,1510,26
1522.0,1512,26
1523.0,1511,27
1524.0,1514,27
1525.0,1514,27
1526.0,1515,27
1527.0,1518,27
1528.0,1516,27
1529.0,1516,27
1530.0,1517,27
1531.0,1520,27
1532.0,1519,27
1533.0,1520,27
1534.0,1522,27
1535.0,1522,27
1536.0,1523,27
1537.0,1523,27
1538.0,1523,27
1539.0,1525,27
1540.0,1527,27
1541.0,1527,27
1542.0,1527,27
1543.0,1530,27
1544.0,1531,27
1545.0,1531,27
1546.0,1531,27
1547.0,1531,27
1548.0,1532,27
1549.0,1533,27
1550.0,1537,27
1551.0,1535,27
1552.0,1536,27
1553.0,1537,27
1554.0,1537,27
1555.0,1537,27
1556.0,1536,27
1557.0,1535,27
1558.0,1539,27
1559.0,1541,27
1560.0,1541,27
1561.0,1542,27
1562.0,1543,27
1563.0,1542,27
1564.0,1543,27
1565.0,1544,27
1566.0,1547,27
1567.0,1547,27
1568.0,1550,27
1569.0,1550,27
1570.0,1554,27
1571.0,1553,27
1572.0,1553,27
1573.0,1555,27
1574.0,1556,27
1575.0,1557,27
1576.0,1560,27
1577.0,1560,27
1578.0,1561,27
1579.0,1562,27
1580.0,1561,27
1581.0,1562,27
1582.0,1565,27
1583.0,1566,27
1584.0,1567,27
1585.0,1568,27
1586.0,1569,27
1587.0,1571,27
1588.0,1571,27
1589.0,1571,27
1590.0,1571,27
1591.0,1574,27
1592.0,1575,27
1593.0,1576,27
1594.0,1575,27
1595.0,1576,27
1596.0,1576,27
1597.0,1576,27
1598.0,1576,27
1599.0,1577,27
1600.0,1577,27
1601.0,1579,27
1602.0,1580,27
1603.0,1578,27
1604.0,1578,27
1605.0,1578,27
1606.0,1578,27
1607.0,1579,27
1608.0,1582,27
1609.0,1585,27
1610.0,1582,27
1611.0,1582,27
1612.0,1584,27
1613.0,1583,27
1614.0,1583,27
1615.0,1585,27
1616.0,1584,27
1617.0,1585,27
1618.0,1584,27
1619.0,1584,27
1620.0,1584,27
1621.0,1586,27
1622.0,1585,27
1623.0,1585,27
1624.0,1589,27
1625.0,1585,27
1626.0,1585,27
1627.0,1585,27
1628.0,1585,27
1629.0,1586,27
1630.0,1585,27
1631.0,1585,27
1632.0,1587,27
1633.0,1587,27
1634.0,1587,27
1635.0,1589,27
1636.0,1589,27
1637.0,1590,27
1638.0,1589,27
1639.0,1591,27
1640.0,1593,27
1641.0,1596,27
1642.0,1596,27
1643.0,1598,27
1644.0,1598,27
1645.0,1598,27
1646.0,1600,27
1647.0,1600,27
1648.0,1601,27
1649.0,1602,27
1650.0,1603,27
1651.0,1602,27
1652.0,1605,27
1653.0,1607,27
1654.0,1608,27
1655.0,1608,27
1656.0,1610,27
1657.0,1610,27
1658.0,1611,27
1659.0,1611,27
1660.0,1611,27
1661.0,1611,27
1662.0,1612,27
1663.0,1612,27
1664.0,1612,27
1665.0,1612,27
1666.0,1614,27
1667.0,1612,27
1668.0,1612,27
1669.0,1614,27
1670.0,1616,27
1671.0,1614,27
1672.0,1614,27
1673.0,1614,27
1674.0,1614,27
1675.0,1614,27
1676.0,1617,27
1677.0,1618,27
1678.0,1619,27
1679.0,1619,27
1680.0,1619,27
1681.0,1622,27
1682.0,1623,27
1683.0,1623,27
1684.0,1624,27
1685.0,1626,27
1686.0,1626,27
1687.0,1627,27
1688.0,1630,27
1689.0,1629,27
1690.0,1631,27
1691.0,1631,27
1692.0,1633,27
1693.0,1631,27
1694.0,1632,27
1695.0,1634,27
1696.0,1636,27
1697.0,1636,27
1698.0,1638,27
1699.0,1640,27
1700.0,1640,27
1701.0,1641,27
1702.0,1643,27
1703.0,1644,27
1704.0,1644,27
1705.0,1646,27
1706.0,1646,27
1707.0,1646,27
1708.0,1646,27
1709.0,1650,27
1710.0,1647,27
1711.0,1648,27
1712.0,1650,27
1713.0,1651,27
1714.0,1654,27
1715.0,1651,27
1716.0,1653,27
1717.0,1654,27
1718.0,1656,27
1719.0,1656,27
1720.0,1658,27
1721.0,1659,27
1722.0,1659,27
1723.0,1661,27
1724.0,1661,27
1725.0,1664,27
1726.0,1661,27
1727.0,1661,27
1728.0,1665,27
1729.0,1665,27
1730.0,1666,27
1731.0,1666,27
1732.0,1669,27
1733.0,1670,27
1734.0,1669,27
1735.0,1669,27
1736.0,1669,27
1737.0,1669,27
1738.0,1669,27
1739.0,1672,27
1740.0,1672,27
1741.0,1674,27
1742.0,1672,27
1743.0,1672,27
1744.0,1672,27
1745.0,1674,27
1746.0,1674,27
1747.0,1675,28
1748.0,1677,28
1749.0,1677,28
1750.0,1678,28
1751.0,1678,28
1752.0,1681,28
1753.0,1679,28
1754.0,1681,28
1755.0,1682,28
1756.0,1680,28
1757.0,1682,28
1758.0,1682,28
1759.0,1684,28
1760.0,1683,28
1761.0,1685,28
1762.0,1685,28
1763.0,1685,28
1764.0,1688,28
1765.0,1689,28
1766.0,1688,28
1767.0,1691,29
1768.0,1689,30
1769.0,1690,29
1770.0,1690,29
1771.0,1690,29
1772.0,1692,29
1773.0,1694,29
1774.0,1694,29
1775.0,1694,30
1776.0,1694,30
1777.0,1694,30
1778.0,1696,31
1779.0,1697,31
1780.0,1701,32
1781.0,1698,32
1782.0,1700,32
1783.0,1700,32
1784.0,1702,32
1785.0,1702,32
1786.0,1701,33
1787.0,1702,33
1788.0,1705,33
1789.0,1704,33
1790.0,1707,33
1791.0,1708,33
1792.0,1707,33
1793.0,1708,33
1794.0,1707,33
1795.0,1708,33
1796.0,1711,33
1797.0,1710,33
1798.0,1710,33
1799.0,1709,33
1800.0,1710,34
1801.0,1710,34
1802.0,1712,34
1803.0,1713,34
1804.0,1713,34
1805.0,1713,34
1806.0,1713,34
1807.0,1714,34
1808.0,1716,34
1809.0,1716,34
1810.0,1717,34
1811.0,1718,34
1812.0,1719,34
1813.0,1718,34
1814.0,1720,35
1815.0,1718,35
1816.0,1719,35
1817.0,1720,35
1818.0,1720,35
1819.0,1720,35
1820.0,1720,35
1821.0,1721,35
1822.0,1721,36
1823.0,1721,36
1824.0,1724,36
1825.0,1721,36
1826.0,1721,36
1827.0,1721,36
1828.0,1721,36
1829.0,1722,36
1830.0,1723,36
1831.0,1723,36
1832.0,1725,36
1833.0,1723,36
1834.0,1724,36
1835.0,1724,36
1836.0,1724,36
1837.0,1727,36
1838.0,1726,36
1839.0,1727,36
1840.0,1727,36
1841.0,1727,36
1842.0,1729,36
1843.0,1729,36
1844.0,1729,37
1845.0,1731,37
1846.0,1730,37
1847.0,1732,37
1848.0,1731,37
1849.0,1733,37
1850.0,1735,37
1851.0,1735,37
1852.0,1736,37
1853.0,1735,37
1854.0,1736,37
1855.0,1737,37
1856.0,1738,37
1857.0,1738,37
1858.0,1740,37
1859.0,1740,37
1860.0,1742,37
1861.0,1741,37
1862.0,1741,37
1863.0,1741,37
1864.0,1741,37
1865.0,1741,37
1866.0,1741,37
1867.0,1743,37
1868.0,1741,37
1869.0,1741,37
1870.0,1741,37
1871.0,1742,37
1872.0,1742,37
1873.0,1743,37
1874.0,1744,37
1875.0,1745,37
1876.0,1746,37
1877.0,1747,37
1878.0,1747,37
1879.0,1747,37
1880.0,1748,37
1881.0,1748,37
1882.0,1748,37
1883.0,1748,37
1884.0,1748,37
1885.0,1748,37
1886.0,1749,37
1887.0,1748,37
1888.0,1748,37
1889.0,1748,37
1890.0,1748,37
1891.0,1750,37
1892.0,1751,37
1893.0,1752,37
1894.0,1752,37
1895.0,1752,37
1896.0,1752,37
1897.0,1752,37
1898.0,1753,37
1899.0,1753,37
1900.0,1754,37
1901.0,1755,37
1902.0,1754,37
1903.0,1756,37
1904.0,1755,37
1905.0,1756,37
1906.0,1757,37
1907.0,1757,37
1908.0,1758,37
1909.0,1760,37
1910.0,1760,37
1911.0,1760,37
1912.0,1761,37
1913.0,1763,37
1914.0,1763,37
1915.0,1764,37
1916.0,1764,37
1917.0,1764,37
1918.0,1765,37
1919.0,1765,37
1920.0,1767,37
1921.0,1768,37
1922.0,1768,37
1923.0,1769,37
1924.0,1769,37
1925.0,1770,37
1926.0,1771,37
1927.0,1770,37
1928.0,1770,37
1929.0,1770,37
1930.0,1770,37
1931.0,1771,37
1932.0,1771,37
1933.0,1771,37
1934.0,1772,37
1935.0,1772,37
1936.0,1771,37
1937.0,1774,37
1938.0,1777,37
1939.0,1776,37
1940.0,1779,37
1941.0,1776,37
1942.0,1778,37
1943.0,1779,37
1944.0,1780,37
1945.0,1781,37
1946.0,1781,37
1947.0,1781,37
1948.0,1781,37
1949.0,1781,37
1950.0,1781,37
1951.0,1782,37
1952.0,1783,37
1953.0,1784,37
1954.0,1784,37
1955.0,1784,37
1956.0,1784,38
1957.0,1784,38
1958.0,1785,38
1959.0,1787,39
1960.0,1787,40
1961.0,1788,40
1962.0,1789,40
1963.0,1793,41
1964.0,1793,41
1965.0,1794,41
1966.0,1794,41
1967.0,1796,41
1968.0,1797,41
1969.0,1797,41
1970.0,1797,41
1971.0,1800,41
1972.0,1800,41
1973.0,1800,41
1974.0,1800,41
1975.0,1800,41
1976.0,1802,41
1977.0,1800,41
1978.0,1801,41
1979.0,1801,41
1980.0,1803,41
1981.0,1803,41
1982.0,1805,41
1983.0,1806,41
1984.0,1805,42
1985.0,1808,42
1986.0,1808,42
1987.0,1809,42
1988.0,1809,42
1989.0,1809,42
1990.0,1812,42
1991.0,1814,42
1992.0,1816,42
1993.0,1818,42
1994.0,1819,42
1995.0,1821,42
1996.0,1820,42
1997.0,1822,42
1998.0,1822,42
1999.0,1821,42
2000.0,1821,42
2001.0,1822,42
2002.0,1824,42
2003.0,1823,43
2004.0,1823,43
2005.0,1825,43
2006.0,1825,43
2007.0,1825,43
2008.0,1825,43
2009.0,1827,43
2010.0,1829,44
2011.0,1829,44
2012.0,1829,44
2013.0,1831,44
2014.0,1832,44
2015.0,1834,44
2016.0,1836,44
2017.0,1835,44
2018.0,1835,44
2019.0,1836,45
2020.0,1836,45
2021.0,1836,45
2022.0,1836,45
2023.0,1839,45
2024.0,1839,46
2025.0,1839,46
2026.0,1839,46
2027.0,1841,46
2028.0,1841,46
2029.0,1843,46
2030.0,1843,46
2031.0,1846,46
2032.0,1847,46
2033.0,1847,47
2034.0,1848,47
2035.0,1848,47
2036.0,1848,47
2037.0,1848,47
2038.0,1852,47
2039.0,1853,47
2040.0,1853,47
2041.0,1854,47
2042.0,1856,47
2043.0,1857,48
2044.0,1859,48
2045.0,1859,48
2046.0,1859,48
2047.0,1859,48
2048.0,1860,48
2049.0,1861,48
2050.0,1861,48
2051.0,1861,48
2052.0,1861,48
2053.0,1861,48
2054.0,1861,48
2055.0,1862,48
2056.0,1865,48
2057.0,1865,48
2058.0,1868,48
2059.0,1870,48
2060.0,1870,48
2061.0,1872,48
2062.0,1870,48
2063.0,1870,48
2064.0,1873,48
2065.0,1875,48
2066.0,1878,48
2067.0,1880,48
2068.0,1882,48
2069.0,1883,48
2070.0,1883,48
2071.0,1887,48
2072.0,1888,48
2073.0,1889,48
2074.0,1893,48
2075.0,1894,48
2076.0,1894,48
2077.0,1895,48
2078.0,1897,48
2079.0,1898,48
2080.0,1898,48
2081.0,1898,48
2082.0,1901,48
2083.0,1900,48
2084.0,1901,48
2085.0,1902,48
2086.0,1906,48
2087.0,1904,48
2088.0,1904,48
2089.0,1906,48
2090.0,1907,48
2091.0,1909,48
2092.0,1909,48
2093.0,1909,48
2094.0,1912,49
2095.0,1913,49
2096.0,1916,49
2097.0,1918,49
2098.0,1918,49
2099.0,1920,49
2100.0,1920,49
2101.0,1921,50
2102.0,1922,50
2103.0,1923,50
2104.0,1923,50
2105.0,1924,50
2106.0,1924,51
2107.0,1924,51
2108.0,1924,51
2109.0,1925,51
2110.0,1928,51
2111.0,1931,51
2112.0,1931,51
2113.0,1931,51
2114.0,1932,51
2115.0,1932,51
2116.0,1932,51
2117.0,1933,51
2118.0,1936,51
2119.0,1937,51
2120.0,1937,51
2121.0,1938,51
2122.0,1937,51
2123.0,1940,51
2124.0,1939,51
2125.0,1941,51
2126.0,1944,51
2127.0,1944,51
2128.0,1944,51
2129.0,1944,51
2130.0,1944,51
2131.0,1947,51
2132.0,1948,51
2133.0,1949,51
2134.0,1949,51
2135.0,1949,51
2136.0,1949,51
2137.0,1950,51
2138.0,1951,51
2139.0,1953,51
2140.0,1955,51
2141.0,1956,51
2142.0,1956,51
2143.0,1958,51
2144.0,1958,51
2145.0,1959,51
2146.0,1961,51
2147.0,1961,51
2148.0,1961,51
2149.0,1962,51
2150.0,1964,51
2151.0,1965,51
2152.0,1965,51
2153.0,1967,51
2154.0,1967,51
2155.0,1969,51
2156.0,1970,51
2157.0,1972,51
2158.0,1971,51
2159.0,1972,51
2160.0,1975,51
2161.0,1975,51
2162.0,1975,51
2163.0,1978,51
2164.0,1979,51
2165.0,1980,51
2166.0,1980,51
2167.0,1982,51
2168.0,1981,51
2169.0,1982,51
2170.0,1982,51
2171.0,1982,52
2172.0,1983,52
2173.0,1983,52
2174.0,1985,52
2175.0,1983,52
2176.0,1983,52
2177.0,1985,52
2178.0,1985,52
2179.0,1987,52
2180.0,1987,52
2181.0,1989,52
2182.0,1990,52
2183.0,1992,52
2184.0,1994,52
2185.0,1993,52
2186.0,1995,52
2187.0,1997,53
2188.0,1996,53
2189.0,1997,53
2190.0,1998,54
2191.0,1999,54
2192.0,2000,54
2193.0,2000,54
2194.0,2001,54
2195.0,2003,54
2196.0,2004,54
2197.0,2005,54
2198.0,2007,54
2199.0,2008,54
2200.0,2011,54
2201.0,2012,54
2202.0,2012,54
2203.0,2012,55
2204.0,2014,55
2205.0,2014,55
2206.0,2014,55
2207.0,2015,55
2208.0,2015,55
2209.0,2016,55
2210.0,2016,56
2211.0,2016,57
2212.0,2018,57
2213.0,2019,58
2214.0,2021,58
2215.0,2023,59
2216.0,2023,59
2217.0,2024,59
2218.0,2024,61
2219.0,2024,61
2220.0,2024,61
2221.0,2025,62
2222.0,2025,62
2223.0,2025,62
2224.0,2026,62
2225.0,2030,63
2226.0,2029,63
2227.0,2031,63
2228.0,2032,63
2229.0,2034,64
2230.0,2035,64
2231.0,2035,65
2232.0,2037,65
2233.0,2038,65
2234.0,2039,66
2235.0,2040,67
2236.0,2041,67
2237.0,2042,67
2238.0,2042,67
2239.0,2044,68
2240.0,2043,68
2241.0,2043,68
2242.0,2046,68
2243.0,2049,68
2244.0,2048,68
2245.0,2048,68
2246.0,2050,68
2247.0,2052,69
2248.0,2050,69
2249.0,2052,69
2250.0,2052,69
2251.0,2054,69
2252.0,2054,69
2253.0,2055,69
2254.0,2055,69
2255.0,2055,69
2256.0,2055,69
2257.0,2059,69
2258.0,2057,69
2259.0,2059,69
2260.0,2060,69
2261.0,2061,69
2262.0,2061,69
2263.0,2063,69
2264.0,2064,69
2265.0,2065,69
2266.0,2067,69
2267.0,2068,69
2268.0,2070,69
2269.0,2069,69
2270.0,2070,69
2271.0,2070,69
2272.0,2071,69
2273.0,2072,69
2274.0,2073,69
2275.0,2073,69
2276.0,2073,69
2277.0,2074,69
2278.0,2074,69
2279.0,2074,69
2280.0,2075,69
2281.0,2077,69
2282.0,2077,69
2283.0,2079,69
2284.0,2078,69
2285.0,2079,69
2286.0,2079,69
2287.0,2079,69
2288.0,2079,70
2289.0,2079,70
2290.0,2079,70
2291.0,2080,70
2292.0,2081,70
2293.0,2083,70
2294.0,2084,70
2295.0,2085,70
2296.0,2088,70
2297.0,2088,70
2298.0,2088,70
2299.0,2088,70
2300.0,2089,70
2301.0,2091,70
2302.0,2092,70
2303.0,2093,70
2304.0,2096,70
2305.0,2096,70
2306.0,2097,70
2307.0,2097,70
2308.0,2097,70
2309.0,2100,70
2310.0,2101,70
2311.0,2102,70
2312.0,2102,70
2313.0,2102,70
2314.0,2101,70
2315.0,2101,70
2316.0,2103,70
2317.0,2106,70
2318.0,2107,70
2319.0,2107,70
2320.0,2106,70
2321.0,2107,70
2322.0,2108,70
2323.0,2109,70
2324.0,2111,70
2325.0,2113,70
2326.0,2113,70
2327.0,2115,70
2328.0,2116,70
2329.0,2117,70
2330.0,2118,70
2331.0,2119,70
2332.0,2121,70
2333.0,2122,70
2334.0,2123,70
2335.0,2124,70
2336.0,2125,70
2337.0,2126,70
2338.0,2128,70
2339.0,2127,70
2340.0,2129,70
2341.0,2130,70
2342.0,2129,70
2343.0,2130,70
2344.0,2131,70
2345.0,2131,70
2346.0,2132,70
2347.0,2132,70
2348.0,2133,70
2349.0,2134,70
2350.0,2137,70
2351.0,2139,70
2352.0,2141,70
2353.0,2140,70
2354.0,2141,70
2355.0,2141,70
2356.0,2141,70
2357.0,2141,70
2358.0,2143,70
2359.0,2143,70
2360.0,2144,70
2361.0,2145,70
2362.0,2145,70
2363.0,2145,70
2364.0,2145,70
2365.0,2146,70
2366.0,2150,70
2367.0,2153,70
2368.0,2155,70
2369.0,2154,70
2370.0,2154,70
2371.0,2154,70
2372.0,2156,70
2373.0,2158,70
2374.0,2159,70
2375.0,2162,70
2376.0,2162,71
2377.0,2165,71
2378.0,2163,71
2379.0,2163,71
2380.0,2163,71
2381.0,2164,71
2382.0,2162,71
2383.0,2162,71
2384.0,2164,71
2385.0,2162,71
2386.0,2162,71
2387.0,2162,72
2388.0,2165,72
2389.0,2164,71
2390.0,2165,71
2391.0,2164,72
2392.0,2166,71
2393.0,2166,71
2394.0,2166,71
2395.0,2166,71
2396.0,2168,71
2397.0,2167,71
2398.0,2169,71
2399.0,2170,71
2400.0,2170,71
2401.0,2173,71
2402.0,2172,71
2403.0,2173,71
2404.0,2174,71
2405.0,2174,71
2406.0,2173,71
2407.0,2173,71
2408.0,2175,71
2409.0,2175,71
2410.0,2175,71
2411.0,2176,71
2412.0,2176,71
2413.0,2179,71
2414.0,2181,71
2415.0,2181,72
2416.0,2183,72
2417.0,2184,72
2418.0,2186,72
2419.0,2188,72
2420.0,2189,72
2421.0,2190,72
2422.0,2191,72
2423.0,2191,72
2424.0,2191,72
2425.0,2191,72
2426.0,2191,72
2427.0,2192,72
2428.0,2191,72
2429.0,2192,72
2430.0,2192,72
2431.0,2193,72
2432.0,2195,72
2433.0,2196,72
2434.0,2195,72
2435.0,2196,72
2436.0,2198,72
2437.0,2197,72
2438.0,2198,72
2439.0,2198,72
2440.0,2202,72
2441.0,2199,72
2442.0,2200,72
2443.0,2200,72
2444.0,2200,72
2445.0,2201,72
2446.0,2203,72
2447.0,2203,72
2448.0,2203,72
2449.0,2203,72
2450.0,2203,73
2451.0,2204,73
2452.0,2202,73
2453.0,2201,73
2454.0,2201,73
2455.0,2202,73
2456.0,2203,73
2457.0,2204,73
2458.0,2204,73
2459.0,2204,73
2460.0,2205,73
2461.0,2204,73
2462.0,2207,73
2463.0,2206,73
2464.0,2205,73
2465.0,2204,73
2466.0,2206,73
2467.0,2207,73
2468.0,2205,73
2469.0,2206,73
2470.0,2206,73
2471.0,2208,74
2472.0,2208,74
2473.0,2210,74
2474.0,2210,74
2475.0,2210,75
2476.0,2213,75
2477.0,2213,75
2478.0,2214,75
2479.0,2216,75
2480.0,2214,75
2481.0,2216,75
2482.0,2214,75
2483.0,2215,75
2484.0,2219,75
2485.0,2219,75
2486.0,2220,75
2487.0,2220,75
2488.0,2220,75
2489.0,2221,75
2490.0,2222,75
2491.0,2222,75
2492.0,2226,75
2493.0,2226,75
2494.0,2226,75
2495.0,2226,75
2496.0,2226,75
2497.0,2226,75
2498.0,2227,75
2499.0,2229,75
2500.0,2230,75
2501.0,2229,75
2502.0,2229,75
2503.0,2229,75
2504.0,2231,75
2505.0,2229,75
2506.0,2229,75
2507.0,2230,75
2508.0,2231,75
2509.0,2232,75
2510.0,2233,75
2511.0,2233,75
2512.0,2233,76
2513.0,2233,76
2514.0,2235,76
2515.0,2235,76
2516.0,2237,76
2517.0,2238,76
2518.0,2238,76
2519.0,2240,76
2520.0,2239,76
2521.0,2239,76
2522.0,2239,76
2523.0,2239,76
2524.0,2241,76
2525.0,2240,76
2526.0,2240,76
2527.0,2240,76
2528.0,2240,76
2529.0,2243,76
2530.0,2242,76
2531.0,2242,76
2532.0,2241,76
2533.0,2241,76
2534.0,2241,76
2535.0,2241,76
2536.0,2241,76
2537.0,2241,76
2538.0,2241,76
2539.0,2241,76
2540.0,2241,76
2541.0,2240,76
2542.0,2239,76
2543.0,2239,76
2544.0,2239,76
2545.0,2239,76
2546.0,2240,76
2547.0,2241,76
2548.0,2243,76
2549.0,2241,76
2550.0,2242,76
2551.0,2242,76
2552.0,2243,76
2553.0,2243,76
2554.0,2243,76
2555.0,2244,76
2556.0,2244,76
2557.0,2244,76
2558.0,2245,76
2559.0,2246,76
2560.0,2246,76
2561.0,2245,76
2562.0,2245,76
2563.0,2244,76
2564.0,2246,76
2565.0,2245,76
2566.0,2246,76
2567.0,2246,76
2568.0,2246,76
2569.0,2247,76
2570.0,2247,76
2571.0,2247,76
2572.0,2251,76
2573.0,2249,76
2574.0,2249,76
2575.0,2248,76
2576.0,2248,76
2577.0,2249,76
2578.0,2251,76
2579.0,2251,76
2580.0,2251,76
2581.0,2251,76
2582.0,2251,76
2583.0,2253,76
2584.0,2252,76
2585.0,2253,76
2586.0,2254,76
2587.0,2254,76
2588.0,2257,76
2589.0,2255,76
2590.0,2254,76
2591.0,2256,76
2592.0,2258,76
2593.0,2257,77
2594.0,2259,77
2595.0,2259,77
2596.0,2259,77
2597.0,2259,78
2598.0,2259,78
2599.0,2259,79
2600.0,2259,79
2601.0,2258,79
2602.0,2259,79
2603.0,2260,79
2604.0,2260,79
2605.0,2261,79
2606.0,2262,79
2607.0,2262,79
2608.0,2262,79
2609.0,2262,79
2610.0,2263,79
2611.0,2262,79
2612.0,2262,79
2613.0,2263,79
2614.0,2264,79
2615.0,2261,79
2616.0,2263,79
2617.0,2266,79
2618.0,2267,79
2619.0,2267,79
2620.0,2269,79
2621.0,2268,79
2622.0,2271,79
2623.0,2270,79
2624.0,2270,79
2625.0,2270,79
2626.0,2270,79
2627.0,2271,79
2628.0,2271,79
2629.0,2272,79
2630.0,2273,79
2631.0,2273,79
2632.0,2275,79
2633.0,2273,79
2634.0,2274,79
2635.0,2275,79
2636.0,2278,79
2637.0,2274,79
2638.0,2274,79
2639.0,2274,79
2640.0,2275,79
2641.0,2275,79
2642.0,2276,79
2643.0,2277,79
2644.0,2277,79
2645.0,2277,79
2646.0,2277,79
2647.0,2277,79
2648.0,2277,79
2649.0,2278,79
2650.0,2280,79
2651.0,2278,79
2652.0,2278,79
2653.0,2279,79
2654.0,2280,79
2655.0,2281,79
2656.0,2280,79
2657.0,2283,79
2658.0,2281,79
2659.0,2282,79
2660.0,2283,79
2661.0,2282,79
2662.0,2283,79
2663.0,2284,79
2664.0,2284,79
2665.0,2285,79
2666.0,2286,79
2667.0,2287,79
2668.0,2289,79
2669.0,2288,79
2670.0,2288,79
2671.0,2288,79
2672.0,2289,79
2673.0,2290,79
2674.0,2291,79
2675.0,2290,79
2676.0,2291,79
2677.0,2291,79
2678.0,2293,79
2679.0,2295,79
2680.0,2294,79
2681.0,2295,79
2682.0,2297,79
2683.0,2297,79
2684.0,2297,79
2685.0,2298,79
2686.0,2299,79
2687.0,2300,79
2688.0,2301,79
2689.0,2301,79
2690.0,2301,79
2691.0,2301,79
2692.0,2301,79
2693.0,2304,79
2694.0,2299,79
2695.0,2299,79
2696.0,2299,79
2697.0,2299,79
2698.0,2303,79
2699.0,2304,79
2700.0,2307,79
2701.0,2304,79
2702.0,2304,79
2703.0,2305,79
2704.0,2305,80
2705.0,2305,80
2706.0,2305,80
2707.0,2305,80
2708.0,2305,79
2709.0,2305,79
2710.0,2306,79
2711.0,2306,79
2712.0,2308,79
2713.0,2308,79
2714.0,2309,79
2715.0,2309,79
2716.0,2309,79
2717.0,2309,80
2718.0,2309,80
2719.0,2311,80
2720.0,2312,80
2721.0,2313,80
2722.0,2314,80
2723.0,2315,80
2724.0,2315,80
2725.0,2317,80
2726.0,2317,80
2727.0,2316,80
2728.0,2317,80
2729.0,2319,80
2730.0,2321,80
2731.0,2321,80
2732.0,2323,80
2733.0,2323,80
2734.0,2325,80
2735.0,2323,80
2736.0,2326,81
2737.0,2325,81
2738.0,2326,81
2739.0,2325,81
2740.0,2325,81
2741.0,2327,81
2742.0,2326,81
2743.0,2328,81
2744.0,2331,81
2745.0,2334,81
2746.0,2331,81
2747.0,2331,81
2748.0,2331,81
2749.0,2333,82
2750.0,2333,82
2751.0,2335,82
2752.0,2334,82
2753.0,2335,82
2754.0,2334,82
2755.0,2337,82
2756.0,2335,82
2757.0,2337,82
2758.0,2337,82
2759.0,2337,82
2760.0,2337,82
2761.0,2337,83
2762.0,2337,83
2763.0,2338,83
2764.0,2341,83
2765.0,2338,83
2766.0,2338,83
2767.0,2336,83
2768.0,2336,83
2769.0,2337,83
2770.0,2337,83
2771.0,2338,83
2772.0,2339,83
2773.0,2341,83
2774.0,2339,83
2775.0,2340,83
2776.0,2339,83
2777.0,2340,83
2778.0,2341,83
2779.0,2343,83
2780.0,2343,83
2781.0,2343,83
2782.0,2344,83
2783.0,2345,83
2784.0,2348,83
2785.0,2347,84
2786.0,2347,84
2787.0,2347,84
2788.0,2344,84
2789.0,2344,84
2790.0,2347,84
2791.0,2346,84
2792.0,2347,84
2793.0,2347,85
2794.0,2346,85
2795.0,2346,85
2796.0,2347,85
2797.0,2347,85
2798.0,2347,85
2799.0,2349,85
2800.0,2349,85
2801.0,2349,85
2802.0,2352,86
2803.0,2350,87
2804.0,2353,87
2805.0,2351,87
2806.0,2351,87
2807.0,2353,87
2808.0,2351,87
2809.0,2353,87
2810.0,2351,87
2811.0,2353,87
2812.0,2355,87
2813.0,2356,87
2814.0,2357,87
2815.0,2356,87
2816.0,2357,87
2817.0,2357,87
2818.0,2357,87
2819.0,2357,87
2820.0,2357,87
2821.0,2357,87
2822.0,2357,87
2823.0,2357,87
2824.0,2357,87
2825.0,2360,87
2826.0,2360,87
2827.0,2361,87
2828.0,2361,87
2829.0,2363,87
2830.0,2363,87
2831.0,2363,87
2832.0,2362,87
2833.0,2362,87
2834.0,2363,87
2835.0,2363,87
2836.0,2364,87
2837.0,2363,87
2838.0,2363,87
2839.0,2363,87
2840.0,2366,87
2841.0,2364,87
2842.0,2365,87
2843.0,2366,87
2844.0,2368,87
2845.0,2368,87
2846.0,2369,87
2847.0,2368,87
2848.0,2370,87
2849.0,2370,87
2850.0,2372,87
2851.0,2371,87
2852.0,2371,87
2853.0,2372,87
2854.0,2371,87
2855.0,2373,87
2856.0,2371,87
2857.0,2372,87
2858.0,2372,88
2859.0,2372,88
2860.0,2374,88
2861.0,2373,88
2862.0,2375,88
2863.0,2372,88
2864.0,2372,88
2865.0,2372,88
2866.0,2373,88
2867.0,2374,88
2868.0,2375,88
2869.0,2375,88
2870.0,2376,88
2871.0,2377,88
2872.0,2379,88
2873.0,2381,88
2874.0,2381,88
2875.0,2381,88
2876.0,2381,88
2877.0,2381,88
2878.0,2381,88
2879.0,2381,88
2880.0,2383,88
2881.0,2380,88
2882.0,2381,88
2883.0,2381,88
2884.0,2382,88
2885.0,2381,88
2886.0,2382,88
2887.0,2384,88
2888.0,2382,88
2889.0,2382,88
2890.0,2382,88
2891.0,2382,88
2892.0,2384,88
2893.0,2382,88
2894.0,2382,88
2895.0,2381,88
2896.0,2382,88
2897.0,2382,88
2898.0,2383,88
2899.0,2383,88
2900.0,2383,88
2901.0,2387,88
2902.0,2386,89
2903.0,2388,89
2904.0,2387,89
2905.0,2388,89
2906.0,2389,89
2907.0,2389,89
2908.0,2391,89
2909.0,2390,89
2910.0,2390,89
2911.0,2391,89
2912.0,2390,89
2913.0,2390,89
2914.0,2390,89
2915.0,2390,89
2916.0,2392,89
2917.0,2391,89
2918.0,2391,89
2919.0,2391,89
2920.0,2391,89
2921.0,2392,89
2922.0,2394,89
2923.0,2393,89
2924.0,2394,89
2925.0,2397,89
2926.0,2396,89
2927.0,2397,89
2928.0,2397,89
2929.0,2397,90
2930.0,2397,90
2931.0,2397,90
2932.0,2397,90
2933.0,2397,90
2934.0,2397,90
2935.0,2397,90
2936.0,2399,90
2937.0,2401,90
2938.0,2402,91
2939.0,2401,91
2940.0,2401,91
2941.0,2400,91
2942.0,2400,91
2943.0,2402,91
2944.0,2403,92
2945.0,2404,92
2946.0,2404,92
2947.0,2404,92
2948.0,2407,92
2949.0,2408,92
2950.0,2408,92
2951.0,2409,93
2952.0,2407,93
2953.0,2408,93
2954.0,2407,93
2955.0,2406,93
2956.0,2405,94
2957.0,2407,94
2958.0,2406,94
2959.0,2407,94
2960.0,2408,94
2961.0,2411,95
2962.0,2410,95
2963.0,2410,95
2964.0,2412,95
2965.0,2412,96
2966.0,2410,96
2967.0,2410,96
2968.0,2410,96
2969.0,2410,96
2970.0,2410,96
2971.0,2412,96
2972.0,2413,96
2973.0,2414,96
2974.0,2411,96
2975.0,2411,96
2976.0,2413,96
2977.0,2410,96
2978.0,2410,96
2979.0,2410,96
2980.0,2410,96
2981.0,2412,96
2982.0,2413,96
2983.0,2411,96
2984.0,2413,96
2985.0,2410,96
2986.0,2410,96
2987.0,2409,96
2988.0,2411,96
2989.0,2411,96
2990.0,2411,96
2991.0,2412,96
2992.0,2412,96
2993.0,2413,96
2994.0,2414,96
2995.0,2414,96
2996.0,2412,96
2997.0,2411,96
2998.0,2411,96
2999.0,2412,96
3000.0,2414,96
3001.0,2413,96
3002.0,2413,96
3003.0,2412,96
3004.0,2412,96
3005.0,2413,96
3006.0,2415,96
3007.0,2414,96
3008.0,2416,96
3009.0,2416,96
3010.0,2418,96
3011.0,2419,96
3012.0,2418,96
3013.0,2419,96
3014.0,2419,96
3015.0,2421,96
3016.0,2421,96
3017.0,2422,96
3018.0,2420,96
3019.0,2422,96
3020.0,2421,96
3021.0,2424,96
3022.0,2421,96
3023.0,2421,96
3024.0,2422,96
3025.0,2422,96
3026.0,2422,96
3027.0,2422,96
3028.0,2422,96
3029.0,2421,96
3030.0,2422,96
3031.0,2423,96
3032.0,2422,96
3033.0,2424,96
3034.0,2424,96
3035.0,2423,96
3036.0,2423,97
3037.0,2423,98
3038.0,2423,98
3039.0,2423,98
3040.0,2423,98
3041.0,2424,98
3042.0,2424,98
3043.0,2423,98
3044.0,2423,98
3045.0,2423,98
3046.0,2423,98
3047.0,2424,98
3048.0,2425,99
3049.0,2427,99
3050.0,2425,99
3051.0,2426,99
3052.0,2424,99
3053.0,2425,99
3054.0,2425,99
3055.0,2426,99
3056.0,2426,99
3057.0,2426,99
3058.0,2428,99
3059.0,2429,99
3060.0,2428,99
3061.0,2430,99
3062.0,2429,99
3063.0,2429,99
3064.0,2429,99
3065.0,2431,99
3066.0,2428,99
3067.0,2428,99
3068.0,2431,99
3069.0,2429,99
3070.0,2427,99
3071.0,2428,99
3072.0,2427,99
3073.0,2428,99
3074.0,2428,99
3075.0,2429,99
3076.0,2429,99
3077.0,2431,99
3078.0,2429,99
3079.0,2427,99
3080.0,2427,99
3081.0,2427,99
3082.0,2426,99
3083.0,2429,99
3084.0,2429,99
3085.0,2428,99
3086.0,2428,99
3087.0,2428,99
3088.0,2429,99
3089.0,2430,99
3090.0,2431,99
3091.0,2430,99
3092.0,2430,99
3093.0,2430,99
3094.0,2432,99
3095.0,2431,99
3096.0,2430,99
3097.0,2431,99
3098.0,2431,99
3099.0,2429,99
3100.0,2429,99
3101.0,2431,99
3102.0,2431,99
3103.0,2431,99
3104.0,2433,99
3105.0,2431,99
3106.0,2431,99
3107.0,2431,99
3108.0,2431,99
3109.0,2433,99
3110.0,2433,99
3111.0,2433,99
3112.0,2432,99
3113.0,2432,99
3114.0,2432,99
3115.0,2432,99
3116.0,2433,99
3117.0,2433,99
3118.0,2434,99
3119.0,2433,99
3120.0,2433,99
3121.0,2433,99
3122.0,2432,99
3123.0,2434,99
3124.0,2431,99
3125.0,2432,99
3126.0,2433,99
3127.0,2434,99
3128.0,2434,99
3129.0,2435,99
3130.0,2434,99
3131.0,2434,99
3132.0,2434,99
3133.0,2435,99
3134.0,2435,99
3135.0,2435,99
3136.0,2435,99
3137.0,2436,99
3138.0,2437,99
3139.0,2439,99
3140.0,2437,99
3141.0,2437,99
3142.0,2437,99
3143.0,2437,99
3144.0,2437,99
3145.0,2437,99
3146.0,2438,99
3147.0,2436,99
3148.0,2438,99
3149.0,2438,99
3150.0,2436,99
3151.0,2436,99
3152.0,2436,99
3153.0,2435,99
3154.0,2435,99
3155.0,2435,99
3156.0,2437,99
3157.0,2438,99
3158.0,2437,99
3159.0,2437,100
3160.0,2437,100
3161.0,2437,100
3162.0,2437,100
3163.0,2439,100
3164.0,2436,100
3165.0,2437,100
3166.0,2436,101
3167.0,2436,101
3168.0,2438,101
3169.0,2438,101
3170.0,2438,101
3171.0,2441,101
3172.0,2437,101
3173.0,2439,101
3174.0,2437,101
3175.0,2436,101
3176.0,2436,101
3177.0,2437,101
3178.0,2438,101
3179.0,2434,101
3180.0,2436,101
3181.0,2436,102
3182.0,2436,102
3183.0,2436,102
3184.0,2437,102
3185.0,2437,102
3186.0,2439,102
3187.0,2439,102
3188.0,2439,102
3189.0,2439,102
3190.0,2439,102
3191.0,2442,102
3192.0,2437,102
3193.0,2437,102
3194.0,2438,102
3195.0,2438,102
3196.0,2439,102
3197.0,2439,102
3198.0,2438,102
3199.0,2439,103
3200.0,2441,103
3201.0,2440,103
3202.0,2438,103
3203.0,2439,103
3204.0,2439,103
3205.0,2441,103
3206.0,2442,103
3207.0,2442,103
3208.0,2442,103
3209.0,2444,103
3210.0,2446,103
3211.0,2444,103
3212.0,2446,103
3213.0,2446,103
3214.0,2446,103
3215.0,2447,103
3216.0,2446,103
3217.0,2446,103
3218.0,2446,103
3219.0,2446,103
3220.0,2447,103
3221.0,2450,103
3222.0,2446,103
3223.0,2446,103
3224.0,2446,103
3225.0,2446,103
3226.0,2445,103
3227.0,2446,103
3228.0,2446,103
3229.0,2446,103
3230.0,2448,103
3231.0,2446,103
3232.0,2448,103
3233.0,2447,103
3234.0,2447,103
3235.0,2449,103
3236.0,2446,103
3237.0,2446,103
3238.0,2446,103
3239.0,2447,103
3240.0,2446,103
3241.0,2446,103
3242.0,2446,103
3243.0,2447,103
3244.0,2447,103
3245.0,2447,103
3246.0,2447,103
3247.0,2450,103
3248.0,2449,104
3249.0,2449,104
3250.0,2449,104
3251.0,2449,104
3252.0,2451,105
3253.0,2450,105
3254.0,2450,104
3255.0,2449,104
3256.0,2448,104
3257.0,2449,104
3258.0,2447,104
3259.0,2447,104
3260.0,2447,104
3261.0,2447,104
3262.0,2447,104
3263.0,2446,104
3264.0,2446,104
3265.0,2448,104
3266.0,2447,104
3267.0,2449,104
3268.0,2448,105
3269.0,2448,105
3270.0,2449,105
3271.0,2449,105
3272.0,2449,105
3273.0,2449,105
3274.0,2451,105
3275.0,2452,106
3276.0,2451,106
3277.0,2451,106
3278.0,2450,106
3279.0,2451,106
3280.0,2451,106
3281.0,2452,106
3282.0,2454,106
3283.0,2451,106
3284.0,2452,106
3285.0,2451,106
3286.0,2454,106
3287.0,2452,106
3288.0,2452,106
3289.0,2453,106
3290.0,2455,106
3291.0,2454,106
3292.0,2455,106
3293.0,2454,106
3294.0,2455,106
3295.0,2453,106
3296.0,2457,106
3297.0,2453,106
3298.0,2453,106
3299.0,2454,106
3300.0,2454,106
3301.0,2456,106
3302.0,2457,106
3303.0,2456,106
3304.0,2455,106
3305.0,2455,106
3306.0,2455,106
3307.0,2455,106
3308.0,2456,106
3309.0,2454,106
3310.0,2456,106
3311.0,2456,106
3312.0,2455,106
3313.0,2455,106
3314.0,2457,106
3315.0,2458,106
3316.0,2456,106
3317.0,2456,106
3318.0,2456,106
3319.0,2459,106
3320.0,2457,106
3321.0,2459,106
3322.0,2460,106
3323.0,2459,106
3324.0,2461,106
3325.0,2462,106
3326.0,2462,106
3327.0,2465,106
3328.0,2462,106
3329.0,2462,106
3330.0,2463,106
3331.0,2462,106
3332.0,2463,106
3333.0,2462,106
3334.0,2463,106
3335.0,2463,106
3336.0,2463,106
3337.0,2463,106
3338.0,2462,106
3339.0,2463,106
3340.0,2462,106
3341.0,2463,106
3342.0,2463,106
3343.0,2463,106
3344.0,2463,106
3345.0,2462,106
3346.0,2462,106
3347.0,2462,107
3348.0,2462,107
3349.0,2462,107
3350.0,2462,107
3351.0,2462,107
3352.0,2462,107
3353.0,2461,107
3354.0,2462,107
3355.0,2461,107
3356.0,2461,107
3357.0,2461,107
3358.0,2461,107
3359.0,2461,107
3360.0,2461,107
3361.0,2460,107
3362.0,2461,107
3363.0,2463,107
3364.0,2460,107
3365.0,2462,107
3366.0,2461,107
3367.0,2460,107
3368.0,2460,107
3369.0,2459,107
3370.0,2459,107
3371.0,2460,107
3372.0,2461,107
3373.0,2461,107
3374.0,2462,107
3375.0,2463,107
3376.0,2462,107
3377.0,2461,107
3378.0,2463,107
3379.0,2459,107
3380.0,2459,108
3381.0,2459,108
3382.0,2459,108
3383.0,2460,108
3384.0,2460,108
3385.0,2458,108
3386.0,2459,108
3387.0,2458,108
3388.0,2460,108
3389.0,2456,108
3390.0,2457,108
3391.0,2457,108
3392.0,2459,108
3393.0,2456,108
3394.0,2456,108
3395.0,2456,108
3396.0,2457,108
3397.0,2457,108
3398.0,2457,108
3399.0,2457,108
3400.0,2458,108
3401.0,2459,108
3402.0,2459,108
3403.0,2458,108
3404.0,2458,108
3405.0,2458,109
3406.0,2458,109
3407.0,2460,109
3408.0,2458,109
3409.0,2458,109
3410.0,2458,109
3411.0,2458,109
3412.0,2459,109
3413.0,2458,109
3414.0,2457,109
3415.0,2456,109
3416.0,2458,109
3417.0,2458,109
3418.0,2457,109
3419.0,2457,109
3420.0,2457,109
3421.0,2458,109
3422.0,2458,109
3423.0,2458,109
3424.0,2458,109
3425.0,2458,109
3426.0,2458,109
3427.0,2458,109
3428.0,2458,109
3429.0,2458,109
3430.0,2458,109
3431.0,2460,109
3432.0,2458,109
3433.0,2458,109
3434.0,2459,109
3435.0,2459,109
3436.0,2459,109
3437.0,2459,109
3438.0,2461,109
3439.0,2458,109
3440.0,2455,109
3441.0,2455,109
3442.0,2455,109
3443.0,2456,109
3444.0,2456,109
3445.0,2455,109
3446.0,2455,109
3447.0,2455,109
3448.0,2455,109
3449.0,2456,109
3450.0,2457,109
3451.0,2456,109
3452.0,2458,109
3453.0,2455,109
3454.0,2455,109
3455.0,2455,109
3456.0,2455,109
3457.0,2456,109
3458.0,2455,109
3459.0,2455,109
3460.0,2455,109
3461.0,2455,110
3462.0,2455,110
3463.0,2453,110
3464.0,2454,111
3465.0,2452,111
3466.0,2454,111
3467.0,2453,111
3468.0,2453,111
3469.0,2452,111
3470.0,2454,111
3471.0,2451,111
3472.0,2452,111
3473.0,2452,111
3474.0,2451,111
3475.0,2451,112
3476.0,2451,112
3477.0,2451,112
3478.0,2452,112
3479.0,2452,113
3480.0,2452,112
3481.0,2452,112
3482.0,2452,112
3483.0,2452,112
3484.0,2452,112
3485.0,2453,112
3486.0,2452,112
3487.0,2452,112
3488.0,2450,112
3489.0,2450,112
3490.0,2450,112
3491.0,2450,112
3492.0,2450,112
3493.0,2452,112
3494.0,2450,112
3495.0,2450,112
3496.0,2449,113
3497.0,2449,114
3498.0,2449,114
3499.0,2450,114
3500.0,2449,114
3501.0,2450,114
3502.0,2450,114
3503.0,2452,114
3504.0,2449,114
3505.0,2451,114
3506.0,2448,114
3507.0,2448,114
3508.0,2448,114
3509.0,2450,114
3510.0,2452,114
3511.0,2454,114
3512.0,2451,114
3513.0,2450,114
3514.0,2450,114
3515.0,2450,114
3516.0,2450,114
3517.0,2450,114
3518.0,2450,114
3519.0,2450,114
3520.0,2451,114
3521.0,2452,114
3522.0,2454,114
3523.0,2451,114
3524.0,2452,114
3525.0,2454,114
3526.0,2451,114
3527.0,2453,114
3528.0,2452,114
3529.0,2452,114
3530.0,2452,114
3531.0,2452,115
3532.0,2451,115
3533.0,2451,115
3534.0,2451,115
3535.0,2452,115
3536.0,2453,115
3537.0,2452,115
3538.0,2453,115
3539.0,2453,115
3540.0,2453,115
3541.0,2453,115
3542.0,2454,115
3543.0,2452,115
3544.0,2452,115
3545.0,2453,115
3546.0,2453,115
3547.0,2454,115
3548.0,2453,115
3549.0,2453,115
3550.0,2454,115
3551.0,2453,115
3552.0,2453,115
3553.0,2453,115
3554.0,2454,115
3555.0,2453,115
3556.0,2454,115
3557.0,2454,115
3558.0,2454,115
3559.0,2456,115
3560.0,2456,115
3561.0,2457,115
3562.0,2457,115
3563.0,2456,115
3564.0,2457,115
3565.0,2457,115
3566.0,2459,115
3567.0,2458,115
3568.0,2459,115
3569.0,2459,115
3570.0,2460,116
3571.0,2459,116
3572.0,2459,116
3573.0,2459,116
3574.0,2461,116
3575.0,2459,116
3576.0,2459,116
3577.0,2459,117
3578.0,2459,117
3579.0,2458,117
3580.0,2458,117
3581.0,2457,117
3582.0,2457,117
3583.0,2457,117
3584.0,2457,117
3585.0,2456,117
3586.0,2456,117
3587.0,2456,117
3588.0,2456,117
3589.0,2456,117
3590.0,2457,117
3591.0,2458,117
3592.0,2455,117
3593.0,2456,117
3594.0,2455,117
3595.0,2453,117
3596.0,2453,117
3597.0,2452,117
3598.0,2454,117
3599.0,2452,117
3600.0,2452,117
3601.0,2451,117
3602.0,2451,117
3603.0,2451,117
3604.0,2453,117
3605.0,2451,117
3606.0,2451,117
3607.0,2451,117
3608.0,2451,117
3609.0,2451,117
3610.0,2451,117
3611.0,2451,117
3612.0,2451,117
3613.0,2452,117
3614.0,2453,117
3615.0,2450,117
3616.0,2450,117
3617.0,2451,117
3618.0,2451,117
3619.0,2452,117
3620.0,2452,117
3621.0,2450,117
3622.0,2450,117
3623.0,2450,117
3624.0,2450,117
3625.0,2450,117
3626.0,2450,117
3627.0,2451,117
3628.0,2450,117
3629.0,2450,117
3630.0,2449,117
3631.0,2449,117
3632.0,2449,117
3633.0,2449,117
3634.0,2449,117
3635.0,2448,117
3636.0,2448,117
3637.0,2448,117
3638.0,2448,117
3639.0,2449,117
3640.0,2448,117
3641.0,2448,117
3642.0,2449,117
3643.0,2449,117
3644.0,2449,117
3645.0,2450,117
3646.0,2449,117
3647.0,2450,117
3648.0,2449,117
3649.0,2449,117
3650.0,2450,118
3651.0,2450,118
3652.0,2450,118
3653.0,2452,118
3654.0,2450,118
3655.0,2448,119
3656.0,2448,119
3657.0,2449,119
3658.0,2448,119
3659.0,2448,119
3660.0,2448,119
3661.0,2450,119
3662.0,2450,119
3663.0,2450,119
3664.0,2450,119
3665.0,2451,119
3666.0,2452,119
3667.0,2450,119
3668.0,2450,119
3669.0,2450,119
3670.0,2450,119
3671.0,2450,119
3672.0,2450,119
3673.0,2451,119
3674.0,2452,119
3675.0,2452,119
3676.0,2452,119
3677.0,2452,119
3678.0,2452,119
3679.0,2452,119
3680.0,2452,119
3681.0,2453,119
3682.0,2453,119
3683.0,2454,119
3684.0,2449,119
3685.0,2449,119
3686.0,2449,119
3687.0,2450,120
3688.0,2451,120
3689.0,2451,120
3690.0,2451,120
3691.0,2452,120
3692.0,2452,120
3693.0,2451,120
3694.0,2450,120
3695.0,2450,120
3696.0,2450,120
3697.0,2450,120
3698.0,2450,120
3699.0,2450,120
3700.0,2450,120
3701.0,2451,120
3702.0,2449,120
3703.0,2449,120
3704.0,2449,120
3705.0,2451,121
3706.0,2448,121
3707.0,2449,121
3708.0,2449,121
3709.0,2451,121
3710.0,2448,121
3711.0,2448,121
3712.0,2448,121
3713.0,2448,121
3714.0,2448,121
3715.0,2448,121
3716.0,2448,121
3717.0,2450,121
3718.0,2447,122
3719.0,2448,122
3720.0,2448,122
3721.0,2449,122
3722.0,2449,122
3723.0,2449,122
3724.0,2450,122
3725.0,2449,122
3726.0,2449,122
3727.0,2449,122
3728.0,2449,122
3729.0,2448,122
3730.0,2448,122
3731.0,2448,122
3732.0,2449,122
3733.0,2447,122
3734.0,2449,122
3735.0,2447,122
3736.0,2447,122
3737.0,2447,122
3738.0,2447,122
3739.0,2448,122
3740.0,2448,122
3741.0,2447,122
3742.0,2446,122
3743.0,2446,123
3744.0,2446,123
3745.0,2447,123
3746.0,2447,122
3747.0,2449,122
3748.0,2448,122
3749.0,2448,122
3750.0,2447,122
3751.0,2447,122
3752.0,2447,122
3753.0,2448,122
3754.0,2446,122
3755.0,2447,122
3756.0,2448,122
3757.0,2447,122
3758.0,2447,122
3759.0,2449,122
3760.0,2446,122
3761.0,2446,122
3762.0,2446,122
3763.0,2446,122
3764.0,2446,122
3765.0,2449,122
3766.0,2445,122
3767.0,2446,122
3768.0,2446,122
3769.0,2446,122
3770.0,2445,122
3771.0,2445,122
3772.0,2445,122
3773.0,2444,122
3774.0,2444,122
3775.0,2444,122
3776.0,2445,122
3777.0,2445,122
3778.0,2446,122
3779.0,2445,122
3780.0,2445,122
3781.0,2445,122
3782.0,2445,122
3783.0,2445,122
3784.0,2444,122
3785.0,2445,122
3786.0,2445,122
3787.0,2446,122
3788.0,2445,122
3789.0,2446,122
3790.0,2446,122
3791.0,2445,122
3792.0,2445,122
3793.0,2445,122
3794.0,2445,122
3795.0,2446,122
3796.0,2445,122
3797.0,2445,122
3798.0,2445,122
3799.0,2444,122
3800.0,2445,122
3801.0,2446,122
3802.0,2445,122
3803.0,2445,122
3804.0,2445,122
3805.0,2446,122
3806.0,2446,122
3807.0,2446,122
3808.0,2447,122
3809.0,2446,122
3810.0,2446,122
3811.0,2446,122
3812.0,2448,122
3813.0,2445,122
3814.0,2445,122
3815.0,2445,123
3816.0,2444,123
3817.0,2444,123
3818.0,2444,123
3819.0,2444,123
3820.0,2444,123
3821.0,2444,123
3822.0,2444,123
3823.0,2445,122
3824.0,2444,122
3825.0,2445,122
3826.0,2445,122
3827.0,2444,123
3828.0,2444,123
3829.0,2444,123
3830.0,2444,123
3831.0,2444,123
3832.0,2444,123
3833.0,2444,124
3834.0,2447,124
3835.0,2443,124
3836.0,2443,124
3837.0,2443,124
3838.0,2443,124
3839.0,2443,124
3840.0,2442,124
3841.0,2443,124
3842.0,2443,124
3843.0,2443,124
3844.0,2443,124
3845.0,2443,124
3846.0,2443,124
3847.0,2443,124
3848.0,2443,124
3849.0,2443,124
3850.0,2443,124
3851.0,2443,124
3852.0,2443,124
3853.0,2444,124
3854.0,2443,124
3855.0,2443,124
3856.0,2444,124
3857.0,2443,124
3858.0,2443,124
3859.0,2445,124
3860.0,2444,124
3861.0,2445,125
3862.0,2444,125
3863.0,2446,125
3864.0,2444,124
3865.0,2442,124
3866.0,2442,124
3867.0,2442,124
3868.0,2443,125
3869.0,2442,125
3870.0,2441,125
3871.0,2441,126
3872.0,2441,126
3873.0,2442,126
3874.0,2442,126
3875.0,2442,126
3876.0,2442,126
3877.0,2441,126
3878.0,2441,126
3879.0,2441,126
3880.0,2442,126
3881.0,2442,126
3882.0,2441,126
3883.0,2440,126
3884.0,2440,126
3885.0,2440,126
3886.0,2440,126
3887.0,2440,126
3888.0,2440,126
3889.0,2440,126
3890.0,2440,126
3891.0,2443,126
3892.0,2441,126
3893.0,2441,126
3894.0,2441,126
3895.0,2441,126
3896.0,2442,126
3897.0,2440,126
3898.0,2443,126
3899.0,2442,126
3900.0,2442,126
3901.0,2442,126
3902.0,2442,126
3903.0,2443,126
3904.0,2441,126
3905.0,2442,126
3906.0,2441,126
3907.0,2441,126
3908.0,2442,126
3909.0,2441,126
3910.0,2441,126
3911.0,2441,126
3912.0,2441,126
3913.0,2441,126
3914.0,2441,126
3915.0,2441,126
3916.0,2441,126
3917.0,2442,126
3918.0,2441,126
3919.0,2440,126
3920.0,2440,126
3921.0,2440,126
3922.0,2440,126
3923.0,2440,126
3924.0,2441,126
3925.0,2441,126
3926.0,2443,126
3927.0,2441,126
3928.0,2442,126
3929.0,2441,126
3930.0,2443,126
3931.0,2439,126
3932.0,2440,126
3933.0,2439,126
3934.0,2439,126
3935.0,2439,126
3936.0,2439,126
3937.0,2439,126
3938.0,2439,126
3939.0,2438,126
3940.0,2440,126
3941.0,2438,126
3942.0,2438,126
3943.0,2439,126
3944.0,2440,126
3945.0,2439,126
3946.0,2439,126
3947.0,2439,126
3948.0,2441,126
3949.0,2439,126
3950.0,2438,126
3951.0,2438,126
3952.0,2438,126
3953.0,2440,126
3954.0,2438,126
3955.0,2440,126
3956.0,2439,126
3957.0,2439,126
3958.0,2439,126
3959.0,2439,126
3960.0,2439,126
3961.0,2439,126
3962.0,2439,126
3963.0,2438,126
3964.0,2440,126
3965.0,2438,126
3966.0,2439,127
3967.0,2441,127
3968.0,2438,127
3969.0,2438,127
3970.0,2437,127
3971.0,2438,127
3972.0,2439,127
3973.0,2439,128
3974.0,2440,128
3975.0,2440,128
3976.0,2440,128
3977.0,2440,128
3978.0,2440,128
3979.0,2440,128
3980.0,2442,128
3981.0,2440,128
3982.0,2442,128
3983.0,2439,128
3984.0,2441,128
3985.0,2437,128
3986.0,2437,128
3987.0,2438,128
3988.0,2437,128
3989.0,2437,129
3990.0,2439,129
3991.0,2439,130
3992.0,2439,130
3993.0,2441,130
3994.0,2440,130
3995.0,2440,130
3996.0,2442,130
3997.0,2440,130
3998.0,2440,130
3999.0,2440,130
4000.0,2440,130
4001.0,2440,130
4002.0,2440,130
4003.0,2440,130
4004.0,2440,130
4005.0,2440,130
4006.0,2441,130
4007.0,2440,130
4008.0,2439,130
4009.0,2440,130
4010.0,2438,130
4011.0,2438,130
4012.0,2438,130
4013.0,2438,131
4014.0,2439,131
4015.0,2437,131
4016.0,2437,131
4017.0,2437,131
4018.0,2437,131
4019.0,2437,131
4020.0,2438,131
4021.0,2438,131
4022.0,2437,131
4023.0,2437,131
4024.0,2437,131
4025.0,2439,131
4026.0,2438,131
4027.0,2438,131
4028.0,2439,131
4029.0,2439,131
4030.0,2440,131
4031.0,2438,131
4032.0,2441,131
4033.0,2441,131
4034.0,2442,131
4035.0,2442,131
4036.0,2442,131
4037.0,2443,131
4038.0,2442,131
4039.0,2442,131
4040.0,2442,132
4041.0,2443,132
4042.0,2441,132
4043.0,2442,132
4044.0,2442,132
4045.0,2440,132
4046.0,2440,132
4047.0,2440,132
4048.0,2440,132
4049.0,2440,133
4050.0,2441,133
4051.0,2441,133
4052.0,2438,133
4053.0,2438,133
4054.0,2438,133
4055.0,2438,133
4056.0,2438,133
4057.0,2438,133
4058.0,2439,133
4059.0,2439,133
4060.0,2439,133
4061.0,2439,133
4062.0,2440,133
4063.0,2439,133
4064.0,2440,133
4065.0,2440,133
4066.0,2440,133
4067.0,2440,133
4068.0,2440,133
4069.0,2441,133
4070.0,2440,133
4071.0,2442,133
4072.0,2439,133
4073.0,2439,133
4074.0,2439,133
4075.0,2440,133
4076.0,2441,133
4077.0,2441,133
4078.0,2442,133
4079.0,2442,133
4080.0,2442,133
4081.0,2444,133
4082.0,2442,133
4083.0,2442,134
4084.0,2442,134
4085.0,2442,134
4086.0,2442,134
4087.0,2442,134
4088.0,2443,134
4089.0,2443,134
4090.0,2445,134
4091.0,2443,134
4092.0,2443,134
4093.0,2443,134
4094.0,2442,134
4095.0,2442,134
4096.0,2443,134
4097.0,2444,134
4098.0,2442,134
4099.0,2442,134
4100.0,2442,134
4101.0,2442,134
4102.0,2444,134
4103.0,2445,134
4104.0,2445,134
4105.0,2445,134
4106.0,2446,134
4107.0,2445,134
4108.0,2445,134
4109.0,2445,134
4110.0,2445,134
4111.0,2445,134
4112.0,2445,134
4113.0,2445,134
4114.0,2445,134
4115.0,2445,134
4116.0,2445,134
4117.0,2445,134
4118.0,2445,134
4119.0,2447,134
4120.0,2443,134
4121.0,2443,134
4122.0,2444,134
4123.0,2443,134
4124.0,2443,134
4125.0,2443,134
4126.0,2443,134
4127.0,2445,134
4128.0,2448,134
4129.0,2445,134
4130.0,2445,134
4131.0,2446,134
4132.0,2445,134
4133.0,2445,134
4134.0,2446,134
4135.0,2445,135
4136.0,2445,135
4137.0,2446,135
4138.0,2449,135
4139.0,2448,135
4140.0,2449,135
4141.0,2450,135
4142.0,2450,135
4143.0,2451,135
4144.0,2450,135
4145.0,2451,135
4146.0,2451,135
4147.0,2451,135
4148.0,2451,135
4149.0,2451,135
4150.0,2451,135
4151.0,2450,135
4152.0,2451,135
4153.0,2451,135
4154.0,2451,135
4155.0,2451,135
4156.0,2451,135
4157.0,2450,135
4158.0,2450,135
4159.0,2450,135
4160.0,2451,135
4161.0,2451,135
4162.0,2451,135
4163.0,2452,135
4164.0,2453,135
4165.0,2452,135
4166.0,2453,135
4167.0,2453,135
4168.0,2453,135
4169.0,2453,135
4170.0,2453,136
4171.0,2455,136
4172.0,2453,136
4173.0,2454,136
4174.0,2454,136
4175.0,2455,136
4176.0,2454,136
4177.0,2453,136
4178.0,2453,136
4179.0,2453,136
4180.0,2454,136
4181.0,2454,136
4182.0,2454,136
4183.0,2454,136
4184.0,2454,136
4185.0,2455,136
4186.0,2456,136
4187.0,2455,136
4188.0,2455,136
4189.0,2456,136
4190.0,2454,136
4191.0,2454,136
4192.0,2454,136
4193.0,2455,136
4194.0,2456,136
4195.0,2457,136
4196.0,2455,136
4197.0,2456,136
4198.0,2456,136
4199.0,2456,137
4200.0,2457,137
4201.0,2455,137
4202.0,2456,137
4203.0,2455,137
4204.0,2455,137
4205.0,2455,137
4206.0,2456,137
4207.0,2456,137
4208.0,2456,137
4209.0,2456,137
4210.0,2456,137
4211.0,2456,137
4212.0,2456,137
4213.0,2457,137
4214.0,2457,137
4215.0,2457,137
4216.0,2456,137
4217.0,2458,137
4218.0,2456,137
4219.0,2456,137
4220.0,2457,137
4221.0,2460,138
4222.0,2457,138
4223.0,2458,138
4224.0,2457,138
4225.0,2457,138
4226.0,2457,138
4227.0,2457,138
4228.0,2457,139
4229.0,2459,139
4230.0,2459,139
4231.0,2459,139
4232.0,2459,139
4233.0,2459,139
4234.0,2459,139
4235.0,2459,139
4236.0,2459,139
4237.0,2458,139
4238.0,2459,139
4239.0,2459,139
4240.0,2460,139
4241.0,2458,139
4242.0,2458,139
4243.0,2458,139
4244.0,2458,139
4245.0,2460,139
4246.0,2461,139
4247.0,2461,139
4248.0,2462,139
4249.0,2460,139
4250.0,2460,139
4251.0,2460,139
4252.0,2461,139
4253.0,2461,139
4254.0,2460,139
4255.0,2460,139
4256.0,2459,139
4257.0,2460,139
4258.0,2461,139
4259.0,2459,139
4260.0,2459,139
4261.0,2458,139
4262.0,2458,139
4263.0,2459,139
4264.0,2458,139
4265.0,2459,139
4266.0,2459,139
4267.0,2459,139
4268.0,2459,139
4269.0,2459,139
4270.0,2462,139
4271.0,2460,139
4272.0,2460,139
4273.0,2461,139
4274.0,2458,139
4275.0,2458,139
4276.0,2460,139
4277.0,2458,139
4278.0,2458,139
4279.0,2458,139
4280.0,2460,139
4281.0,2461,139
4282.0,2462,139
4283.0,2459,139
4284.0,2459,139
4285.0,2459,139
4286.0,2459,139
4287.0,2460,139
4288.0,2460,139
4289.0,2461,139
4290.0,2461,139
4291.0,2461,139
4292.0,2462,139
4293.0,2461,139
4294.0,2461,139
4295.0,2462,139
4296.0,2462,139
4297.0,2463,139
4298.0,2462,139
4299.0,2464,139
4300.0,2462,139
4301.0,2463,139
4302.0,2463,139
4303.0,2463,139
4304.0,2464,139
4305.0,2463,139
4306.0,2463,139
4307.0,2462,139
4308.0,2461,139
4309.0,2461,139
4310.0,2461,139
4311.0,2460,139
4312.0,2461,139
4313.0,2460,139
4314.0,2461,140
4315.0,2463,140
4316.0,2462,140
4317.0,2464,140
4318.0,2467,140
4319.0,2466,140
4320.0,2468,140
4321.0,2470,140
4322.0,2470,140
4323.0,2468,140
4324.0,2469,140
4325.0,2471,140
4326.0,2470,140
4327.0,2471,140
4328.0,2473,140
4329.0,2471,140
4330.0,2471,140
4331.0,2471,140
4332.0,2471,140
4333.0,2471,140
4334.0,2471,140
4335.0,2471,140
4336.0,2472,140
4337.0,2471,140
4338.0,2472,140
4339.0,2472,140
4340.0,2473,140
4341.0,2474,140
4342.0,2473,140
4343.0,2475,140
4344.0,2475,140
4345.0,2475,140
4346.0,2475,140
4347.0,2476,140
4348.0,2476,140
4349.0,2475,140
4350.0,2475,140
4351.0,2476,140
4352.0,2476,140
4353.0,2476,140
4354.0,2476,140
4355.0,2477,140
4356.0,2477,140
4357.0,2477,140
4358.0,2478,140
4359.0,2478,140
4360.0,2480,140
4361.0,2478,140
4362.0,2476,140
4363.0,2478,140
4364.0,2478,140
4365.0,2477,140
4366.0,2478,140
4367.0,2480,140
4368.0,2481,140
4369.0,2481,140
4370.0,2484,140
4371.0,2481,140
4372.0,2481,140
4373.0,2482,140
4374.0,2483,140
4375.0,2483,140
4376.0,2484,140
4377.0,2485,140
4378.0,2485,140
4379.0,2486,140
4380.0,2486,140
4381.0,2487,140
4382.0,2489,140
4383.0,2489,140
4384.0,2491,140
4385.0,2491,140
4386.0,2491,140
4387.0,2490,140
4388.0,2491,140
4389.0,2491,140
4390.0,2492,140
4391.0,2492,140
4392.0,2494,140
4393.0,2494,140
4394.0,2494,140
4395.0,2495,140
4396.0,2495,140
4397.0,2495,140
4398.0,2495,140
4399.0,2496,140
4400.0,2495,140
4401.0,2496,140
4402.0,2498,140
4403.0,2497,140
4404.0,2499,140
4405.0,2499,140
4406.0,2499,140
4407.0,2501,140
4408.0,2499,140
4409.0,2501,140
4410.0,2502,140
4411.0,2502,140
4412.0,2503,140
4413.0,2503,140
4414.0,2503,140
4415.0,2505,140
4416.0,2505,140
4417.0,2505,140
4418.0,2505,140
4419.0,2505,140
4420.0,2505,140
4421.0,2505,140
4422.0,2505,140
4423.0,2505,140
4424.0,2505,140
4425.0,2505,140
4426.0,2505,140
4427.0,2504,140
4428.0,2504,140
4429.0,2504,140
4430.0,2505,140
4431.0,2505,140
4432.0,2505,140
4433.0,2505,140
4434.0,2505,140
4435.0,2505,140
4436.0,2506,140
4437.0,2507,140
4438.0,2508,140
4439.0,2506,140
4440.0,2507,140
4441.0,2506,140
4442.0,2506,140
4443.0,2508,140
4444.0,2508,140
4445.0,2508,140
4446.0,2508,140
4447.0,2508,140
4448.0,2510,140
4449.0,2511,140
4450.0,2511,140
4451.0,2512,140
4452.0,2512,140
4453.0,2512,140
4454.0,2513,140
4455.0,2513,140
4456.0,2515,140
4457.0,2515,140
4458.0,2515,140
4459.0,2515,140
4460.0,2514,140
4461.0,2518,140
4462.0,2516,140
4463.0,2515,140
4464.0,2515,140
4465.0,2515,140
4466.0,2515,140
4467.0,2516,140
4468.0,2516,140
4469.0,2518,140
4470.0,2518,140
4471.0,2519,140
4472.0,2520,140
4473.0,2522,140
4474.0,2522,140
4475.0,2524,140
4476.0,2525,140
4477.0,2526,140
4478.0,2527,140
4479.0,2527,140
4480.0,2527,140
4481.0,2530,140
4482.0,2528,140
4483.0,2528,140
4484.0,2529,140
4485.0,2530,140
4486.0,2532,140
4487.0,2531,140
4488.0,2531,140
4489.0,2532,140
4490.0,2531,140
4491.0,2531,140
4492.0,2531,140
4493.0,2531,140
4494.0,2531,140
4495.0,2531,140
4496.0,2533,140
4497.0,2532,140
4498.0,2533,140
4499.0,2533,140
4500.0,2534,140
4501.0,2532,140
4502.0,2532,140
4503.0,2532,140
4504.0,2531,140
4505.0,2532,140
4506.0,2532,140
4507.0,2532,140
4508.0,2533,140
4509.0,2534,140
4510.0,2534,140
4511.0,2534,140
4512.0,2534,140
4513.0,2534,140
4514.0,2534,140
4515.0,2535,140
4516.0,2537,140
4517.0,2534,140
4518.0,2534,140
4519.0,2535,140
4520.0,2534,140
4521.0,2534,140
4522.0,2535,140
4523.0,2535,140
4524.0,2535,140
4525.0,2536,140
4526.0,2535,140
4527.0,2537,140
4528.0,2538,140
4529.0,2539,140
4530.0,2538,140
4531.0,2538,140
4532.0,2538,140
4533.0,2537,140
4534.0,2539,140
4535.0,2539,140
4536.0,2541,140
4537.0,2541,140
4538.0,2543,140
4539.0,2545,140
4540.0,2542,140
4541.0,2542,140
4542.0,2543,140
4543.0,2542,140
4544.0,2541,140
4545.0,2542,140
4546.0,2542,140
4547.0,2543,140
4548.0,2543,140
4549.0,2544,140
4550.0,2542,140
4551.0,2542,140
4552.0,2543,140
4553.0,2543,140
4554.0,2545,140
4555.0,2547,140
4556.0,2548,140
4557.0,2548,140
4558.0,2549,140
4559.0,2551,140
4560.0,2550,140
4561.0,2550,140
4562.0,2551,140
4563.0,2551,140
4564.0,2552,140
4565.0,2552,140
4566.0,2552,140
4567.0,2553,140
4568.0,2553,140
4569.0,2553,140
4570.0,2552,140
4571.0,2553,140
4572.0,2554,140
4573.0,2554,140
4574.0,2557,140
4575.0,2556,140
4576.0,2556,140
4577.0,2556,141
4578.0,2556,141
4579.0,2556,141
4580.0,2559,141
4581.0,2561,141
4582.0,2562,141
4583.0,2562,141
4584.0,2565,141
4585.0,2563,141
4586.0,2563,141
4587.0,2564,141
4588.0,2563,141
4589.0,2563,141
4590.0,2563,141
4591.0,2564,141
4592.0,2565,141
4593.0,2567,141
4594.0,2566,141
4595.0,2569,141
4596.0,2568,141
4597.0,2568,141
4598.0,2568,141
4599.0,2569,141
4600.0,2570,141
4601.0,2572,141
4602.0,2573,141
4603.0,2571,141
4604.0,2571,141
4605.0,2572,141
4606.0,2572,141
4607.0,2572,141
4608.0,2573,141
4609.0,2575,141
4610.0,2576,141
4611.0,2573,141
4612.0,2574,141
4613.0,2577,141
4614.0,2576,141
4615.0,2576,141
4616.0,2576,141
4617.0,2576,141
4618.0,2576,141
4619.0,2576,141
4620.0,2576,141
4621.0,2576,141
4622.0,2578,141
4623.0,2578,141
4624.0,2578,141
4625.0,2578,141
4626.0,2578,141
4627.0,2578,141
4628.0,2579,142
4629.0,2580,142
4630.0,2581,142
4631.0,2583,142
4632.0,2581,142
4633.0,2582,142
4634.0,2582,142
4635.0,2583,142
4636.0,2584,142
4637.0,2585,142
4638.0,2585,142
4639.0,2584,142
4640.0,2584,142
4641.0,2584,142
4642.0,2584,142
4643.0,2586,142
4644.0,2586,142
4645.0,2586,142
4646.0,2587,142
4647.0,2584,142
4648.0,2587,142
4649.0,2585,142
4650.0,2587,142
4651.0,2586,142
4652.0,2588,142
4653.0,2588,142
4654.0,2591,142
4655.0,2589,142
4656.0,2588,142
4657.0,2587,142
4658.0,2589,142
4659.0,2589,142
4660.0,2589,142
4661.0,2589,142
4662.0,2588,142
4663.0,2586,142
4664.0,2588,142
4665.0,2589,142
4666.0,2590,142
4667.0,2591,142
4668.0,2591,142
4669.0,2589,142
4670.0,2589,142
4671.0,2589,142
4672.0,2588,142
4673.0,2589,142
4674.0,2589,142
4675.0,2589,142
4676.0,2590,142
4677.0,2590,142
4678.0,2590,142
4679.0,2590,142
4680.0,2590,142
4681.0,2589,142
4682.0,2589,142
4683.0,2589,142
4684.0,2589,142
4685.0,2589,142
4686.0,2589,142
4687.0,2589,142
4688.0,2590,142
4689.0,2590,142
4690.0,2591,142
4691.0,2590,142
4692.0,2590,142
4693.0,2590,142
4694.0,2590,142
4695.0,2592,142
4696.0,2594,142
4697.0,2594,142
4698.0,2593,142
4699.0,2593,142
4700.0,2595,142
4701.0,2595,142
4702.0,2593,142
4703.0,2593,142
4704.0,2593,142
4705.0,2594,142
4706.0,2595,142
4707.0,2596,142
4708.0,2597,142
4709.0,2598,142
4710.0,2598,142
4711.0,2599,142
4712.0,2598,142
4713.0,2599,142
4714.0,2600,142
4715.0,2600,142
4716.0,2601,142
4717.0,2601,142
4718.0,2600,142
4719.0,2601,142
4720.0,2600,142
4721.0,2598,142
4722.0,2600,142
4723.0,2600,142
4724.0,2601,142
4725.0,2601,142
4726.0,2601,143
4727.0,2601,143
4728.0,2601,143
4729.0,2601,143
4730.0,2602,143
4731.0,2603,143
4732.0,2601,143
4733.0,2603,143
4734.0,2602,143
4735.0,2602,143
4736.0,2603,143
4737.0,2603,143
4738.0,2603,143
4739.0,2603,143
4740.0,2603,143
4741.0,2603,143
4742.0,2604,143
4743.0,2604,143
4744.0,2604,143
4745.0,2604,143
4746.0,2604,143
4747.0,2603,143
4748.0,2603,143
4749.0,2603,143
4750.0,2606,143
4751.0,2604,143
4752.0,2605,143
4753.0,2605,143
4754.0,2605,143
4755.0,2606,143
4756.0,2605,143
4757.0,2606,143
4758.0,2607,143
4759.0,2605,143
4760.0,2605,143
4761.0,2606,143
4762.0,2607,143
4763.0,2609,143
4764.0,2609,143
4765.0,2608,143
4766.0,2608,143
4767.0,2608,143
4768.0,2608,143
4769.0,2608,143
4770.0,2609,143
4771.0,2609,143
4772.0,2610,143
4773.0,2609,143
4774.0,2608,143
4775.0,2608,143
4776.0,2607,143
4777.0,2607,143
4778.0,2607,143
4779.0,2608,143
4780.0,2608,143
4781.0,2608,143
4782.0,2608,143
4783.0,2609,143
4784.0,2610,143
4785.0,2610,143
4786.0,2609,143
4787.0,2610,143
4788.0,2610,143
4789.0,2612,143
4790.0,2611,143
4791.0,2612,143
4792.0,2612,143
4793.0,2613,143
4794.0,2614,143
4795.0,2615,143
4796.0,2618,143
4797.0,2616,143
4798.0,2617,143
4799.0,2617,143
4800.0,2617,143
4801.0,2616,143
4802.0,2616,143
4803.0,2616,143
4804.0,2617,143
4805.0,2618,143
4806.0,2618,143
4807.0,2618,143
4808.0,2618,143
4809.0,2619,143
4810.0,2619,143
4811.0,2619,143
4812.0,2620,143
4813.0,2622,143
4814.0,2621,143
4815.0,2621,143
4816.0,2622,143
4817.0,2622,143
4818.0,2623,143
4819.0,2625,143
4820.0,2625,143
4821.0,2625,143
4822.0,2627,143
4823.0,2625,143
4824.0,2627,143
4825.0,2627,143
4826.0,2627,143
4827.0,2627,144
4828.0,2629,144
4829.0,2630,144
4830.0,2630,144
4831.0,2630,144
4832.0,2631,144
4833.0,2630,143
4834.0,2631,143
4835.0,2632,143
4836.0,2632,143
4837.0,2633,143
4838.0,2635,143
4839.0,2635,143
4840.0,2637,143
4841.0,2633,143
4842.0,2633,143
4843.0,2635,143
4844.0,2634,143
4845.0,2635,143
4846.0,2635,143
4847.0,2636,143
4848.0,2636,143
4849.0,2639,143
4850.0,2641,143
4851.0,2642,143
4852.0,2643,143
4853.0,2644,143
4854.0,2646,143
4855.0,2646,143
4856.0,2646,143
4857.0,2647,143
4858.0,2646,143
4859.0,2646,143
4860.0,2649,143
4861.0,2650,143
4862.0,2650,143
4863.0,2652,143
4864.0,2651,143
4865.0,2653,143
4866.0,2652,143
4867.0,2652,143
4868.0,2652,143
4869.0,2654,143
4870.0,2652,143
4871.0,2653,143
4872.0,2653,143
4873.0,2653,143
4874.0,2656,143
4875.0,2656,143
4876.0,2657,143
4877.0,2657,143
4878.0,2658,143
4879.0,2658,143
4880.0,2659,143
4881.0,2659,143
4882.0,2661,143
4883.0,2661,143
4884.0,2661,143
4885.0,2664,143
4886.0,2662,143
4887.0,2664,143
4888.0,2666,143
4889.0,2667,143
4890.0,2665,143
4891.0,2668,143
4892.0,2666,143
4893.0,2667,143
4894.0,2666,143
4895.0,2668,143
4896.0,2667,143
4897.0,2670,143
4898.0,2669,143
4899.0,2670,143
4900.0,2671,143
4901.0,2672,143
4902.0,2670,143
4903.0,2672,143
4904.0,2671,143
4905.0,2673,143
4906.0,2672,143
4907.0,2672,143
4908.0,2671,143
4909.0,2673,143
4910.0,2674,143
4911.0,2674,143
4912.0,2675,143
4913.0,2675,143
4914.0,2674,143
4915.0,2676,143
4916.0,2675,143
4917.0,2674,143
4918.0,2674,143
4919.0,2675,143
4920.0,2675,143
4921.0,2677,143
4922.0,2676,143
4923.0,2676,143
4924.0,2676,143
4925.0,2676,143
4926.0,2676,143
4927.0,2676,143
4928.0,2676,143
4929.0,2677,143
4930.0,2677,143
4931.0,2677,143
4932.0,2679,143
4933.0,2678,143
4934.0,2678,143
4935.0,2680,143
4936.0,2681,143
4937.0,2682,143
4938.0,2684,143
4939.0,2684,143
4940.0,2683,143
4941.0,2683,143
4942.0,2684,143
4943.0,2684,143
4944.0,2687,143
4945.0,2683,143
4946.0,2682,143
4947.0,2682,143
4948.0,2682,143
4949.0,2685,143
4950.0,2687,143
4951.0,2685,143
4952.0,2685,143
4953.0,2685,143
4954.0,2684,143
4955.0,2685,143
4956.0,2685,143
4957.0,2686,143
4958.0,2688,143
4959.0,2687,143
4960.0,2687,143
4961.0,2687,143
4962.0,2687,143
4963.0,2687,143
4964.0,2689,143
4965.0,2689,143
4966.0,2691,143
4967.0,2691,143
4968.0,2692,144
4969.0,2692,144
4970.0,2693,144
4971.0,2693,144
4972.0,2693,144
4973.0,2695,144
4974.0,2694,144
4975.0,2695,144
4976.0,2699,144
4977.0,2698,144
4978.0,2699,144
4979.0,2700,144
4980.0,2698,144
4981.0,2699,144
4982.0,2698,144
4983.0,2698,144
4984.0,2699,144
4985.0,2701,144
4986.0,2702,144
4987.0,2702,144
4988.0,2702,144
4989.0,2703,144
4990.0,2706,144
4991.0,2703,144
4992.0,2705,144
4993.0,2703,144
4994.0,2703,144
4995.0,2703,144
4996.0,2705,144
4997.0,2704,144
4998.0,2705,144
4999.0,2706,144
5000.0,2706,144
