Tick,Quality,type,Task
12.0,0.5031091013792155,Order351-4,Task 231
13.0,0.032248688217367955,Order351-6,Task 233
14.3,6.551700152123214,Order351-1,Task 228
17.3,7.763966054600171,Order351-10,Task 237
21.3,1.1356388194299747,Order351-7,Task 234
29.3,4.202503848784181,Order351-3,Task 230
31.3,-0.04339598194799252,Order351-9,Task 236
33.3,-3.2100466774874983,Order351-8,Task 235
34.0,0.9356467039941214,Order346-6,Task 243
37.3,8.299387104387378,Order351-2,Task 229
39.3,11.273858169620478,Order346-7,Task 244
41.3,0.1468934726643613,Order346-1,Task 238
42.3,-2.466532245330784,Order346-5,Task 242
43.3,5.371304280299083,Order351-5,Task 232
46.3,2.7616598534889274,Order346-5,Task 252
49.3,10.890502644383712,Order346-10,Task 247
51.3,-0.16932999795029585,Order346-9,Task 246
53.3,0.17758799385944815,Order346-9,Task 256
54.3,25.09724236672611,Order346-3,Task 240
55.3,5.1178744360112365,Order346-4,Task 241
58.3,6.331998660364982,Order346-8,Task 245
59.3,20.630849367408413,Order346-3,Task 250
59.3,0.14816421000607874,Order348-9,Task 266
61.3,0.5032026295151835,Order346-6,Task 253
62.3,7.469092983487327,Order346-2,Task 239
64.3,7.121150362482497,Order346-7,Task 254
67.3,6.87612169477705,Order346-4,Task 251
68.0,9.474840956013717,Order345-2,Task 279
70.3,6.171287759100829,Order346-2,Task 249
74.3,4.600619437707601,Order346-8,Task 255
74.3,0.03779628472231111,Order346-1,Task 248
75.3,1.6987839942074987,Order348-5,Task 262
76.3,18.108677594000856,Order348-8,Task 265
79.3,7.812820357667213,Order346-10,Task 257
81.0,9.365973974867103,Order354-6,Task 312
81.3,-0.14738991724338724,Order348-6,Task 263
83.3,8.471954987677568,Order348-3,Task 260
84.3,0.5797848829475323,Order348-4,Task 261
89.3,0.0039383819899630745,Order348-10,Task 267
90.3,19.96736572733147,Order348-2,Task 259
91.3,4.4134432121611935,Order345-4,Task 281
91.3,0.17999637977976568,Order348-7,Task 264
92.3,18.844837066588696,Order348-1,Task 258
93.3,0.05775767037738752,Order349-10,Task 277
94.3,-0.39137369758425944,Order349-4,Task 271
95.3,6.602358431625491,Order349-3,Task 270
96.3,0.3233459118377844,Order349-2,Task 269
96.3,2.878444038933531,Order349-5,Task 272
98.3,-2.8486425005348535,Order349-6,Task 322
101.3,11.022605032742291,Order349-7,Task 274
103.3,3.1428044645426123,Order349-6,Task 273
105.3,0.19485487407642113,Order349-8,Task 275
106.3,18.92753732851206,Order345-8,Task 285
108.3,12.717279548204834,Order349-1,Task 268
109.3,7.273021628115977,Order349-9,Task 276
111.3,4.474120251531824,Order349-5,Task 292
112.3,5.614774230473213,Order345-6,Task 283
112.3,18.426406577684503,Order345-7,Task 284
114.3,13.209254351137936,Order349-6,Task 293
115.3,0.08400489285287538,Order345-1,Task 278
116.3,3.7349557977155605,Order345-3,Task 280
119.3,18.993705611873292,Order345-10,Task 287
121.3,9.254519508497975,Order345-5,Task 282
122.3,10.591221188834698,Order349-9,Task 296
122.3,6.792186160222502,Order345-9,Task 286
124.3,-4.654052005293751,Order350-9,Task 306
125.3,9.578637341572309,Order350-7,Task 304
127.3,-1.4382106977109483,Order349-3,Task 290
128.3,11.935469596436583,Order349-7,Task 294
129.3,5.695112507737585,Order349-6,Task 332
132.3,7.743849544903274,Order349-8,Task 295
134.3,19.721582636698418,Order350-2,Task 299
136.3,9.394493824488018,Order349-5,Task 331
136.3,11.043803183672331,Order349-2,Task 289
136.3,8.391896024308917,Order350-1,Task 298
136.3,-0.08196605952270097,Order349-4,Task 291
137.3,19.403868636026385,Order349-10,Task 297
139.3,11.849398140284205,Order349-1,Task 288
143.3,8.83562530306496,Order354-3,Task 309
145.3,0.8127925636045596,Order350-3,Task 300
146.3,15.055413450616797,Order350-4,Task 301
150.3,10.578448625726711,Order350-6,Task 303
157.3,12.911298780560541,Order350-5,Task 302
159.3,-0.7705395828207222,Order354-4,Task 310
159.3,10.626600995202041,Order350-8,Task 305
170.3,-3.074625920498714,Order354-8,Task 314
171.3,2.2589200882802967,Order354-2,Task 308
174.3,6.437800885328864,Order354-9,Task 315
176.3,-0.12758643748406628,Order354-10,Task 316
178.3,-2.2217182482318067,Order354-7,Task 313
178.3,20.65494927036078,Order354-1,Task 307
181.3,10.64849420359711,Order349-7,Task 323
181.3,9.877420211245735,Order354-5,Task 311
182.3,10.306767619300878,Order349-5,Task 321
182.3,21.437805812169643,Order349-3,Task 319
187.3,12.250461307563578,Order349-1,Task 317
191.3,8.446212724913439,Order349-8,Task 324
194.3,2.1936309582546585,Order349-2,Task 318
195.3,4.404665492915142,Order349-10,Task 326
199.3,4.8450275435997066,Order349-4,Task 320
202.3,8.83589310913632,Order349-9,Task 325
203.3,9.759548243124161,Order349-10,Task 336
205.3,9.012159937996566,Order349-1,Task 327
205.3,21.202495594685537,Order349-3,Task 329
214.3,10.099928214953737,Order349-8,Task 334
217.3,7.138802478902942,Order349-2,Task 328
217.3,9.713857567304405,Order349-4,Task 330
220.3,21.250384137060617,Order349-3,Task 339
221.3,12.22484357998194,Order349-9,Task 335
221.3,10.184871840195976,Order349-2,Task 338
224.3,13.417363904208548,Order349-7,Task 333
225.3,12.016208531523807,Order349-9,Task 345
229.3,1.467546624384564,Order349-5,Task 341
231.3,8.545822835122511,Order349-7,Task 343
231.3,6.442676104918687,Order349-1,Task 337
232.3,12.736512349581686,Order349-6,Task 342
235.3,9.974355766117297,Order349-8,Task 344
240.3,10.161566813829372,Order349-10,Task 346
242.3,-0.7011233421492002,Order352-8,Task 354
243.3,-1.2273649336632988,Order349-4,Task 340
244.3,20.41005235891775,Order352-4,Task 350
249.3,11.160301510414047,Order352-3,Task 349
253.3,10.933870051720058,Order352-5,Task 351
255.3,-3.2591004864228896,Order352-6,Task 352
255.3,13.038548470443704,Order353-2,Task 357
261.3,10.766160718369427,Order352-2,Task 348
262.3,6.32138249654112,Order352-7,Task 353
263.3,9.43009386813831,Order352-1,Task 347
264.3,9.806053661147693,Order352-9,Task 355
268.3,26.447190877037286,Order353-10,Task 365
271.3,0.07673250024423972,Order353-4,Task 359
272.3,15.42643006685313,Order353-5,Task 360
276.3,21.77669994154506,Order353-1,Task 356
276.3,20.33126475576679,Order353-9,Task 364
278.3,9.216516394153626,Order353-8,Task 363
278.3,9.733403798319257,Order353-3,Task 358
281.3,9.954068761428621,Order353-7,Task 362
282.3,19.13969383362496,Order353-9,Task 374
288.3,10.764693310459494,Order353-6,Task 361
293.3,24.835850497127648,Order353-1,Task 366
294.3,27.216529032875,Order353-10,Task 375
295.3,8.405735387742972,Order353-2,Task 367
296.3,10.406293418740077,Order353-6,Task 371
303.3,12.223826947856546,Order348-1,Task 376
303.3,10.777155969853705,Order353-8,Task 373
307.3,10.765290993628414,Order353-7,Task 372
310.3,7.513500108308508,Order353-3,Task 368
316.3,0.15936599638477855,Order353-4,Task 369
319.3,2.9492382556062466,Order353-5,Task 370
322.3,12.69219509504805,Order348-8,Task 383
323.3,14.97493597896462,Order348-7,Task 382
327.3,11.857457587045388,Order348-6,Task 381
329.3,17.200395621470854,Order348-3,Task 378
330.3,-1.584125556833758,Order348-1,Task 386
332.3,28.352881554083883,Order348-2,Task 377
333.3,15.964910994493527,Order348-9,Task 384
334.3,15.674573496294842,Order348-10,Task 385
338.3,26.770198018992822,Order348-9,Task 394
338.3,1.2473235963962865,Order348-5,Task 380
339.3,4.830128197240756,Order348-2,Task 387
339.3,20.761018823885678,Order351-10,Task 415
344.3,18.95719809454612,Order348-4,Task 379
346.3,12.876135753140773,Order348-6,Task 391
346.3,23.89838305405025,Order348-7,Task 392
349.3,8.236995083289283,Order346-1,Task 396
349.3,0.30502127152820424,Order351-3,Task 408
351.3,7.0244267583457844,Order348-10,Task 395
353.3,14.05809255170359,Order348-8,Task 393
356.3,8.2659163606355,Order351-4,Task 409
356.3,2.29583808357946,Order348-5,Task 390
357.3,18.797598412087574,Order346-4,Task 399
360.3,25.04534930386012,Order348-3,Task 388
361.3,8.120096850397289,Order348-4,Task 389
363.3,-3.067002630510514,Order351-5,Task 410
364.3,9.778978559322702,Order351-8,Task 413
364.3,4.436036449900855,Order346-2,Task 397
365.3,4.163196128152906,Order346-5,Task 400
365.3,21.627679226428956,Order351-1,Task 406
368.3,0.878102057702425,Order346-6,Task 401
369.3,17.48757666738631,Order346-7,Task 402
370.3,8.967307333846609,Order351-6,Task 411
375.3,2.204214644212586,Order346-10,Task 405
378.3,18.072172065576908,Order351-2,Task 407
380.3,-1.2004457673508417,Order348-5,Task 420
383.3,8.02104905931428,Order351-9,Task 414
385.3,8.70672589744745,Order346-9,Task 404
386.3,9.456022997855797,Order346-8,Task 403
388.3,3.4178580573259074,Order346-3,Task 398
395.3,24.738594095108844,Order351-7,Task 412
399.3,-1.2692471010994524,Order348-2,Task 417
400.3,6.542223251450462,Order348-10,Task 425
402.3,18.477971714526184,Order348-8,Task 423
407.3,13.726630334703167,Order348-6,Task 421
408.3,7.913880974762669,Order348-1,Task 416
410.3,-0.5999421874817035,Order348-4,Task 419
413.3,7.604585829451531,Order348-9,Task 424
420.3,9.069507514477529,Order348-7,Task 422
422.3,20.89952922968561,Order348-3,Task 418
422.3,10.477143905957934,Order350-2,Task 437
428.3,1.410922007421982,Order346-2,Task 427
429.3,6.2208014398874605,Order350-5,Task 440
432.3,9.608534566591013,Order350-6,Task 441
438.3,17.328376157362484,Order346-7,Task 432
439.3,4.837164773275602,Order346-3,Task 428
441.3,4.468309972269321,Order350-8,Task 443
443.3,7.490679759710829,Order350-7,Task 442
445.3,9.05474515114858,Order346-1,Task 426
446.3,0.764336519854041,Order346-5,Task 430
447.3,-0.7950469239753646,Order346-6,Task 431
448.3,14.345433776557766,Order346-4,Task 429
450.3,7.614668897092986,Order346-9,Task 434
451.3,4.033168257357197,Order346-8,Task 433
451.3,-0.1588665801651281,Order350-1,Task 436
454.3,0.7763585603917988,Order351-1,Task 445
455.3,1.6173665539975919,Order350-9,Task 444
456.3,-1.4400039248034533,Order346-10,Task 435
457.3,21.433126167655388,Order351-10,Task 454
459.3,24.644418119533437,Order351-6,Task 450
461.3,-1.700029987461876,Order350-3,Task 438
462.3,13.454185377799085,Order351-3,Task 447
463.3,15.39769413053483,Order351-4,Task 448
466.3,-1.7459252976407935,Order351-7,Task 451
466.3,13.712443195754698,Order350-4,Task 439
470.3,13.409802612904198,Order351-2,Task 446
472.3,7.398816395067318,Order351-8,Task 452
476.3,13.652170987433342,Order351-4,Task 458
476.3,16.131343260204346,Order351-7,Task 461
476.3,9.278175283182733,Order351-5,Task 449
479.3,14.712948046241822,Order351-1,Task 455
480.3,14.442441160696664,Order351-2,Task 456
480.3,17.297953516219874,Order351-9,Task 453
482.3,21.70391260401926,Order351-10,Task 464
486.3,12.34397958049725,Order351-5,Task 459
487.3,17.38371727761912,Order351-3,Task 457
488.3,14.302051535471081,Order351-6,Task 460
489.3,15.206366475431308,Order351-9,Task 463
491.3,12.89349307477262,Order354-2,Task 466
491.3,7.836934318933247,Order354-10,Task 474
491.3,16.905821013448215,Order351-8,Task 462
494.3,15.874700280552688,Order354-1,Task 465
495.3,22.559557067692815,Order354-7,Task 471
497.3,29.64470351847518,Order354-6,Task 470
501.3,17.187894628468865,Order354-8,Task 472
504.3,8.782199473146841,Order351-2,Task 476
505.3,17.711562343237933,Order351-8,Task 482
507.3,16.49733251232754,Order351-7,Task 481
507.3,19.675459905123798,Order354-5,Task 469
508.3,8.575348408046507,Order351-1,Task 475
512.3,13.300773877108078,Order354-9,Task 473
515.3,17.038036865311884,Order351-6,Task 480
515.3,14.804723732568327,Order354-3,Task 467
521.3,8.818729619874402,Order351-5,Task 479
524.3,10.796532441606967,Order354-4,Task 468
530.3,22.155118580535248,Order351-10,Task 484
533.3,11.970874185404162,Order351-9,Task 483
535.3,8.638833237808583,Order351-4,Task 478
536.3,8.82622571955204,Order347-4,Task 488
537.3,7.14199325737275,Order347-6,Task 490
540.3,13.021959341369678,Order351-3,Task 477
542.3,16.78677685582916,Order347-1,Task 485
543.3,7.031833725261867,Order347-9,Task 493
544.3,8.80667912158281,Order347-8,Task 492
544.3,15.45529799684269,Order349-3,Task 497
547.3,19.810839244336506,Order347-10,Task 494
549.3,1.26667972052634,Order347-2,Task 486
556.3,28.180617880766476,Order347-5,Task 489
557.3,2.602423905863801,Order349-5,Task 499
560.3,22.375123764492162,Order347-3,Task 487
563.3,8.683389081809917,Order349-6,Task 500
567.3,15.8012858240023,Order347-7,Task 491
567.3,8.844987832966725,Order349-1,Task 495
571.3,8.634044316873318,Order349-2,Task 496
571.3,0.4556634294855444,Order349-4,Task 498
574.3,8.698382830815962,Order349-9,Task 503
577.3,8.352111117644487,Order349-7,Task 501
584.3,14.454448344827549,Order349-8,Task 502
586.3,8.680734385966913,Order347-4,Task 508
589.3,15.481935478148296,Order349-10,Task 504
591.3,17.005730257138854,Order347-7,Task 511
593.3,13.573529431489185,Order347-6,Task 510
599.3,16.864970906673534,Order347-10,Task 514
601.3,9.051289685394561,Order347-9,Task 513
602.3,20.633169170619638,Order347-3,Task 507
604.3,14.978501391539629,Order346-9,Task 523
606.3,1.7589876801769238,Order346-5,Task 519
608.3,6.238361938403611,Order347-2,Task 506
609.3,8.461789928410601,Order346-4,Task 518
611.3,15.884071204139014,Order346-1,Task 515
614.3,29.978558724606945,Order347-5,Task 509
616.3,10.767200292649296,Order347-1,Task 505
618.3,8.885750161435547,Order347-8,Task 512
619.3,16.13692501065918,Order346-7,Task 521
622.3,15.651183207898653,Order346-8,Task 522
624.3,4.026825819165193,Order346-6,Task 520
627.3,29.746448292182624,Order354-6,Task 539
629.3,16.676399541371467,Order346-2,Task 516
632.3,15.65334865905887,Order346-3,Task 517
633.3,-2.035282854548714,Order354-9,Task 542
638.3,14.845606975138546,Order346-10,Task 524
640.3,0.08160271239298433,Order350-9,Task 533
641.3,27.868946069743608,Order350-1,Task 525
646.3,-0.6511153447502411,Order354-4,Task 537
649.3,8.620461044954759,Order350-8,Task 532
649.3,-0.29625248629046563,Order354-7,Task 540
650.3,6.6573203590737045,Order354-10,Task 543
651.3,14.962004217399164,Order350-2,Task 526
653.3,29.615029760395185,Order350-7,Task 531
653.3,15.849242767990532,Order354-5,Task 538
653.3,25.233805848119957,Order354-1,Task 534
655.3,6.0421525161074054,Order354-2,Task 535
657.3,8.835975733237657,Order350-6,Task 530
661.3,8.664169606651964,Order354-3,Task 536
661.3,-9.030770971688003,Order354-1,Task 544
664.3,6.953342309705844,Order350-3,Task 527
664.3,17.481252948271187,Order350-5,Task 529
664.3,4.180548942686034,Order354-8,Task 541
666.3,3.985344477849141,Order354-2,Task 545
667.3,15.848232587120577,Order350-4,Task 528
668.3,-2.782994838454777,Order354-10,Task 553
670.3,8.72331851602995,Order353-1,Task 563
673.3,1.7671819031301446,Order354-7,Task 550
674.3,8.815592668345166,Order354-3,Task 546
674.3,27.454549514512397,Order354-6,Task 549
683.3,2.6832517247867327,Order354-4,Task 547
685.3,2.765965706355637,Order354-8,Task 551
692.3,3.6842969037132454,Order354-5,Task 548
697.3,4.422788848209974,Order354-9,Task 552
699.3,4.112652604625354,Order352-6,Task 559
700.3,8.814803220393676,Order353-6,Task 568
700.3,15.215209177917863,Order352-2,Task 555
702.3,-1.6075279741330384,Order352-8,Task 561
704.3,26.700104782298652,Order353-8,Task 570
706.3,0.27737751676596467,Order353-2,Task 564
707.3,16.76667272308291,Order352-7,Task 560
707.3,2.423003622264217,Order353-7,Task 569
713.3,8.793110286928028,Order352-3,Task 556
714.3,26.41681875439531,Order353-3,Task 565
717.3,15.182757405117117,Order352-1,Task 554
718.3,6.687867919038867,Order353-9,Task 571
718.3,16.778274096674373,Order352-4,Task 557
722.3,1.3321539268470268,Order353-4,Task 566
724.3,16.50199577387553,Order353-10,Task 572
727.3,5.088801293835472,Order346-5,Task 577
728.3,2.942724630280303,Order353-5,Task 567
728.3,2.4853591948067164,Order346-6,Task 578
729.3,16.202529406481048,Order352-9,Task 562
732.3,18.76063694652047,Order352-5,Task 558
732.3,4.6111993523827906,Order346-9,Task 581
733.3,16.838903426355504,Order346-7,Task 579
735.3,-7.4000606669490345,Order346-4,Task 576
735.3,13.774202682938553,Order346-2,Task 574
738.3,8.166396609593798,Order354-1,Task 583
740.3,30.207119380824647,Order354-6,Task 588
743.3,15.9790785260733,Order346-3,Task 575
747.3,8.11992249429074,Order346-1,Task 573
747.3,15.909627481370647,Order346-8,Task 580
750.3,8.77502855142434,Order351-1,Task 593
753.3,14.951481634152152,Order346-10,Task 582
754.3,16.348718499818233,Order354-5,Task 587
755.3,-2.337184260521653,Order354-10,Task 592
755.3,7.501343740699344,Order354-2,Task 584
759.3,-0.48444021089108036,Order354-9,Task 591
763.3,4.249816483164567,Order354-4,Task 586
768.3,1.165624557505699,Order354-7,Task 589
771.3,8.728156181605446,Order354-3,Task 585
774.3,1.8946864065326137,Order354-8,Task 590
778.3,18.139498312144827,Order352-7,Task 609
782.3,-0.6562883770316583,Order351-3,Task 595
788.3,16.106905034295483,Order351-7,Task 599
792.3,8.693357621485088,Order351-2,Task 594
797.3,4.069047462834529,Order351-9,Task 601
799.3,15.922271968381617,Order352-9,Task 611
801.3,17.27887331846424,Order352-5,Task 607
802.3,8.616597794225054,Order351-4,Task 596
804.3,16.043817658638805,Order352-2,Task 604
808.3,7.4620032764542685,Order351-5,Task 597
810.3,2.906004163911408,Order352-6,Task 608
811.3,2.5883289467538955,Order352-8,Task 610
813.3,13.668304526963508,Order351-8,Task 600
813.3,15.112237285402255,Order352-4,Task 606
819.3,8.712553984882872,Order352-3,Task 605
821.3,8.276253690663484,Order352-1,Task 603
821.3,14.441054776068084,Order351-6,Task 598
824.3,15.6033800840985,Order348-8,Task 619
825.3,18.080596665401536,Order348-9,Task 620
825.3,21.77147793412337,Order351-10,Task 602
830.3,6.964831726878946,Order348-4,Task 615
831.3,7.690733631828199,Order348-10,Task 621
832.3,1.587856497403338,Order348-7,Task 618
839.3,22.113333173183456,Order348-6,Task 617
840.3,-4.944065654782769,Order348-3,Task 614
842.3,6.228898064012912,Order348-5,Task 616
844.3,-7.612710976654533,Order349-2,Task 623
845.3,11.853578315857716,Order349-10,Task 631
846.3,8.883893407132136,Order349-6,Task 627
849.3,16.468711308333244,Order348-1,Task 612
851.3,3.1347280775922246,Order349-5,Task 626
851.3,17.114888052902728,Order348-2,Task 613
853.3,8.823667104936256,Order349-6,Task 637
855.3,5.152214697578433,Order349-4,Task 625
858.3,16.520080405417808,Order349-3,Task 624
858.3,6.875638980278625,Order349-5,Task 636
859.3,8.629495057036236,Order349-9,Task 630
861.3,8.842267623137971,Order349-2,Task 633
862.3,19.166913371086938,Order349-7,Task 628
862.3,16.314999556328992,Order349-3,Task 634
868.3,8.882249982669386,Order349-1,Task 622
870.3,10.099052130360768,Order349-8,Task 629
874.3,8.80466147700236,Order349-9,Task 640
875.3,13.063086998833978,Order349-10,Task 641
877.3,8.735169312761533,Order349-1,Task 632
877.3,8.055763473283111,Order349-7,Task 638
881.3,3.496814946988264,Order349-4,Task 635
891.3,13.547041826902664,Order349-8,Task 639
895.3,16.47433294568697,Order354-1,Task 642
898.3,8.364905313434257,Order354-5,Task 646
908.3,2.5944756356423957,Order354-8,Task 649
910.3,-0.11190409844046734,Order354-2,Task 643
913.3,6.707909062177334,Order354-9,Task 650
915.3,3.436692795041811,Order354-10,Task 651
917.3,2.0105965959511822,Order354-4,Task 645
922.3,1.2280903822703562,Order354-7,Task 648
924.3,8.810352824640647,Order354-3,Task 644
924.3,29.250527945267546,Order354-6,Task 647
931.3,8.79937655918514,Order354-3,Task 654
932.3,29.732075144053567,Order354-6,Task 657
938.3,14.924880346881594,Order347-7,Task 668
939.3,29.182099613632854,Order347-5,Task 666
942.3,17.355777193915245,Order354-8,Task 659
943.3,8.913218607501607,Order347-4,Task 665
943.3,7.740127749080336,Order347-6,Task 667
945.3,10.155660537434146,Order354-10,Task 661
946.3,15.424017432410638,Order354-9,Task 660
947.3,8.96043605896581,Order354-2,Task 653
950.3,15.16198150582405,Order354-7,Task 658
953.3,15.754940520850381,Order354-5,Task 656
961.3,5.893338880914602,Order347-1,Task 662
962.3,7.2296278028293255,Order347-9,Task 670
963.3,18.090928912176743,Order347-3,Task 664
966.3,15.166390857890942,Order347-5,Task 1222
967.3,23.976419966774547,Order350-7,Task 688
971.3,12.864041928256375,Order354-4,Task 655
972.3,10.61376604685355,Order347-6,Task 677
973.3,8.863089016847853,Order347-4,Task 675
973.3,8.830120248903329,Order347-8,Task 669
977.3,24.144085958252525,Order354-1,Task 652
979.3,18.792146091240003,Order347-2,Task 663
981.3,14.367816273967604,Order347-10,Task 671
984.3,17.36117372389666,Order347-2,Task 673
986.3,13.174482730507568,Order347-1,Task 672
989.3,10.317580311365798,Order347-10,Task 681
990.3,15.592521540385166,Order350-2,Task 683
991.3,29.255300335039344,Order347-5,Task 676
992.3,19.765294672020822,Order350-1,Task 682
992.3,18.063506334287396,Order350-9,Task 690
994.3,8.970154452808405,Order347-9,Task 680
995.3,17.27080986221392,Order347-3,Task 674
1001.3,18.17567133677321,Order350-4,Task 685
1005.3,8.700783653783537,Order347-8,Task 679
1011.3,16.22969635941998,Order347-7,Task 678
1014.3,8.641426680285894,Order350-8,Task 689
1020.3,8.966906422435109,Order349-1,Task 691
1020.3,6.75926257566354,Order350-5,Task 686
1021.3,11.373552039812436,Order350-3,Task 684
1024.3,8.735141412734482,Order349-2,Task 692
1024.3,8.972314546050105,Order350-6,Task 687
1028.3,7.7298001710995585,Order349-4,Task 694
1029.3,9.67744873955424,Order349-10,Task 700
1032.3,9.05834802014504,Order349-6,Task 696
1032.3,8.932539911147881,Order349-5,Task 695
1035.3,13.419311408105122,Order353-7,Task 707
1035.3,17.543869768428298,Order349-3,Task 693
1035.3,3.474612475118011,Order349-7,Task 697
1036.3,8.803050543509244,Order353-1,Task 701
1039.3,7.111928427498198,Order349-8,Task 698
1042.3,8.562172537355272,Order349-9,Task 699
1044.3,15.54217986864576,Order353-10,Task 710
1048.3,5.863793626783199,Order353-5,Task 705
1048.3,8.299825602397997,Order353-8,Task 708
1052.3,8.561162366730638,Order353-6,Task 706
1053.3,16.919662674203277,Order353-9,Task 709
1055.3,15.467681628470022,Order353-2,Task 702
1055.3,14.116472100032977,Order353-3,Task 703
1056.3,8.862181357259203,Order346-5,Task 715
1057.3,8.687966338384111,Order353-4,Task 704
1059.3,15.02180029453405,Order346-8,Task 718
1059.3,-1.9959602617658962,Order346-9,Task 719
1060.3,6.028048399351959,Order346-1,Task 711
1060.3,3.2303225396504125,Order346-4,Task 714
1060.3,8.81958066866644,Order346-5,Task 725
1064.3,11.278421575645325,Order346-7,Task 717
1065.3,18.87845260472239,Order346-6,Task 716
1065.3,10.53869513437811,Order346-10,Task 720
1066.3,6.756908552187815,Order346-4,Task 724
1067.3,8.094208985438852,Order354-7,Task 1333
1069.3,16.0549174789227,Order346-3,Task 713
1072.3,13.184351151598493,Order346-6,Task 726
1073.3,15.438613771228374,Order346-2,Task 712
1074.3,4.5251458235045385,Order346-9,Task 729
1075.3,7.057117520923527,Order346-10,Task 730
1076.3,8.818665415686779,Order346-5,Task 735
1076.3,25.851566188608306,Order346-9,Task 739
1079.3,0.051003964742778685,Order346-1,Task 721
1081.3,16.159222726941685,Order346-2,Task 722
1083.3,8.652856013285039,Order346-4,Task 734
1086.3,16.667293252701512,Order346-3,Task 723
1086.3,10.377654251956857,Order346-7,Task 727
1089.3,6.408694138372034,Order346-8,Task 728
1092.3,11.8264217838626,Order346-1,Task 731
1094.3,15.878392622515944,Order346-6,Task 736
1094.3,16.16597478286716,Order346-10,Task 740
1096.3,15.279976024636321,Order346-2,Task 732
1098.3,19.939020354036337,Order350-1,Task 741
1099.3,14.371126037607038,Order346-8,Task 738
1101.3,18.820469164648955,Order346-7,Task 737
1102.3,24.8641329238607,Order350-7,Task 747
1103.3,15.186399292154888,Order350-9,Task 749
1110.3,17.78682071745845,Order346-3,Task 733
1113.3,8.845198546418917,Order350-8,Task 748
1114.3,13.189356566738184,Order350-2,Task 742
1119.3,16.843428548650188,Order350-5,Task 745
1120.3,15.21063110013427,Order350-3,Task 743
1124.3,22.71155556486481,Order350-4,Task 744
1127.3,17.922967663573168,Order345-8,Task 757
1128.3,8.861526612380114,Order350-6,Task 746
1129.3,24.650494584640402,Order345-4,Task 753
1132.3,16.414579272138614,Order345-1,Task 750
1133.3,8.7979801055471,Order347-4,Task 763
1134.3,17.373604413086632,Order345-2,Task 751
1135.3,15.459547525807658,Order345-7,Task 756
1137.3,9.54133835636756,Order345-3,Task 752
1138.3,8.86396011324451,Order345-5,Task 754
1142.3,8.410589821747191,Order345-6,Task 755
1143.3,22.35648913223388,Order345-10,Task 759
1143.3,8.634109119478424,Order347-9,Task 768
1146.3,16.832410462162155,Order345-9,Task 758
1150.3,11.785630130131468,Order347-7,Task 766
1152.3,11.800868954862484,Order347-6,Task 765
1153.3,16.672639718209133,Order349-3,Task 772
1155.3,21.0151213541189,Order347-1,Task 760
1157.3,13.866218831617068,Order347-3,Task 762
1161.3,8.669983719552757,Order347-8,Task 767
1162.3,19.31141274461652,Order347-2,Task 761
1166.3,14.770798769398896,Order349-4,Task 773
1167.3,24.284517309213747,Order349-7,Task 776
1167.3,8.712330576544105,Order349-1,Task 770
1168.3,17.156803988940382,Order347-10,Task 769
1169.3,31.33972169677526,Order347-5,Task 764
1169.3,13.937094712912819,Order351-10,Task 1423
1170.3,8.809466149271124,Order349-5,Task 774
1171.3,8.849394741753445,Order349-2,Task 771
1172.3,14.656238681057264,Order349-10,Task 779
1177.3,8.589929015098665,Order349-6,Task 775
1182.3,18.549320433340792,Order349-8,Task 777
1185.3,8.652953554877174,Order349-9,Task 778
1185.3,14.487825411156871,Order354-1,Task 780
1188.3,17.240458068013744,Order354-5,Task 784
1189.3,19.445906685594444,Order354-9,Task 788
1196.3,10.191498974147825,Order354-4,Task 783
1197.3,16.968075705373526,Order354-7,Task 786
1199.3,16.57677347129799,Order354-10,Task 789
1203.3,30.67525330422665,Order354-6,Task 785
1203.3,8.795343028255369,Order354-3,Task 782
1205.3,18.18763603682498,Order354-2,Task 791
1205.3,8.68918763386271,Order354-2,Task 781
1206.3,17.852076006996068,Order354-8,Task 787
1211.3,0.23244284593196182,Order354-9,Task 798
1211.3,32.19233036912484,Order354-6,Task 795
1212.3,18.729881771915014,Order354-10,Task 799
1214.3,20.907842803725394,Order354-1,Task 790
1217.3,0.6153194464826753,Order354-8,Task 797
1219.3,13.495754778478855,Order352-6,Task 805
1220.3,18.818366531345465,Order354-7,Task 796
1224.3,0.0020484888984517446,Order354-5,Task 794
1229.3,12.366077810919215,Order352-5,Task 804
1233.3,0.13582731932268843,Order354-4,Task 793
1239.3,7.105509222012384,Order352-1,Task 800
1240.3,24.387837514941832,Order354-3,Task 792
1244.3,19.875292425718715,Order352-4,Task 803
1250.3,18.827360994922785,Order352-7,Task 806
1255.3,18.735438048549042,Order352-3,Task 802
1257.3,20.307233894203872,Order352-2,Task 801
1257.3,29.071569984905032,Order354-6,Task 814
1258.3,11.459617294970187,Order352-8,Task 807
1259.3,15.581449670090791,Order354-10,Task 818
1260.3,20.03136226280644,Order352-9,Task 808
1263.3,22.802255493953638,Order354-1,Task 809
1265.3,17.1006538681955,Order354-3,Task 811
1267.3,20.957707374460888,Order345-10,Task 828
1267.3,17.808804058407404,Order354-2,Task 810
1268.3,7.356789025096793,Order354-8,Task 816
1274.3,19.785794698838686,Order345-7,Task 825
1275.3,7.528145272150447,Order354-5,Task 813
1280.3,8.40071855113622,Order354-9,Task 817
1284.3,7.796931908957076,Order354-4,Task 812
1286.3,12.986825354435378,Order345-4,Task 822
1287.3,9.938954758968906,Order345-1,Task 819
1289.3,20.36559309585734,Order354-7,Task 815
1289.3,23.783524000982638,Order345-8,Task 826
1291.3,16.410524904837303,Order345-3,Task 821
1292.3,7.17529798114488,Order345-6,Task 824
1294.3,20.909935091368773,Order352-6,Task 834
1298.3,7.344619437828333,Order345-9,Task 827
1308.3,10.71805364034715,Order345-5,Task 823
1314.3,14.71995119859027,Order345-2,Task 820
1317.3,11.337241862107177,Order352-8,Task 836
1319.3,21.485724856302927,Order352-4,Task 832
1324.3,16.464367704214503,Order352-3,Task 831
1328.3,8.608778953080112,Order352-5,Task 833
1333.3,9.39706879194876,Order352-1,Task 829
1334.3,19.9621074443844,Order352-7,Task 835
1335.3,18.42398367172332,Order352-2,Task 830
1336.3,23.089766454475072,Order345-8,Task 845
1337.3,10.136308024507109,Order345-5,Task 842
1338.3,22.514286345126077,Order352-9,Task 837
1339.3,20.510947801241713,Order345-4,Task 841
1339.3,19.134109019252225,Order345-3,Task 840
1340.3,23.72733237832593,Order345-7,Task 844
1343.3,5.401537946484454,Order345-1,Task 838
1345.3,11.928337867498186,Order345-2,Task 839
1347.3,24.78910300677322,Order345-10,Task 847
1350.3,14.365045378789606,Order345-9,Task 846
1350.3,22.195734858009743,Order352-9,Task 856
1354.3,12.112861503041675,Order345-6,Task 843
1356.3,21.22511739950947,Order352-6,Task 853
1357.3,13.870499503982453,Order352-8,Task 855
1358.3,18.133474534576685,Order351-1,Task 857
1359.3,14.783587569951894,Order352-4,Task 851
1365.3,14.89431883596617,Order352-3,Task 850
1367.3,9.40788174165458,Order352-2,Task 849
1369.3,14.722489364999038,Order352-1,Task 848
1372.3,20.36299412437232,Order352-7,Task 854
1377.3,13.679485565659974,Order352-5,Task 852
1378.3,26.311854391920658,Order351-10,Task 866
1380.3,16.262321546291624,Order351-2,Task 858
1382.3,11.473892742859157,Order351-5,Task 861
1383.3,10.41359507760354,Order351-3,Task 859
1384.3,10.720584925928481,Order351-6,Task 862
1389.3,15.424363577992537,Order353-10,Task 876
1392.3,20.224785501136505,Order351-9,Task 865
1394.3,22.269217968358053,Order351-8,Task 864
1395.3,14.061099835368047,Order352-6,Task 882
1398.3,17.032466262534733,Order351-4,Task 860
1399.3,21.958480705419806,Order353-2,Task 868
1402.3,23.47990668412588,Order351-7,Task 863
1402.3,16.647751659977278,Order353-1,Task 867
1405.3,15.889385955173676,Order353-6,Task 872
1408.3,17.48497660797911,Order351-1,Task 886
1409.3,22.41282195341046,Order353-7,Task 873
1412.3,15.84277172771368,Order353-5,Task 871
1412.3,9.636654833179286,Order353-3,Task 869
1416.3,11.793321387144317,Order353-9,Task 875
1420.3,17.527815849303117,Order353-4,Task 870
1423.3,4.106004844664154,Order353-8,Task 874
1429.3,5.978258823563081,Order352-3,Task 879
1431.3,16.65901268021367,Order352-8,Task 884
1433.3,21.93128387999315,Order352-4,Task 880
1433.3,14.075176919630493,Order352-1,Task 877
1434.3,21.165705391369343,Order352-9,Task 885
1439.3,19.883440991191605,Order352-7,Task 883
1440.3,10.007664985300831,Order352-2,Task 878
1444.3,25.962488722834046,Order351-10,Task 895
1444.3,14.770140114196915,Order352-5,Task 881
1450.3,15.93004563763639,Order351-4,Task 889
1452.3,11.862117044916836,Order352-2,Task 897
1454.3,18.06212394511109,Order351-7,Task 892
1459.3,16.168421353015674,Order351-6,Task 891
1463.3,17.619832222781465,Order351-2,Task 887
1464.3,16.763468438490133,Order351-5,Task 890
1464.3,12.675834803568677,Order352-5,Task 900
1465.3,22.708369558718022,Order351-8,Task 893
1465.3,20.49192564673642,Order352-6,Task 901
1468.3,14.474754422352682,Order353-1,Task 905
1468.3,19.48040531871844,Order352-4,Task 899
1474.3,15.209034793022026,Order352-1,Task 896
1474.3,23.710186797749245,Order352-9,Task 904
1474.3,12.965141586451725,Order352-3,Task 898
1475.3,18.340721300354755,Order351-3,Task 888
1477.3,15.571608191995065,Order352-8,Task 903
1481.3,27.221785290218424,Order353-2,Task 906
1482.3,13.765153329953868,Order353-10,Task 914
1485.3,14.409872714479867,Order351-9,Task 894
1492.3,12.471315391342245,Order353-8,Task 912
1492.3,17.581828868666147,Order352-7,Task 902
1494.3,2.950890409165911,Order353-4,Task 908
1496.3,16.779703809423214,Order353-9,Task 913
1502.3,17.34082562193144,Order353-6,Task 910
1506.3,14.95859303092185,Order353-5,Task 909
1506.3,20.934251724322564,Order353-7,Task 911
1509.3,17.855081370247223,Order353-3,Task 907
1510.3,22.61150823602847,Order353-7,Task 921
1515.3,17.260290759829406,Order353-10,Task 924
1516.3,14.9624221190818,Order353-8,Task 922
1516.3,15.195747904581308,Order353-5,Task 919
1516.3,20.837113343170817,Order353-2,Task 916
1518.3,12.632236907404378,Order353-4,Task 918
1521.3,15.28522881806504,Order353-1,Task 915
1521.3,17.24545014218982,Order353-9,Task 923
1522.3,13.099721863040456,Order353-3,Task 917
1524.3,16.132350817013265,Order353-6,Task 920
1527.3,11.048070765864605,Order349-7,Task 931
1528.3,18.67505249887782,Order349-2,Task 926
1529.3,18.70867076442349,Order349-10,Task 934
1530.3,11.045154410477318,Order353-10,Task 944
1532.3,10.51563176449777,Order349-4,Task 928
1532.3,16.408702627335533,Order349-6,Task 930
1534.3,15.19551756594992,Order349-1,Task 925
1535.3,19.70300981121771,Order349-5,Task 929
1538.3,16.731883822177455,Order349-3,Task 927
1542.3,10.240855679733166,Order349-8,Task 932
1543.3,7.728081719898911,Order353-1,Task 935
1544.3,21.64957051447949,Order352-6,Task 950
1546.3,21.000523231409403,Order353-7,Task 941
1546.3,10.348486171924334,Order349-9,Task 933
1547.3,17.261998556738476,Order353-9,Task 943
1549.3,15.349759243236061,Order353-3,Task 937
1551.3,18.81130138986635,Order353-4,Task 938
1554.3,11.2660796807088,Order353-8,Task 942
1554.3,23.893358107533793,Order353-2,Task 936
1557.3,12.171446897633839,Order353-5,Task 939
1561.3,18.695396259759914,Order353-6,Task 940
1567.3,18.133142776415983,Order352-7,Task 951
1568.3,16.49123451772466,Order352-2,Task 946
1571.3,24.204779659178143,Order352-4,Task 948
1571.3,24.304879970621585,Order352-9,Task 953
1576.3,14.822995205948155,Order352-5,Task 949
1581.3,15.3644276918821,Order352-3,Task 947
1582.3,23.580798922996042,Order350-5,Task 958
1583.3,5.973617630269932,Order352-8,Task 952
1585.3,12.57388493807806,Order352-1,Task 945
1587.3,15.214574329791096,Order350-1,Task 954
1588.3,8.76788039418924,Order350-7,Task 960
1590.3,15.588016101283925,Order350-8,Task 961
1591.3,24.712559413964875,Order350-9,Task 962
1595.3,23.574710861854964,Order350-4,Task 957
1597.3,18.626683502415627,Order350-2,Task 955
1599.3,14.670515647788289,Order350-6,Task 959
1600.3,8.570768349149247,Order350-3,Task 956
1602.3,11.011485997037314,Order350-6,Task 968
1604.3,19.332050391181664,Order350-9,Task 971
1604.3,8.2777901092797,Order350-8,Task 970
1607.3,15.122942667373124,Order351-1,Task 972
1608.3,21.25918821255961,Order350-5,Task 967
1608.3,8.909420851936076,Order350-1,Task 963
1609.3,9.39230398900716,Order350-7,Task 969
1611.3,3.1972862641523943,Order350-3,Task 965
1611.3,25.902875625253714,Order350-4,Task 966
1613.3,16.448648536120842,Order350-2,Task 964
1614.3,16.465841381666877,Order351-4,Task 975
1615.3,25.098981624481084,Order351-3,Task 974
1618.3,28.165248497316067,Order347-5,Task 986
1620.3,26.586783638162988,Order351-10,Task 981
1620.3,17.518065143027183,Order351-9,Task 980
1622.3,21.70849704276364,Order351-8,Task 979
1626.3,17.118895663645016,Order351-2,Task 973
1630.3,20.839525920114482,Order351-7,Task 978
1632.3,13.452874968153562,Order351-5,Task 976
1637.3,8.326045081256774,Order351-6,Task 977
1643.3,9.970750210615265,Order353-10,Task 1001
1643.3,17.389386347902633,Order347-8,Task 989
1653.3,14.206510730499055,Order347-9,Task 990
1659.3,21.4325487582136,Order347-7,Task 988
1666.3,19.45591802019337,Order347-10,Task 991
1667.3,19.248706416177097,Order347-1,Task 982
1669.3,15.73272414167245,Order347-3,Task 984
1671.3,19.359323056258273,Order347-4,Task 985
1673.3,16.717698340415318,Order347-6,Task 987
1675.3,22.55141911414543,Order347-2,Task 983
1679.3,22.423800410083796,Order353-2,Task 993
1685.3,16.499936240102116,Order353-5,Task 996
1688.3,25.07978264192774,Order345-4,Task 1015
1690.3,17.779995589705415,Order353-1,Task 992
1692.3,16.074517051658162,Order353-8,Task 999
1693.3,21.435579332333948,Order345-10,Task 1021
1694.3,7.990141338950723,Order353-4,Task 995
1698.3,25.202944538378176,Order353-7,Task 998
1699.3,19.50353113114557,Order353-9,Task 1000
1701.3,23.923530558454,Order345-8,Task 1019
1705.3,9.804729097019605,Order353-3,Task 994
1706.3,16.460210629118404,Order353-6,Task 997
1707.3,15.036171578274022,Order347-4,Task 1005
1712.3,20.574505081021968,Order347-7,Task 1008
1715.3,13.896070125010718,Order345-5,Task 1016
1721.3,17.402342031408864,Order345-6,Task 1017
1723.3,18.9192001247176,Order347-8,Task 1009
1727.3,27.85127265555713,Order347-5,Task 1006
1728.3,21.678743126150007,Order347-10,Task 1011
1734.3,12.567969125977084,Order345-2,Task 1013
1734.3,25.27804860885455,Order354-6,Task 1027
1735.3,19.769604610660526,Order345-3,Task 1014
1739.3,17.198377379045528,Order345-9,Task 1020
1739.3,13.752901035714448,Order345-1,Task 1012
1742.3,21.684975547407195,Order345-7,Task 1018
1744.3,13.637163734786864,Order347-2,Task 1003
1752.3,20.42489151070512,Order347-1,Task 1002
1753.3,8.650917848615705,Order347-9,Task 1010
1754.3,19.18444997692754,Order347-3,Task 1004
1756.3,17.712376056219476,Order347-6,Task 1007
1758.3,15.320424876074533,Order354-10,Task 1031
1762.3,24.55988598594326,Order354-9,Task 1030
1764.3,17.764823219070145,Order354-3,Task 1024
1765.3,26.653930186324963,Order354-1,Task 1022
1766.3,18.71620213378257,Order351-1,Task 1032
1770.3,18.735371188950324,Order354-5,Task 1026
1770.3,26.253183840109045,Order354-7,Task 1028
1779.3,13.927925941696307,Order354-4,Task 1025
1780.3,15.498123931703557,Order354-2,Task 1023
1780.3,20.303038435586156,Order351-8,Task 1039
1780.3,17.49913028647804,Order354-8,Task 1029
1783.3,19.66744583572388,Order351-2,Task 1033
1784.3,26.26726772701062,Order351-10,Task 1041
1787.3,18.540135265388482,Order351-6,Task 1037
1789.3,18.96578489332305,Order351-5,Task 1036
1789.3,17.306170999432172,Order351-3,Task 1034
1790.3,17.776266732135927,Order351-4,Task 1035
1795.3,20.544060306185475,Order351-9,Task 1040
1799.3,15.474666768894249,Order349-9,Task 1050
1802.3,16.203130786932853,Order349-1,Task 1042
1803.3,16.433301630573105,Order349-5,Task 1046
1803.3,17.989811390663412,Order349-6,Task 1047
1805.3,17.493828548018268,Order351-7,Task 1038
1805.3,14.88765462181048,Order349-4,Task 1045
1812.3,19.563632239549264,Order349-3,Task 1044
1815.3,11.137221830589379,Order348-2,Task 1053
1816.3,22.93171824283299,Order349-8,Task 1049
1820.3,16.441699005222176,Order349-2,Task 1043
1821.3,19.40424976239918,Order349-10,Task 1051
1823.3,20.825808603999725,Order349-7,Task 1048
1827.3,21.20081923664047,Order353-9,Task 1070
1835.3,15.146631869115804,Order348-1,Task 1052
1836.3,15.882331374798664,Order353-5,Task 1066
1844.3,19.010462015593376,Order348-7,Task 1058
1850.3,21.75149778378193,Order348-9,Task 1060
1851.3,15.342096099188147,Order353-3,Task 1064
1853.3,18.603613866485098,Order353-4,Task 1065
1857.3,25.593152615805927,Order348-6,Task 1057
1858.3,14.714278859368234,Order348-10,Task 1061
1860.3,22.577313278780604,Order348-5,Task 1056
1862.3,15.180478029844418,Order353-1,Task 1062
1864.3,26.515789458130996,Order354-6,Task 1077
1865.3,17.586470640552573,Order353-6,Task 1067
1867.3,15.405659656114054,Order348-3,Task 1054
1868.3,10.43905486419179,Order348-4,Task 1055
1869.3,21.622771061440243,Order348-8,Task 1059
1871.3,26.46035243754569,Order353-2,Task 1063
1871.3,17.9151453910165,Order353-8,Task 1069
1874.3,7.717815294290959,Order353-10,Task 1071
1875.3,23.35721369818533,Order353-7,Task 1068
1876.3,18.440501741939002,Order354-9,Task 1080
1887.3,11.693805100156723,Order354-8,Task 1079
1888.3,15.684690245467516,Order354-2,Task 1073
1888.3,12.470355466585733,Order354-10,Task 1081
1890.3,21.044422870284208,Order354-1,Task 1072
1891.3,2.873193483070321,Order345-8,Task 1089
1893.3,17.531075872017425,Order354-5,Task 1076
1895.3,27.50078966489735,Order354-7,Task 1078
1895.3,20.864180881421717,Order345-7,Task 1088
1901.3,14.999508352627002,Order354-4,Task 1075
1902.3,6.399350718278515,Order345-3,Task 1084
1903.3,18.533080289251785,Order345-4,Task 1085
1903.3,23.062261006582894,Order345-10,Task 1091
1908.3,19.037867011786783,Order354-3,Task 1074
1910.3,8.055084055605914,Order345-5,Task 1086
1915.3,26.784480671476434,Order347-5,Task 1096
1917.3,21.69039732680328,Order345-6,Task 1087
1920.3,-1.575368078668193,Order345-1,Task 1082
1920.3,13.361949236470364,Order345-9,Task 1090
1922.3,1.0245851940004966,Order345-2,Task 1083
1923.3,4.33643181359051,Order347-4,Task 1095
1924.3,21.88759577374341,Order347-6,Task 1097
1926.3,19.04334319045655,Order347-2,Task 1093
1932.3,10.600774990775188,Order348-2,Task 1113
1935.3,21.970002901487657,Order347-1,Task 1092
1937.3,10.676885358978884,Order347-8,Task 1099
1939.3,12.299695668205922,Order349-3,Task 1104
1948.3,23.034273998486242,Order347-3,Task 1094
1955.3,10.770193463697996,Order347-7,Task 1098
1964.3,2.7993056594930565,Order347-9,Task 1100
1967.3,17.17050075979535,Order349-9,Task 1110
1971.3,7.337785142473691,Order348-7,Task 1118
1971.3,0.7627268798441609,Order347-10,Task 1101
1977.3,17.45329247534037,Order349-7,Task 1108
1977.3,0.43972126846089044,Order348-10,Task 1121
1981.3,11.245161299011471,Order349-10,Task 1111
1984.3,9.035895945500016,Order349-2,Task 1103
1985.3,10.358478215813445,Order348-1,Task 1112
1986.3,7.025078008262643,Order348-9,Task 1120
1991.3,19.059255465451628,Order349-5,Task 1106
1992.3,16.998922934644497,Order352-6,Task 1127
1994.3,2.4583320425089474,Order348-6,Task 1117
1997.3,6.942866983784173,Order349-4,Task 1105
2000.3,19.75803421906962,Order348-8,Task 1119
2007.3,15.965998944764232,Order348-3,Task 1114
2008.3,16.745521183161344,Order348-5,Task 1116
2011.3,3.7634722497016346,Order352-9,Task 1130
2015.3,18.74703374001234,Order349-1,Task 1102
2019.3,6.413618195675291,Order349-8,Task 1109
2023.3,21.25395942858262,Order352-4,Task 1125
2029.3,10.737973205261339,Order348-4,Task 1115
2030.3,16.85041647033326,Order352-2,Task 1123
2032.3,9.69331405014553,Order352-8,Task 1129
2037.3,17.12236169542563,Order349-6,Task 1107
2038.3,17.69780377931486,Order352-7,Task 1128
2039.3,8.611750316816238,Order352-1,Task 1122
2044.3,7.193892206269332,Order352-3,Task 1124
2045.3,26.362311474525995,Order354-6,Task 1136
2048.3,3.5576571413210294,Order352-5,Task 1126
2049.3,18.739220584180018,Order354-10,Task 1140
2051.3,16.72285691530592,Order354-3,Task 1133
2052.3,16.97015927714328,Order350-7,Task 1147
2059.3,10.789661996339621,Order354-8,Task 1138
2063.3,13.08879271450844,Order350-1,Task 1141
2063.3,25.49362974996112,Order354-1,Task 1131
2064.3,24.075221615370666,Order354-9,Task 1139
2068.3,23.625468601441124,Order354-7,Task 1137
2071.3,0.5477173898251175,Order354-5,Task 1135
2072.3,17.31145554846004,Order354-2,Task 1132
2079.3,4.647628770256686,Order354-4,Task 1134
2082.3,11.679591394580996,Order350-8,Task 1148
2089.3,23.59927542952395,Order350-4,Task 1144
2091.3,23.47569379828615,Order350-3,Task 1143
2093.3,9.746660612916433,Order350-6,Task 1146
2099.3,1.5314157135905555,Order350-5,Task 1145
2100.3,21.652174907371595,Order352-2,Task 1151
2101.3,20.237953468553002,Order350-2,Task 1142
2102.3,9.155032780619036,Order352-1,Task 1150
2103.3,2.246403329846895,Order352-9,Task 1158
2107.3,18.12773417417151,Order350-9,Task 1149
2108.3,18.90348439605403,Order352-6,Task 1155
2109.3,15.574032064359926,Order352-8,Task 1157
2115.3,21.342236250918752,Order352-7,Task 1156
2116.3,19.93332495236819,Order345-10,Task 1168
2118.3,15.104425967171146,Order351-1,Task 1169
2120.3,7.2487249115711165,Order352-5,Task 1154
2124.3,21.459888150899204,Order352-4,Task 1153
2129.3,9.530971817004641,Order345-5,Task 1163
2130.3,6.260077567855009,Order352-3,Task 1152
2131.3,3.3026764273151623,Order345-3,Task 1161
2134.3,17.18564881305059,Order345-4,Task 1162
2134.3,3.2588519717525815,Order345-8,Task 1166
2137.3,3.893170228272236,Order345-2,Task 1160
2138.3,4.00573162640151,Order345-1,Task 1159
2138.3,23.593944298725944,Order345-7,Task 1165
2140.3,12.39041046667181,Order345-9,Task 1167
2147.3,21.181465687826574,Order345-6,Task 1164
2148.3,16.593544184417027,Order351-5,Task 1173
2152.3,17.406150714068055,Order351-2,Task 1170
2153.3,-2.6798238391811626,Order351-4,Task 1172
2154.3,6.362816202856738,Order351-8,Task 1176
2155.3,7.7852194847037754,Order351-6,Task 1174
2158.3,19.548956280481537,Order351-3,Task 1171
2159.3,26.82738922244658,Order351-10,Task 1178
2160.3,13.610079761625599,Order349-3,Task 1181
2163.3,4.221475111759739,Order351-9,Task 1177
2171.3,15.057313621456723,Order349-6,Task 1184
2171.3,18.260989941907773,Order349-5,Task 1183
2173.3,20.658518262410443,Order351-7,Task 1175
2174.3,5.5057915816617715,Order349-8,Task 1186
2179.3,8.769246334276573,Order349-10,Task 1188
2181.3,24.203853667735796,Order349-7,Task 1185
2182.3,16.358293546347923,Order349-9,Task 1187
2182.3,5.789466919714029,Order349-2,Task 1180
2182.3,10.950717483511074,Order348-1,Task 1189
2184.3,11.966592892567437,Order348-2,Task 1190
2185.3,6.322537803027806,Order349-4,Task 1182
2190.3,6.566510313908273,Order348-9,Task 1197
2191.3,13.929470901314533,Order349-1,Task 1179
2194.3,17.154951272153976,Order348-3,Task 1191
2195.3,3.5727961441189415,Order348-4,Task 1192
2200.3,3.050040272446777,Order348-10,Task 1198
2203.3,22.097235395379574,Order348-8,Task 1196
2205.3,16.160228812865316,Order348-2,Task 1200
2208.3,9.533668845043747,Order348-7,Task 1195
2209.3,13.390732644607704,Order348-1,Task 1199
2215.3,5.814893296715663,Order348-6,Task 1194
2218.3,5.973122338380955,Order348-4,Task 1202
2218.3,15.012640498534019,Order348-5,Task 1193
2227.3,14.914645385075325,Order348-3,Task 1201
2228.3,20.15482206182235,Order348-5,Task 1203
2235.3,6.670764197973753,Order348-7,Task 1205
2241.3,-0.3640998075283539,Order348-9,Task 1207
2247.3,8.457984516002039,Order348-10,Task 1208
2250.3,17.83178436675374,Order348-8,Task 1206
2252.3,14.069940290481407,Order350-7,Task 1215
2254.3,2.3174733277377157,Order350-5,Task 1213
2255.3,7.758682284021864,Order348-6,Task 1204
2258.3,0.3380156218916479,Order350-6,Task 1214
2260.3,20.648380203208788,Order350-3,Task 1211
2261.3,13.220344150043267,Order350-8,Task 1216
2265.3,18.647021518213037,Order350-1,Task 1209
2266.3,1.7411515847649812,Order347-10,Task 1227
2268.3,22.94698327296718,Order350-4,Task 1212
2269.3,21.624916998916326,Order350-9,Task 1217
2270.3,23.655289485751986,Order350-2,Task 1210
2271.3,1.7683544890327114,Order347-4,Task 1221
2275.3,13.77795147654848,Order347-2,Task 1219
2277.3,18.26681348812751,Order347-1,Task 1218
2284.3,2.1460722713856963,Order347-9,Task 1226
2285.3,17.748309026938383,Order347-3,Task 1220
2286.3,24.509680589433213,Order347-6,Task 1223
2293.3,21.86164400306184,Order345-10,Task 1237
2295.3,1.6801893309123805,Order347-8,Task 1225
2297.3,2.052401363879875,Order345-3,Task 1230
2300.3,2.0010057075111605,Order345-8,Task 1235
2300.3,21.432926479237683,Order345-4,Task 1231
2302.3,1.7114351634720153,Order347-7,Task 1224
2304.3,20.338061511974267,Order345-7,Task 1234
2307.3,27.165796377975916,Order347-5,Task 1242
2311.3,19.999876876400112,Order345-6,Task 1233
2313.3,8.343189319789396,Order345-9,Task 1236
2314.3,2.537302608767054,Order345-1,Task 1228
2316.3,2.611262726754304,Order345-2,Task 1229
2319.3,1.6952555249556298,Order347-7,Task 1244
2320.3,2.395620473138872,Order347-4,Task 1241
2326.3,6.103598409219794,Order345-5,Task 1232
2326.3,2.3803353292683194,Order347-10,Task 1247
2335.3,1.9317907332623432,Order347-9,Task 1246
2336.3,1.8774409481816798,Order347-8,Task 1245
2346.3,21.672309884892922,Order347-3,Task 1240
2348.3,25.468660056523145,Order347-6,Task 1243
2350.3,2.384003292804535,Order349-2,Task 1249
2352.3,13.283959456933372,Order347-2,Task 1239
2352.3,1.9075999996748614,Order349-10,Task 1257
2354.3,11.010055199204519,Order349-3,Task 1250
2355.3,12.673694104394608,Order353-1,Task 1258
2355.3,18.505786222769203,Order347-1,Task 1238
2357.3,27.022502846589287,Order353-2,Task 1259
2358.3,16.17908294885741,Order349-5,Task 1252
2358.3,18.408509137528334,Order349-6,Task 1253
2360.3,10.600109613147811,Order353-10,Task 1267
2362.3,2.021499574506001,Order349-8,Task 1255
2366.3,16.052721818355337,Order349-9,Task 1256
2369.3,17.445325624974416,Order349-1,Task 1248
2369.3,19.225531551299582,Order349-7,Task 1254
2373.3,2.4103709628550765,Order349-4,Task 1251
2383.3,-0.47140695805436184,Order353-5,Task 1262
2386.3,2.2554397435306797,Order353-7,Task 1264
2387.3,1.7597836203049286,Order353-9,Task 1266
2393.3,2.0240735559384486,Order353-8,Task 1265
2393.3,2.306110251401377,Order353-3,Task 1260
2394.3,1.430802439280487,Order353-6,Task 1263
2397.3,1.9669180403579314,Order349-10,Task 1277
2399.3,17.486186718638667,Order349-7,Task 1274
2400.3,14.543192578103998,Order349-3,Task 1270
2401.3,-0.3054229055410992,Order353-4,Task 1261
2404.3,1.6820028177423685,Order349-4,Task 1271
2407.3,1.8406196762746179,Order353-3,Task 1280
2407.3,24.587928788771215,Order353-2,Task 1279
2408.3,15.652060711214624,Order349-5,Task 1272
2408.3,18.102613396646763,Order349-6,Task 1273
2408.3,18.28131298933922,Order349-9,Task 1276
2411.3,16.88207600671041,Order349-1,Task 1268
2412.3,1.9432583350566675,Order353-7,Task 1284
2412.3,1.302081846841777,Order349-2,Task 1269
2413.3,14.552609274017227,Order353-10,Task 1287
2419.3,2.79793169874653,Order349-8,Task 1275
2427.3,1.9717276705764064,Order353-6,Task 1283
2429.3,14.089124762569842,Order353-5,Task 1282
2431.3,12.327381613813854,Order353-1,Task 1278
2434.3,17.314007132233005,Order353-9,Task 1286
2440.3,2.127467748468443,Order353-8,Task 1285
2442.3,1.935423324731292,Order353-4,Task 1281
2443.3,16.014463734065792,Order348-3,Task 1290
2449.3,1.694437385798647,Order348-10,Task 1297
2450.3,20.752403188554677,Order348-5,Task 1292
2452.3,19.406774239094272,Order348-8,Task 1295
2452.3,18.603809997997722,Order348-1,Task 1288
2454.3,14.215873764460339,Order348-2,Task 1289
2457.3,1.8482660863537055,Order348-7,Task 1294
2460.3,16.37446471120234,Order349-2,Task 1299
2462.3,1.788086573612238,Order348-9,Task 1296
2467.3,1.6585124933094284,Order348-4,Task 1291
2470.3,1.8254349819067266,Order348-6,Task 1293
2472.3,19.939609590543395,Order349-10,Task 1307
2475.3,17.069300576583277,Order351-2,Task 1309
2477.3,16.981666991020962,Order351-1,Task 1308
2479.3,19.53621640749488,Order351-6,Task 1313
2483.3,18.500144156575427,Order349-4,Task 1301
2489.3,26.186475103118834,Order351-10,Task 1317
2489.3,13.898060257475986,Order351-5,Task 1312
2490.3,20.51273963059128,Order349-7,Task 1304
2490.3,18.501534845771857,Order349-1,Task 1298
2491.3,20.54412684976307,Order351-8,Task 1315
2495.3,15.896644221625472,Order351-4,Task 1311
2495.3,17.050973097748493,Order349-9,Task 1306
2495.3,12.90861282342289,Order349-3,Task 1300
2497.3,17.292715940185555,Order349-5,Task 1302
2500.3,22.870194711314756,Order351-3,Task 1310
2501.3,21.54949814974971,Order351-7,Task 1314
2502.3,15.80219220080182,Order349-6,Task 1303
2505.3,14.232987179715408,Order349-8,Task 1305
2514.3,17.993006655823525,Order351-9,Task 1316
2520.3,17.605678884263895,Order350-5,Task 1322
2522.3,19.379966705692546,Order350-2,Task 1319
2523.3,18.46842551839698,Order350-3,Task 1320
2524.3,12.646622341119933,Order350-8,Task 1325
2527.3,12.363329591350608,Order350-1,Task 1318
2528.3,8.937627548579854,Order350-7,Task 1324
2529.3,19.616844666209637,Order350-9,Task 1326
2531.3,20.472577904115916,Order350-4,Task 1321
2534.3,5.830454899736772,Order350-6,Task 1323
2538.3,8.146569426299452,Order354-9,Task 1335
2538.3,28.579512987933818,Order354-6,Task 1332
2539.3,7.34609565115501,Order354-10,Task 1336
2543.3,23.472482819345114,Order354-1,Task 1327
2544.3,26.22411957970715,Order347-5,Task 1341
2544.3,15.126326723317128,Order354-5,Task 1331
2546.3,9.155705840666677,Order345-4,Task 1350
2547.3,26.126846773917485,Order345-10,Task 1356
2553.3,7.469999619907986,Order354-4,Task 1330
2554.3,22.182329049544304,Order345-7,Task 1353
2560.3,16.993093596520552,Order354-3,Task 1329
2561.3,7.8572115323312355,Order354-2,Task 1328
2563.3,7.5214028095455605,Order354-8,Task 1334
2568.3,12.64328464195511,Order345-2,Task 1348
2570.3,8.26160193139065,Order345-3,Task 1349
2572.3,7.443333259075448,Order345-1,Task 1347
2573.3,16.220343725490558,Order347-3,Task 1339
2575.3,17.027067907738488,Order347-4,Task 1340
2580.3,12.849818491655718,Order347-7,Task 1343
2582.3,23.515579778828407,Order347-6,Task 1342
2590.3,23.246111126619063,Order345-6,Task 1352
2591.3,14.020662587739444,Order345-9,Task 1355
2598.3,16.3893741960795,Order347-10,Task 1346
2599.3,20.317766162130248,Order347-1,Task 1337
2600.3,16.803949867428546,Order345-8,Task 1354
2600.3,13.23316116595649,Order347-9,Task 1345
2601.3,16.73317847517721,Order347-8,Task 1344
2602.3,15.798413887612105,Order352-6,Task 1362
2602.3,20.657442566695135,Order352-4,Task 1360
2606.3,8.483985023575062,Order347-2,Task 1338
2609.3,14.732397098392775,Order345-5,Task 1351
2611.3,14.22290519736492,Order352-9,Task 1365
2614.3,15.030201667749726,Order352-5,Task 1361
2614.3,14.147310550437474,Order346-5,Task 1370
2617.3,8.073779355552738,Order352-8,Task 1364
2622.3,19.987710514023103,Order352-2,Task 1358
2623.3,14.109033402472903,Order352-3,Task 1359
2624.3,13.508890125198732,Order352-1,Task 1357
2628.3,22.039532317962827,Order346-7,Task 1372
2630.3,21.78671768489666,Order352-7,Task 1363
2631.3,13.018229495569798,Order346-2,Task 1367
2634.3,18.8248388982578,Order346-3,Task 1368
2634.3,12.602293137990623,Order346-8,Task 1373
2636.3,17.29830235574648,Order346-6,Task 1371
2638.3,15.079413375334244,Order352-6,Task 1381
2640.3,8.276636085281822,Order346-10,Task 1375
2641.3,21.41440512025231,Order352-7,Task 1382
2642.3,15.70784585140295,Order346-9,Task 1374
2642.3,13.36435219768442,Order352-6,Task 1390
2646.3,12.200592912611139,Order346-1,Task 1366
2647.3,14.71364778600788,Order352-5,Task 1380
2649.3,18.152927369367653,Order346-4,Task 1369
2652.3,17.957181347068943,Order352-3,Task 1378
2653.3,17.605099497658234,Order352-9,Task 1384
2654.3,14.374232321502964,Order352-8,Task 1383
2656.3,15.416601390574176,Order352-4,Task 1379
2658.3,8.658219973495772,Order352-1,Task 1376
2661.3,10.77626173100451,Order352-8,Task 1392
2661.3,18.04787389121296,Order352-2,Task 1377
2662.3,17.57328375438828,Order352-9,Task 1393
2663.3,22.83538424686264,Order352-2,Task 1386
2665.3,12.387556475810861,Order352-1,Task 1385
2666.3,13.043586790240655,Order353-1,Task 1394
2667.3,11.697659238826128,Order352-5,Task 1389
2671.3,24.04333269297225,Order352-4,Task 1388
2677.3,16.97269885971419,Order352-7,Task 1391
2682.3,16.140610130027127,Order352-3,Task 1387
2682.3,12.395400614113777,Order353-10,Task 1403
2686.3,19.175285930267815,Order353-7,Task 1400
2690.3,17.48360329373845,Order353-6,Task 1399
2692.3,17.090432749409608,Order353-5,Task 1398
2693.3,17.312522735485366,Order353-3,Task 1396
2697.3,20.277593728736527,Order353-9,Task 1402
2699.3,24.488808500941726,Order345-7,Task 1410
2702.3,14.259682561002082,Order345-5,Task 1408
2704.3,16.099779759177412,Order353-8,Task 1401
2704.3,21.400919436615503,Order353-2,Task 1395
2706.3,16.226311303993494,Order353-4,Task 1397
2707.3,24.51081389090017,Order345-10,Task 1413
2708.3,15.941712467977363,Order345-3,Task 1406
2709.3,13.851139304884246,Order345-8,Task 1411
2710.3,16.875863288855744,Order345-4,Task 1407
2711.3,17.740534376418005,Order345-1,Task 1404
2715.3,19.370087256987443,Order345-9,Task 1412
2720.3,13.662425686235425,Order345-6,Task 1409
2722.3,13.978365798597247,Order351-3,Task 1416
2722.3,16.52351481589562,Order351-1,Task 1414
2725.3,14.985454309486324,Order345-2,Task 1405
2729.3,19.55563138648247,Order351-7,Task 1420
2737.3,15.175129983465613,Order351-9,Task 1422
2738.3,14.663681156104143,Order351-5,Task 1418
2740.3,20.526217000326746,Order348-8,Task 1431
2740.3,19.107603499143718,Order351-2,Task 1415
2741.3,15.904749410009112,Order351-8,Task 1421
2743.3,13.382667002818172,Order351-4,Task 1417
2743.3,14.323697866389423,Order352-6,Task 1439
2744.3,19.588849943424037,Order351-6,Task 1419
2748.3,16.61974591912742,Order348-5,Task 1428
2748.3,19.93749452059606,Order348-1,Task 1424
2749.3,15.087253922120562,Order348-3,Task 1426
2750.3,21.32353227357837,Order348-2,Task 1425
2752.3,15.755715396121161,Order348-4,Task 1427
2753.3,16.340664360915227,Order348-9,Task 1432
2754.3,16.104755360727253,Order348-10,Task 1433
2761.3,19.65128494478317,Order348-6,Task 1429
2762.3,20.83427886156819,Order348-7,Task 1430
2763.3,18.33771952044401,Order352-1,Task 1434
2766.3,16.138140081655582,Order352-5,Task 1438
2767.3,17.739039577557598,Order352-3,Task 1436
2767.3,26.80284823297262,Order347-5,Task 1447
2771.3,19.623857671653262,Order352-4,Task 1437
2775.3,18.781444396103844,Order347-1,Task 1443
2776.3,16.39939832447748,Order347-9,Task 1451
2778.3,20.85861507541339,Order352-7,Task 1440
2779.3,20.27860821754055,Order352-2,Task 1435
2781.3,17.17194213291453,Order352-8,Task 1441
2782.3,21.530334865184724,Order352-9,Task 1442
2786.3,25.69672820810998,Order350-7,Task 1459
2788.3,16.01803397978376,Order347-7,Task 1449
2789.3,18.559191362121148,Order347-10,Task 1452
2790.3,23.903614684202292,Order347-6,Task 1448
2792.3,17.864296636635004,Order347-4,Task 1446
2794.3,19.67366526702784,Order350-1,Task 1453
2796.3,14.562295001831195,Order353-1,Task 1462
2799.3,18.334449122745138,Order347-8,Task 1450
2800.3,20.78854175331903,Order350-4,Task 1456
2802.3,19.670961446556536,Order350-2,Task 1454
2804.3,13.604130425572432,Order347-2,Task 1444
2805.3,12.110750447106215,Order350-6,Task 1458
2807.3,16.743854922829087,Order350-8,Task 1460
2812.3,15.031400763496222,Order350-9,Task 1461
2814.3,13.042046281523891,Order350-3,Task 1455
2815.3,18.97290669628343,Order347-3,Task 1445
2818.3,15.298859832714667,Order353-7,Task 1468
2818.3,16.492738266714746,Order350-5,Task 1457
2821.3,15.608710058381774,Order353-8,Task 1469
2821.3,22.788909960141215,Order353-2,Task 1463
2824.3,20.43094306903725,Order353-10,Task 1471
2825.3,18.17169297305292,Order353-3,Task 1464
2826.3,18.230840627733503,Order353-6,Task 1467
2827.3,14.40431403893992,Order353-4,Task 1465
2833.3,23.995776163219524,Order349-3,Task 1474
2834.3,13.124187063801866,Order349-5,Task 1476
2836.3,20.808081466431666,Order353-5,Task 1466
2841.3,18.871000553046773,Order353-9,Task 1470
2843.3,13.448866596466852,Order349-1,Task 1472
2844.3,16.357264547170956,Order349-6,Task 1477
2849.3,20.253287692524694,Order349-7,Task 1478
2851.3,18.07788852915148,Order349-8,Task 1479
2854.3,10.916320327058333,Order349-2,Task 1473
2854.3,14.005325815332679,Order349-4,Task 1475
2855.3,15.540079287415706,Order349-10,Task 1481
2858.3,19.24295854160761,Order349-9,Task 1480
2859.3,14.150804184933847,Order351-8,Task 1489
2859.3,25.757491364454225,Order351-10,Task 1491
2862.3,16.420008863900435,Order351-6,Task 1487
2862.3,16.65680248907881,Order351-1,Task 1482
2864.3,19.990721851119073,Order351-7,Task 1488
2868.3,18.947186016128803,Order351-2,Task 1483
2870.3,13.73877800003686,Order351-3,Task 1484
2871.3,12.258815686217105,Order351-5,Task 1486
2873.3,16.477420801804698,Order351-9,Task 1490
2873.3,13.070467874156385,Order351-4,Task 1485
2875.3,20.032434492515414,Order348-2,Task 1493
2876.3,21.969587897431417,Order346-5,Task 1506
2877.3,22.83099642617421,Order348-8,Task 1499
2880.3,13.816288139654965,Order348-6,Task 1497
2883.3,20.213272678680042,Order348-1,Task 1492
2883.3,13.11234531000978,Order348-5,Task 1496
2888.3,21.12946128529191,Order346-3,Task 1504
2889.3,16.517941209534406,Order348-9,Task 1500
2893.3,17.381430114088023,Order348-3,Task 1494
2896.3,15.361635684947453,Order348-7,Task 1498
2899.3,16.59236578610268,Order348-10,Task 1501
2902.3,17.34587401952025,Order346-4,Task 1505
2903.3,19.275768096471797,Order346-8,Task 1509
2904.3,16.33848926505327,Order346-9,Task 1510
2906.3,20.47028131923471,Order348-4,Task 1495
2907.3,11.88675348262974,Order346-1,Task 1502
2907.3,17.011231116602964,Order346-6,Task 1507
2909.3,18.49617361212479,Order349-3,Task 1514
2910.3,17.11975330978361,Order349-2,Task 1513
2911.3,20.463716002534397,Order346-2,Task 1503
2912.3,24.152192067602662,Order346-10,Task 1511
2915.3,11.48525693658951,Order349-5,Task 1516
2915.3,15.155392029163089,Order349-9,Task 1520
2917.3,21.122642006307572,Order346-7,Task 1508
2918.3,22.808026284939125,Order349-6,Task 1517
2918.3,19.576814606348453,Order349-1,Task 1512
2921.3,12.271102189574746,Order349-4,Task 1515
2925.3,18.251182637889503,Order346-5,Task 1526
2931.3,11.490256628232526,Order349-8,Task 1519
2936.3,19.38372830891389,Order349-10,Task 1521
2937.3,15.960521529472116,Order346-6,Task 1527
2938.3,14.035965311505961,Order349-7,Task 1518
2944.3,24.825087764413556,Order346-10,Task 1531
2947.3,24.19654576567795,Order346-9,Task 1530
2951.3,19.52879697071408,Order346-4,Task 1525
2951.3,18.99641380727103,Order349-2,Task 1533
2952.3,20.76835510251986,Order346-2,Task 1523
2955.3,26.122149628226516,Order346-3,Task 1524
2956.3,5.150895790447311,Order346-1,Task 1522
2956.3,10.09637928565525,Order346-8,Task 1529
2958.3,20.24551759786864,Order349-6,Task 1537
2958.3,10.30895949711115,Order349-5,Task 1536
2959.3,6.645219985982151,Order349-4,Task 1535
2961.3,14.285615548368657,Order345-4,Task 1545
2961.3,20.449536377370517,Order346-7,Task 1528
2962.3,20.380363981289243,Order349-9,Task 1540
2962.3,14.90246473288068,Order349-3,Task 1534
2965.3,25.847712085227293,Order349-7,Task 1538
2965.3,13.316370334276517,Order349-1,Task 1532
2966.3,13.10328157771735,Order349-10,Task 1541
2976.3,19.362851294542303,Order345-5,Task 1546
2977.3,8.299790580944013,Order349-8,Task 1539
2985.3,25.061169289059045,Order345-10,Task 1551
2986.3,13.49968161522219,Order345-6,Task 1547
2988.3,21.272221847819516,Order345-9,Task 1550
2990.3,10.716880336819859,Order345-3,Task 1544
2992.3,16.537975903067803,Order345-2,Task 1543
2992.3,23.12135644180574,Order346-4,Task 1555
2992.3,22.55084009689753,Order345-7,Task 1548
2993.3,15.761621303044995,Order345-8,Task 1549
2994.3,12.037029305322761,Order345-1,Task 1542
2994.3,23.36977695849008,Order346-9,Task 1560
2995.3,16.516195762227373,Order346-5,Task 1556
2996.3,9.602693548877768,Order346-1,Task 1552
2999.3,13.024804755514939,Order346-6,Task 1557
3002.3,27.838441880005874,Order346-3,Task 1554
3003.3,18.495791459676983,Order354-1,Task 1562
3007.3,26.094739203707448,Order346-10,Task 1561
3012.3,21.696398081341858,Order346-7,Task 1558
3016.3,14.832366381377906,Order346-8,Task 1559
3017.3,9.291517213131462,Order354-2,Task 1563
3019.3,18.247235284663986,Order354-10,Task 1571
3020.3,15.34628651206387,Order346-2,Task 1553
3020.3,24.87163100560704,Order354-6,Task 1567
3023.3,10.190592370559113,Order354-3,Task 1564
3024.3,18.58299992628517,Order354-9,Task 1570
3026.3,24.133863350608348,Order345-10,Task 1581
3033.3,8.192702604447847,Order354-7,Task 1568
3043.3,15.139449289898886,Order354-8,Task 1569
3046.3,14.927456957923827,Order345-8,Task 1579
3052.3,14.888413160767028,Order354-4,Task 1565
3056.3,14.52785079052128,Order345-1,Task 1572
3058.3,19.263732975901476,Order345-2,Task 1573
3059.3,6.924987159487597,Order354-5,Task 1566
3060.3,9.423286519978761,Order345-3,Task 1574
3060.3,19.272337070744737,Order354-1,Task 1582
3063.3,16.835914154093167,Order345-4,Task 1575
3067.3,16.371573376358427,Order345-6,Task 1577
3067.3,22.43576421122699,Order345-7,Task 1578
3068.3,23.846033488522504,Order345-5,Task 1576
3068.3,5.34684611632777,Order354-2,Task 1583
3069.3,15.355156326168139,Order354-7,Task 1588
3069.3,20.8600668823431,Order345-9,Task 1580
3071.3,27.994371523574507,Order354-6,Task 1587
3080.3,9.57792415133361,Order354-8,Task 1589
3084.3,14.035406416960083,Order354-9,Task 1590
3085.3,14.161864720484994,Order354-10,Task 1591
3092.3,12.092679328926351,Order354-4,Task 1585
3097.3,25.668296616920994,Order350-7,Task 1608
3100.3,8.130525587714411,Order354-3,Task 1584
3103.3,15.156689667515884,Order349-2,Task 1593
3106.3,8.387493732579399,Order354-5,Task 1586
3107.3,16.15024512023111,Order349-5,Task 1596
3110.3,11.766694511288033,Order349-4,Task 1595
3111.3,22.898656740147622,Order349-6,Task 1597
3111.3,14.131035682465976,Order349-10,Task 1601
3113.3,10.57254286376489,Order349-3,Task 1594
3114.3,17.03320682835699,Order350-9,Task 1610
3115.3,14.462085981020728,Order349-9,Task 1600
3116.3,8.97577599088728,Order350-2,Task 1603
3117.3,18.48448155186543,Order349-1,Task 1592
3122.3,18.47045205238773,Order350-5,Task 1606
3124.3,18.391213113375652,Order349-7,Task 1598
3125.3,12.179644895504355,Order349-8,Task 1599
3135.3,15.633340973191006,Order350-3,Task 1604
3135.3,25.193832332475544,Order350-4,Task 1605
3139.3,16.46697531380447,Order350-6,Task 1607
3142.3,19.06935858231191,Order350-8,Task 1609
3143.3,23.128765797160984,Order350-1,Task 1602
3145.3,15.332766716783258,Order350-2,Task 1612
3146.3,21.035356823517155,Order350-1,Task 1611
3148.3,22.047682098520585,Order350-7,Task 1617
3149.3,15.243730036530852,Order350-3,Task 1613
3149.3,16.85723042105106,Order350-5,Task 1615
3152.3,18.802019597673826,Order350-8,Task 1618
3154.3,25.144724773749985,Order350-4,Task 1614
3157.3,14.539117781084382,Order350-6,Task 1616
3157.3,16.68453640693572,Order350-9,Task 1619
3159.3,21.07170920473519,Order348-8,Task 1627
3165.3,13.505849679777537,Order348-1,Task 1620
3167.3,15.631489117125245,Order348-4,Task 1623
3168.3,7.109182203557435,Order348-3,Task 1622
3168.3,14.99497471474881,Order348-5,Task 1624
3173.3,6.848081782510063,Order348-10,Task 1629
3173.3,21.982511469837373,Order348-9,Task 1628
3174.3,12.746208658309861,Order347-6,Task 1635
3178.3,20.96304522049307,Order348-2,Task 1621
3180.3,11.411090757539654,Order348-6,Task 1625
3181.3,18.833188183326122,Order347-10,Task 1639
3181.3,8.109542117885125,Order347-4,Task 1633
3181.3,17.321767182933527,Order348-7,Task 1626
3182.3,12.132372331883351,Order347-1,Task 1630
3186.3,25.178155596392042,Order347-5,Task 1634
3192.3,7.253060068949451,Order347-8,Task 1637
3202.3,7.293441526836362,Order347-9,Task 1638
3203.3,22.201359063147414,Order348-2,Task 1641
3207.3,13.650831075760147,Order347-2,Task 1631
3218.3,9.471292946202379,Order347-3,Task 1632
3224.3,12.65322001457041,Order347-7,Task 1636
3231.3,13.606146903486625,Order348-6,Task 1645
3231.3,12.342487683744006,Order348-7,Task 1646
3240.3,6.663409187778267,Order348-3,Task 1642
3241.3,15.111299150883223,Order348-5,Task 1644
3245.3,7.388279954802826,Order348-10,Task 1649
3246.3,17.706053955943123,Order348-9,Task 1648
3248.3,20.411256445707085,Order348-8,Task 1647
3251.3,9.923941673882995,Order347-2,Task 1651
3252.3,26.064950882057975,Order347-5,Task 1654
3254.3,19.35380388785706,Order348-1,Task 1640
3255.3,14.122889026921195,Order347-10,Task 1659
3256.3,16.875855950094937,Order348-4,Task 1643
3258.3,24.660930344532165,Order347-5,Task 1664
3264.3,11.070539568390693,Order347-1,Task 1650
3265.3,6.161980613825013,Order347-8,Task 1657
3271.3,9.209552020007527,Order347-7,Task 1656
3272.3,4.624809727611863,Order347-6,Task 1655
3273.3,8.210651492483368,Order347-4,Task 1653
3280.3,6.11881536736171,Order347-9,Task 1658
3281.3,10.891197384726334,Order347-3,Task 1652
3282.3,7.019748775508461,Order347-4,Task 1663
3284.3,11.127736659474392,Order347-6,Task 1665
3290.3,7.473210965201936,Order347-9,Task 1668
3291.3,11.412006432266562,Order347-3,Task 1662
3292.3,22.0887692107612,Order345-10,Task 1679
3297.3,9.837705885959846,Order347-2,Task 1661
3298.3,17.22875802482142,Order347-10,Task 1669
3303.3,14.970607332624198,Order347-7,Task 1666
3305.3,18.969622503210516,Order347-1,Task 1660
3308.3,18.01485281503576,Order345-2,Task 1671
3311.3,14.691998610099144,Order345-8,Task 1677
3313.3,6.25914437336791,Order347-8,Task 1667
3318.3,7.358486411970476,Order345-5,Task 1674
3320.3,21.241537204233587,Order345-7,Task 1676
3321.3,14.2745906891116,Order345-3,Task 1672
3322.3,10.992386177291731,Order345-6,Task 1675
3324.3,15.813647520801469,Order345-4,Task 1673
3326.3,14.066059544935282,Order345-1,Task 1670
3328.3,23.831550553551455,Order347-5,Task 1684
3333.3,18.501643394022384,Order345-9,Task 1678
3341.3,14.125674695428183,Order347-10,Task 1689
3343.3,6.8542706923106484,Order347-9,Task 1688
3344.3,8.669001508621943,Order347-3,Task 1682
3346.3,8.089142625867632,Order347-4,Task 1683
3351.3,6.291615562933559,Order347-7,Task 1686
3353.3,12.21965680256074,Order347-6,Task 1685
3362.3,7.362154268610783,Order347-8,Task 1687
3363.3,14.842198600315701,Order352-6,Task 1695
3367.3,15.88746636685895,Order347-2,Task 1681
3370.3,24.641260151261434,Order347-1,Task 1680
3370.3,17.085021599755564,Order348-1,Task 1699
3374.3,15.368358847492011,Order348-7,Task 1705
3376.3,7.16946383435224,Order348-3,Task 1701
3381.3,20.29217490626992,Order348-2,Task 1700
3381.3,17.987993408541065,Order348-4,Task 1702
3383.3,20.10133916983005,Order348-8,Task 1706
3384.3,17.07336243881384,Order348-5,Task 1703
3387.3,16.310929775870473,Order352-5,Task 1694
3389.3,6.997893112637588,Order352-3,Task 1692
3394.3,17.79707951374858,Order352-2,Task 1691
3395.3,14.086402833365803,Order348-9,Task 1707
3396.3,4.451228174091067,Order352-8,Task 1697
3396.3,6.128403817386456,Order352-7,Task 1696
3397.3,5.697295676470195,Order348-6,Task 1704
3400.3,12.75343125104446,Order352-4,Task 1693
3403.3,13.205422073942495,Order352-1,Task 1690
3406.3,20.826063479060874,Order352-9,Task 1698
3406.3,5.218191685944369,Order348-10,Task 1708
3410.3,6.723599515615445,Order350-6,Task 1714
3413.3,6.560216451921261,Order350-8,Task 1716
3414.3,18.29426778822931,Order350-2,Task 1710
3415.3,22.64450050707707,Order350-7,Task 1715
3418.3,19.259532148024082,Order350-1,Task 1709
3419.3,17.258228208744036,Order350-5,Task 1713
3422.3,14.195516082936285,Order350-3,Task 1711
3422.3,7.266069715675907,Order350-9,Task 1717
3424.3,25.188546705812193,Order350-4,Task 1712
3425.3,19.52314565469407,Order347-6,Task 1723
3430.3,26.98193488237595,Order347-5,Task 1722
3432.3,13.918572593470884,Order347-1,Task 1718
3432.3,6.957466511647066,Order347-8,Task 1725
3437.3,15.527092692673211,Order347-2,Task 1719
3446.3,7.262492412075453,Order347-9,Task 1726
3447.3,7.695575046364806,Order347-4,Task 1721
3447.3,5.356944670201991,Order347-3,Task 1720
3452.3,13.531523419617507,Order353-3,Task 1730
3453.3,15.733339245442009,Order347-10,Task 1727
3454.3,21.225187713648857,Order353-2,Task 1729
3454.3,5.547334807079981,Order347-7,Task 1724
3461.3,7.530930346177256,Order353-4,Task 1731
3462.3,8.444825932729513,Order353-6,Task 1733
3465.3,17.274360264481345,Order353-7,Task 1734
3466.3,6.679259270701577,Order353-1,Task 1728
3467.3,21.82583849494385,Order353-10,Task 1737
3471.3,6.392502925758066,Order353-5,Task 1732
3473.3,20.47885477139597,Order353-10,Task 1747
3473.3,17.3732635314841,Order353-3,Task 1740
3476.3,22.748009882231564,Order353-9,Task 1736
3477.3,6.552553659490896,Order353-1,Task 1738
3478.3,22.17497077213349,Order353-2,Task 1739
3480.3,16.036143103960285,Order353-7,Task 1744
3483.3,15.177451411016218,Order353-8,Task 1735
3485.3,6.8824161260104315,Order353-4,Task 1741
3492.3,16.47815405754392,Order353-8,Task 1745
3493.3,6.964155203102837,Order353-5,Task 1742
3497.3,21.441219613284346,Order353-9,Task 1746
3500.3,6.99517585097538,Order353-6,Task 1743
3505.3,11.69488167217384,Order352-4,Task 1751
3506.3,17.605019440025334,Order352-1,Task 1748
3510.3,6.042459621606922,Order352-3,Task 1750
3513.3,8.270749248084748,Order352-8,Task 1755
3517.3,14.455476112974186,Order352-7,Task 1754
3519.3,16.429272460309075,Order352-6,Task 1753
3520.3,18.98280231847085,Order345-10,Task 1766
3522.3,14.196784456662447,Order352-5,Task 1752
3527.3,7.300450425286841,Order346-4,Task 1770
3528.3,16.12159206564147,Order352-9,Task 1756
3530.3,2.3649448025478694,Order352-2,Task 1749
3535.3,15.47435005327317,Order345-2,Task 1758
3539.3,12.388726964800528,Order345-1,Task 1757
3540.3,13.347038477920796,Order345-3,Task 1759
3542.3,15.462353115084461,Order345-8,Task 1764
3542.3,16.981311670884267,Order345-4,Task 1760
3544.3,8.299103990453082,Order345-6,Task 1762
3545.3,7.86713308167549,Order345-5,Task 1761
3546.3,20.983295980288943,Order345-7,Task 1763
3550.3,23.730559961381015,Order346-7,Task 1773
3550.3,7.390638240884591,Order346-5,Task 1771
3555.3,21.931205442719403,Order346-10,Task 1776
3557.3,21.00747933371536,Order345-9,Task 1765
3558.3,16.461518136272986,Order346-9,Task 1775
3561.3,13.423105832991538,Order346-8,Task 1774
3561.3,9.53085422834991,Order346-1,Task 1767
3567.3,13.376155613182249,Order346-6,Task 1772
3569.3,20.68365970430749,Order346-2,Task 1768
3571.3,7.638318646638128,Order345-3,Task 1789
3572.3,21.91688006853165,Order346-3,Task 1769
3574.3,15.980996413641273,Order345-4,Task 1790
3582.3,21.426295492740703,Order345-9,Task 1795
3582.3,6.851462403662902,Order345-5,Task 1791
3589.3,21.61348644256657,Order345-7,Task 1793
3593.3,13.604556502786105,Order354-8,Task 1784
3596.3,17.451033483421384,Order345-8,Task 1794
3596.3,23.473862179268004,Order345-10,Task 1796
3598.3,15.673579068105271,Order354-9,Task 1785
3601.3,12.268505184613359,Order345-1,Task 1787
3604.3,20.52656052285222,Order354-1,Task 1777
3606.3,5.80248049556281,Order354-4,Task 1780
3607.3,6.2982015840737215,Order354-2,Task 1778
3613.3,28.336593717130093,Order354-6,Task 1782
3613.3,5.6687392484250365,Order354-3,Task 1779
3614.3,16.289116208323613,Order354-7,Task 1783
3622.3,14.711524332015307,Order345-6,Task 1792
3628.3,19.258140383739892,Order345-2,Task 1788
3629.3,8.466380303565227,Order354-5,Task 1781
3630.3,13.229543733768228,Order354-10,Task 1786
3637.3,14.200214607215335,Order350-9,Task 1805
3639.3,26.751567045314296,Order350-4,Task 1800
3642.3,6.510902050171406,Order350-6,Task 1802
3647.3,25.13303168242082,Order350-7,Task 1803
3649.3,17.215784427147668,Order350-5,Task 1801
3651.3,21.092861005485226,Order350-2,Task 1798
3652.3,7.401804057275403,Order350-8,Task 1804
3653.3,14.387703188784034,Order351-8,Task 1813
3653.3,21.484846417860062,Order350-1,Task 1797
3654.3,7.068048695021744,Order351-1,Task 1806
3657.3,7.543075473608478,Order351-4,Task 1809
3659.3,10.06855108438393,Order350-3,Task 1799
3662.3,12.56356652875539,Order351-10,Task 1815
3667.3,17.575205580884575,Order351-9,Task 1814
3669.3,11.954890759639534,Order351-3,Task 1808
3673.3,22.59726144741909,Order354-1,Task 1816
3674.3,27.076649816748468,Order354-6,Task 1821
3676.3,21.259436753986954,Order351-7,Task 1812
3681.3,26.982300450603613,Order354-6,Task 1831
3684.3,15.686205578988522,Order351-6,Task 1811
3686.3,7.214169895064213,Order351-5,Task 1810
3686.3,17.067297964591564,Order354-2,Task 1817
3690.3,6.338001005006252,Order351-2,Task 1807
3691.3,16.36350563762171,Order354-10,Task 1825
3695.3,9.76188708896619,Order354-4,Task 1819
3700.3,9.077736986023035,Order354-9,Task 1824
3703.3,6.953162050139131,Order354-3,Task 1818
3708.3,14.878182164883327,Order354-7,Task 1822
3709.3,12.342435579184798,Order354-2,Task 1827
3718.3,9.764882652475055,Order354-8,Task 1823
3721.3,28.355631247630676,Order354-1,Task 1826
3724.3,14.85618850309153,Order354-5,Task 1820
3726.3,16.914940308269117,Order354-7,Task 1832
3730.3,14.229680349347593,Order354-5,Task 1830
3737.3,10.591662476732793,Order354-3,Task 1828
3740.3,11.701580405083408,Order354-8,Task 1833
3741.3,17.739093988722974,Order354-10,Task 1835
3744.3,12.596369764579242,Order354-9,Task 1834
3745.3,14.18074451782235,Order352-6,Task 1841
3750.3,22.050563934907355,Order352-1,Task 1836
3752.3,14.439994597492024,Order354-4,Task 1829
3756.3,13.541290425073111,Order352-4,Task 1839
3758.3,9.905398781126957,Order352-8,Task 1843
3761.3,6.593739492274334,Order352-3,Task 1838
3763.3,17.639617670743636,Order353-1,Task 1845
3763.3,12.865006587122021,Order352-2,Task 1837
3766.3,14.27046665028502,Order352-9,Task 1844
3770.3,17.13932712646721,Order353-7,Task 1851
3773.3,1.1169978004355414,Order352-7,Task 1842
3777.3,19.178571930009664,Order352-5,Task 1840
3779.3,14.711836010810948,Order352-6,Task 1860
3780.3,14.907948072656737,Order353-6,Task 1850
3782.3,20.209645222101834,Order353-9,Task 1853
3784.3,19.466128133005295,Order353-3,Task 1847
3786.3,8.150307990568406,Order353-10,Task 1854
3787.3,19.135940515111663,Order353-2,Task 1846
3788.3,15.611650905415017,Order353-8,Task 1852
3791.3,22.18825693983908,Order353-5,Task 1849
3796.3,11.979761600529534,Order353-4,Task 1848
3797.3,11.512541235582198,Order352-3,Task 1857
3804.3,9.906542501617547,Order352-2,Task 1856
3808.3,15.576430749394724,Order352-9,Task 1863
3809.3,14.13243362260457,Order352-4,Task 1858
3813.3,17.489028607005057,Order352-5,Task 1859
3815.3,9.237384554399606,Order352-8,Task 1862
3816.3,20.713077242417626,Order350-1,Task 1864
3819.3,14.395877453295203,Order352-7,Task 1861
3822.3,15.928120681769606,Order352-1,Task 1855
3826.3,14.874610502138903,Order350-5,Task 1868
3828.3,19.49259484001317,Order350-8,Task 1871
3832.3,21.820895550627032,Order350-4,Task 1867
3832.3,21.26332604978238,Order350-7,Task 1870
3833.3,16.73563076280966,Order350-9,Task 1872
3833.3,21.411891808242252,Order350-2,Task 1865
3835.3,15.956430092994992,Order350-6,Task 1869
3837.3,16.22511930621891,Order350-3,Task 1866
3837.3,22.05918893441307,Order348-8,Task 1880
3841.3,14.695576028662227,Order348-7,Task 1879
3845.3,17.72087741786208,Order348-4,Task 1876
3845.3,15.375418562689333,Order348-1,Task 1873
3847.3,15.658700370495426,Order348-9,Task 1881
3849.3,19.006309875058584,Order354-1,Task 1883
3849.3,8.99028035815525,Order348-6,Task 1878
3851.3,22.411862781581473,Order348-3,Task 1875
3852.3,8.463854833249156,Order354-2,Task 1884
3856.3,21.028350385837044,Order348-2,Task 1874
3856.3,12.291725826283333,Order348-10,Task 1882
3856.3,27.60596103414294,Order354-6,Task 1888
3858.3,17.012817916241374,Order348-5,Task 1877
3865.3,10.714713270032478,Order354-5,Task 1887
3867.3,16.651586991500217,Order354-7,Task 1889
3872.3,13.407529653957088,Order354-9,Task 1891
3880.3,4.832461375225615,Order354-4,Task 1886
3884.3,26.85519134060727,Order353-1,Task 1903
3887.3,27.679969117788804,Order354-6,Task 1898
3887.3,14.18404957937393,Order354-3,Task 1885
3890.3,13.882923363917438,Order354-8,Task 1890
3892.3,12.974661517264803,Order354-10,Task 1892
3893.3,15.830455197614501,Order354-10,Task 1902
3893.3,6.519361086266902,Order354-2,Task 1894
3894.3,22.205884485783294,Order354-1,Task 1893
3895.3,10.73612095356394,Order354-3,Task 1895
3897.3,16.127700733151936,Order354-9,Task 1901
3898.3,17.722434712876233,Order353-10,Task 1912
3904.3,12.633490760662804,Order354-5,Task 1897
3904.3,20.934869527382638,Order353-2,Task 1904
3907.3,15.20467465036981,Order353-7,Task 1909
3912.3,13.756643718975349,Order354-4,Task 1896
3913.3,14.880573405683535,Order353-5,Task 1907
3914.3,16.877024716901115,Order353-3,Task 1905
3918.3,23.43681330029082,Order350-7,Task 1919
3923.3,28.178575614317534,Order350-4,Task 1916
3923.3,13.379282904094575,Order354-8,Task 1900
3927.3,17.037303967822876,Order350-1,Task 1913
3930.3,18.061253997179726,Order353-8,Task 1910
3931.3,11.138029580327862,Order353-6,Task 1908
3932.3,17.16992300020529,Order354-7,Task 1899
3935.3,19.221474797270425,Order353-9,Task 1911
3937.3,17.021019784246963,Order350-8,Task 1920
3940.3,13.542904416770204,Order353-4,Task 1906
3947.3,15.199436669523259,Order350-5,Task 1917
3948.3,22.40084424103063,Order350-2,Task 1914
3948.3,17.879867503864446,Order350-9,Task 1921
3950.3,14.80558934124772,Order350-3,Task 1915
3950.3,13.565315384303124,Order350-6,Task 1918
3950.3,15.790145266383902,Order345-8,Task 1929
3952.3,17.343936993853394,Order345-4,Task 1925
3960.3,22.40504191032413,Order345-9,Task 1930
3966.3,21.258673476614423,Order345-7,Task 1928
3967.3,10.813599059836088,Order345-3,Task 1924
3968.3,15.735663238144017,Order345-6,Task 1927
3973.3,25.073469829327728,Order345-10,Task 1931
3973.3,15.38103028183215,Order345-2,Task 1923
3973.3,17.457850373221046,Order346-6,Task 1937
3976.3,14.525822999350638,Order345-1,Task 1922
3977.3,12.698980454150881,Order352-4,Task 1945
3978.3,13.152053074155825,Order346-5,Task 1936
3980.3,21.270379416737853,Order346-4,Task 1935
3981.3,8.692679666487718,Order346-1,Task 1932
3982.3,21.387562907814925,Order345-5,Task 1926
3982.3,15.759233912408089,Order352-5,Task 1946
3982.3,15.223928666105904,Order352-6,Task 1947
3983.3,16.854499476302216,Order352-9,Task 1950
3988.3,10.421826285832138,Order352-3,Task 1944
3992.3,14.29016930115123,Order352-1,Task 1942
3993.3,20.941846298218607,Order346-3,Task 1934
3995.3,20.172857689892083,Order346-2,Task 1933
4000.3,11.110764576897903,Order352-7,Task 1948
4002.3,22.198186010359976,Order351-1,Task 1951
4005.3,22.359135372027755,Order346-10,Task 1941
4007.3,14.487648542303708,Order346-9,Task 1940
4010.3,24.480013012565674,Order346-7,Task 1938
4013.3,8.768778591178682,Order346-8,Task 1939
4016.3,11.825066830296114,Order352-8,Task 1949
4019.3,11.159786367058144,Order351-10,Task 1960
4020.3,21.557580940709045,Order351-2,Task 1952
4021.3,12.182281102502953,Order352-2,Task 1943
4022.3,19.601829008882937,Order351-8,Task 1958
4024.3,15.003394396760392,Order351-4,Task 1954
4030.3,19.591067306362216,Order351-7,Task 1957
4033.3,11.210698027978275,Order351-3,Task 1953
4034.3,12.240567103397257,Order352-6,Task 1966
4036.3,14.952029342188615,Order351-1,Task 1970
4037.3,9.467284896621756,Order351-6,Task 1956
4039.3,15.054761176017404,Order351-5,Task 1955
4046.3,12.309475023538134,Order351-9,Task 1959
4053.3,4.55783843327914,Order352-7,Task 1967
4057.3,16.582256171939132,Order352-5,Task 1965
4062.3,4.652583280010965,Order352-4,Task 1964
4063.3,16.82955929530125,Order352-9,Task 1969
4065.3,8.246553578282697,Order352-8,Task 1968
4066.3,15.288713060643904,Order345-1,Task 1980
4068.3,12.020336393738727,Order352-3,Task 1963
4070.3,11.344265655650146,Order352-2,Task 1962
4072.3,16.473488835721362,Order352-1,Task 1961
4073.3,10.20155211853344,Order351-10,Task 1979
4074.3,22.6940831322501,Order345-7,Task 1986
4078.3,20.211335944614873,Order351-2,Task 1971
4081.3,7.039750582540072,Order345-6,Task 1985
4083.3,9.665944916199543,Order351-3,Task 1972
4084.3,18.439307864715712,Order345-4,Task 1983
4084.3,24.115526580016255,Order345-5,Task 1984
4090.3,18.074222320998302,Order351-9,Task 1978
4091.3,21.56586612118962,Order351-8,Task 1977
4092.3,16.679259670587527,Order345-8,Task 1987
4095.3,13.24651430415672,Order351-4,Task 1973
4097.3,16.104014707745556,Order351-6,Task 1975
4100.3,10.939590126226221,Order351-5,Task 1974
4107.3,23.287866208722832,Order345-10,Task 1989
4109.3,19.26976226236497,Order351-7,Task 1976
4110.3,11.453229882368683,Order345-3,Task 1982
4112.3,17.44122025786364,Order345-8,Task 1997
4112.3,14.239971322269716,Order345-4,Task 1993
4119.3,22.365275047690307,Order345-9,Task 1988
4123.3,13.799665289418655,Order345-1,Task 1990
4125.3,15.376735835270722,Order345-2,Task 1981
4134.3,22.98998961457577,Order345-5,Task 1994
4135.3,15.536186143148939,Order345-9,Task 1998
4141.3,21.17310328540263,Order345-7,Task 1996
4143.3,10.625796260196969,Order345-3,Task 1992
4143.3,11.15870194275645,Order345-6,Task 1995
4145.3,16.44924005050865,Order351-1,Task 2000
4148.3,14.790497304260688,Order351-4,Task 2003
4148.3,13.89797809771698,Order345-2,Task 1991
4149.3,22.835964913359007,Order345-10,Task 1999
4153.3,11.734817186514524,Order351-10,Task 2009
4153.3,17.140585630456176,Order351-2,Task 2001
4153.3,16.127051373115187,Order351-3,Task 2002
4157.3,21.21888309994358,Order353-1,Task 2010
4158.3,16.076732991499277,Order351-9,Task 2008
4159.3,9.792754579731518,Order351-5,Task 2004
4160.3,18.271700318527852,Order351-8,Task 2007
4166.3,19.398636311183118,Order351-6,Task 2005
4168.3,20.61027744356383,Order351-7,Task 2006
4170.3,9.695009557308456,Order352-6,Task 2025
4170.3,15.213824094781945,Order353-7,Task 2016
4175.3,22.496523042800735,Order353-2,Task 2011
4176.3,9.884612326337066,Order353-6,Task 2015
4176.3,17.273663495365998,Order353-3,Task 2012
4178.3,15.566187994667875,Order353-5,Task 2014
4181.3,16.871019307580138,Order353-10,Task 2019
4182.3,26.7311937824454,Order353-9,Task 2018
4189.3,15.548704250659585,Order353-8,Task 2017
4191.3,12.7307222783809,Order353-4,Task 2013
4194.3,17.627570366529643,Order352-5,Task 2024
4195.3,13.427972454333666,Order346-5,Task 2033
4196.3,13.382350617192477,Order352-8,Task 2027
4198.3,11.986594709582322,Order352-4,Task 2023
4200.3,16.02395738950677,Order352-9,Task 2028
4202.3,20.569716264877016,Order346-4,Task 2032
4203.3,17.531691109780432,Order352-1,Task 2020
4203.3,16.437134519833734,Order346-9,Task 2037
4207.3,12.421506939689632,Order352-7,Task 2026
4208.3,14.01714612255569,Order346-6,Task 2034
4213.3,14.673643077522797,Order352-3,Task 2022
4215.3,5.364063064128069,Order352-2,Task 2021
4219.3,20.983982290300688,Order346-10,Task 2038
4221.3,15.84818481656221,Order346-2,Task 2030
4224.3,6.739923205618531,Order346-1,Task 2029
4225.3,22.117035911089758,Order346-7,Task 2035
4229.3,9.263065730518319,Order346-8,Task 2036
4234.3,2.8241189088224594,Order348-10,Task 2048
4236.3,5.577552050963358,Order348-6,Task 2044
4236.3,18.794700451700763,Order348-5,Task 2043
4237.3,22.71455027227301,Order348-1,Task 2039
4239.3,19.938547199906495,Order346-3,Task 2031
4241.3,16.793935761739945,Order348-9,Task 2047
4248.3,17.249068151656036,Order348-7,Task 2045
4250.3,16.710868480910307,Order348-4,Task 2042
4250.3,22.80758285667435,Order348-2,Task 2040
4252.3,22.040579492154883,Order348-8,Task 2046
4253.3,13.53633078367341,Order353-7,Task 2055
4254.3,20.878025546410207,Order353-1,Task 2049
4258.3,21.176567619319183,Order353-10,Task 2058
4260.3,15.880655215593155,Order353-3,Task 2051
4261.3,10.519915653116817,Order353-4,Task 2052
4262.3,18.276175883450147,Order348-3,Task 2041
4267.3,22.69850379421592,Order353-9,Task 2057
4269.3,21.309169768644665,Order353-2,Task 2050
4270.3,5.608649772231524,Order353-6,Task 2054
4274.3,17.048303947028458,Order349-2,Task 2060
4274.3,12.928304233175353,Order353-8,Task 2056
4277.3,4.895433372994157,Order349-3,Task 2061
4277.3,16.874883589715658,Order353-5,Task 2053
4281.3,17.016613682253865,Order349-6,Task 2064
4284.3,22.21518929893832,Order349-7,Task 2065
4285.3,14.856273535181284,Order349-5,Task 2063
4288.3,13.985041994539776,Order349-8,Task 2066
4291.3,14.645305186486226,Order349-1,Task 2059
4292.3,15.421200512645834,Order349-10,Task 2068
4293.3,17.299879904280516,Order346-6,Task 2074
4294.3,16.590775684064155,Order346-9,Task 2077
4295.3,12.891292772007816,Order349-4,Task 2062
4298.3,17.33448950765348,Order349-9,Task 2067
4298.3,18.66529694535382,Order346-5,Task 2073
4300.3,21.934490992372897,Order346-4,Task 2072
4305.3,21.83029022143125,Order346-3,Task 2071
4309.3,7.291794712990539,Order346-8,Task 2076
4309.3,13.268926591418843,Order346-1,Task 2069
4311.3,15.53274437676195,Order351-1,Task 2079
4314.3,26.660684986971507,Order346-7,Task 2075
4314.3,11.402667459912522,Order351-10,Task 2088
4316.3,18.759535821244224,Order346-2,Task 2070
4319.3,19.84757471895043,Order346-10,Task 2078
4320.3,14.174346225807906,Order351-4,Task 2082
4325.3,-1.2788383315706051,Order351-3,Task 2091
4329.3,7.900315670248448,Order351-5,Task 2083
4333.3,12.43367579161134,Order351-2,Task 2080
4339.3,12.94786758590979,Order351-7,Task 2085
4347.3,15.43049727585301,Order351-9,Task 2087
4349.3,15.186316592672293,Order351-8,Task 2086
4349.3,4.21991938248766,Order351-3,Task 2081
4353.3,13.378171877556246,Order351-4,Task 2092
4355.3,13.330389077084577,Order351-6,Task 2084
4357.3,0.8980836477062877,Order351-7,Task 2095
4359.3,14.856336377016609,Order351-10,Task 2098
4360.3,1.9012025133559378,Order351-1,Task 2089
4361.3,14.926676060687008,Order351-2,Task 2090
4365.3,17.02158979654168,Order351-6,Task 2094
4367.3,4.325838595505544,Order351-5,Task 2093
4369.3,2.462532169124019,Order351-8,Task 2096
4378.3,18.748515312260125,Order351-9,Task 2097
4379.3,17.66449382290427,Order352-1,Task 2099
4382.3,0.5691288554458837,Order352-5,Task 2103
4383.3,14.944983979783746,Order352-3,Task 2101
4386.3,7.150810971547999,Order352-8,Task 2106
4388.3,9.707443043479776,Order352-4,Task 2102
4394.3,13.500650804199678,Order352-9,Task 2107
4395.3,5.534929164620657,Order352-2,Task 2100
4396.3,24.07955368711286,Order350-4,Task 2111
4397.3,2.1739123885546396,Order352-6,Task 2104
4398.3,-0.7968949438838322,Order350-2,Task 2109
4399.3,9.543345910367682,Order349-9,Task 2125
4401.3,1.801552756665369,Order352-7,Task 2105
4404.3,3.6506580208160155,Order350-6,Task 2113
4406.3,1.447153015228027,Order350-8,Task 2115
4407.3,3.1690535378407056,Order350-1,Task 2108
4408.3,23.842177309134225,Order350-7,Task 2114
4409.3,12.133713390978555,Order349-2,Task 2118
4411.3,13.26765638182718,Order350-9,Task 2116
4412.3,-0.20054055456288267,Order350-5,Task 2112
4413.3,17.533151598007034,Order350-3,Task 2110
4420.3,17.847041264342536,Order349-6,Task 2122
4421.3,13.741144097154907,Order349-5,Task 2121
4424.3,11.26542456475428,Order349-8,Task 2124
4428.3,15.554315290240908,Order349-4,Task 2120
4429.3,14.504399732198666,Order349-10,Task 2126
4431.3,14.55306450451674,Order349-3,Task 2119
4431.3,17.96300078194297,Order350-8,Task 2134
4435.3,21.5374821469145,Order349-7,Task 2123
4435.3,18.17703885293919,Order349-1,Task 2117
4435.3,27.12298401329225,Order350-7,Task 2133
4437.3,17.313876364019997,Order350-5,Task 2131
4438.3,13.662530232731111,Order350-9,Task 2135
4440.3,11.44087379353274,Order350-6,Task 2132
4440.3,24.531918540238884,Order350-1,Task 2127
4446.3,13.123995725951549,Order350-3,Task 2129
4447.3,19.76213777019327,Order348-7,Task 2142
4447.3,5.783801238362312,Order348-6,Task 2141
4449.3,26.26963676888945,Order350-4,Task 2130
4450.3,22.36152703078072,Order350-2,Task 2128
4450.3,21.761952034623167,Order348-2,Task 2137
4458.3,19.46336325770676,Order348-5,Task 2140
4459.3,20.025702282588092,Order348-4,Task 2139
4459.3,12.802388353837335,Order348-1,Task 2136
4463.3,19.111039971474806,Order350-1,Task 2146
4463.3,19.999753365383288,Order348-9,Task 2144
4465.3,12.658372300587192,Order350-9,Task 2154
4465.3,7.147755894648096,Order348-10,Task 2145
4468.3,21.88791671919517,Order348-8,Task 2143
4470.3,23.014008026096736,Order350-7,Task 2152
4471.3,10.33462157986178,Order351-10,Task 2164
4477.3,20.01232768983894,Order348-3,Task 2138
4477.3,18.306554034940422,Order350-3,Task 2148
4483.3,18.43693698241769,Order350-5,Task 2150
4484.3,16.088044760521157,Order350-2,Task 2147
4486.3,13.072872348211156,Order350-6,Task 2151
4489.3,20.503445321937043,Order350-8,Task 2153
4489.3,19.15958093457365,Order351-1,Task 2155
4494.3,19.288844975352745,Order351-4,Task 2158
4496.3,25.43405161488664,Order350-4,Task 2149
4496.3,20.305289879160814,Order351-6,Task 2160
4499.3,9.943392180075364,Order351-2,Task 2156
4501.3,14.831404968568599,Order345-8,Task 2172
4505.3,14.905932834022627,Order351-5,Task 2159
4507.3,19.603002425332118,Order351-8,Task 2162
4515.3,11.631753386386396,Order351-9,Task 2163
4516.3,17.826709847397908,Order345-5,Task 2169
4517.3,7.891559508331188,Order351-3,Task 2157
4517.3,13.928739089220828,Order345-4,Task 2168
4518.3,17.63780522826636,Order345-1,Task 2165
4524.3,22.06715657395068,Order351-7,Task 2161
4532.3,6.445112093499247,Order345-6,Task 2170
4538.3,17.58864667973772,Order345-2,Task 2166
4549.3,22.261804300644478,Order345-9,Task 2173
4556.3,21.6588751395809,Order345-7,Task 2171
4558.3,12.367638622126982,Order345-3,Task 2167
4561.3,6.545571736253805,Order346-1,Task 2175
4562.3,15.69644128991394,Order346-5,Task 2179
4564.3,25.079182292192165,Order345-10,Task 2174
4566.3,19.092923049488356,Order346-9,Task 2183
4567.3,20.83933354103996,Order346-3,Task 2177
4570.3,20.93683470559629,Order346-4,Task 2178
4570.3,5.883491049401044,Order346-8,Task 2182
4572.3,12.611539823518042,Order346-6,Task 2180
4574.3,16.071003728743687,Order349-2,Task 2186
4576.3,22.780599474813226,Order346-7,Task 2181
4577.3,16.254949046591047,Order349-1,Task 2185
4577.3,12.456951730088024,Order349-3,Task 2187
4578.3,19.66274251617535,Order346-2,Task 2176
4579.3,17.61891421025567,Order349-5,Task 2189
4581.3,22.70305337349172,Order346-10,Task 2184
4582.3,8.853525504352382,Order349-6,Task 2190
4585.3,19.369530285628333,Order349-9,Task 2193
4586.3,20.56240190445475,Order353-1,Task 2195
4588.3,20.410174477194854,Order353-2,Task 2196
4590.3,14.661766218508173,Order349-10,Task 2194
4592.3,16.802227020122523,Order349-7,Task 2191
4601.3,11.455782282163561,Order349-8,Task 2192
4605.3,12.698195909639113,Order349-4,Task 2188
4608.3,19.469272417225408,Order353-3,Task 2197
4610.3,16.098480475967754,Order353-10,Task 2204
4611.3,19.883823297036134,Order353-8,Task 2202
4614.3,13.416828872989546,Order353-7,Task 2201
4615.3,22.771185402902663,Order353-9,Task 2203
4618.3,11.978357906628172,Order353-6,Task 2200
4619.3,13.336508252012859,Order353-4,Task 2198
4624.3,14.229868656011767,Order353-5,Task 2199
4626.3,6.875193352014666,Order347-6,Task 2210
4627.3,16.933811497936293,Order347-4,Task 2208
4630.3,16.463600924199984,Order347-2,Task 2206
4631.3,26.777039572389054,Order347-5,Task 2209
4639.3,23.74310276495777,Order347-1,Task 2205
4640.3,16.46047854405626,Order347-9,Task 2213
4641.3,12.601361051702353,Order347-8,Task 2212
4644.3,18.170878789207393,Order351-1,Task 2215
4646.3,15.433069455813614,Order351-8,Task 2222
4646.3,14.782975732104553,Order347-10,Task 2214
4650.3,20.31261359191787,Order351-2,Task 2216
4652.3,9.167211098882527,Order347-3,Task 2207
4655.3,16.46905908828524,Order351-5,Task 2219
4659.3,7.658178910564818,Order347-7,Task 2211
4660.3,15.408988291973376,Order351-6,Task 2220
4663.3,15.853016192986523,Order353-7,Task 2231
4664.3,12.299226025533745,Order351-10,Task 2224
4668.3,19.818060484217277,Order351-7,Task 2221
4669.3,14.51816490297185,Order351-4,Task 2218
4673.3,18.357525179814665,Order353-1,Task 2225
4674.3,13.246644629829047,Order351-3,Task 2217
4676.3,14.474925567801996,Order353-6,Task 2230
4676.3,15.219436337627776,Order351-9,Task 2223
4682.3,21.394899485794483,Order353-10,Task 2234
4683.3,16.533065648848595,Order353-3,Task 2227
4685.3,8.688010777815636,Order353-4,Task 2228
4686.3,18.023582647177896,Order353-5,Task 2229
4688.3,20.719342228634847,Order350-2,Task 2236
4688.3,27.923421802792078,Order350-7,Task 2241
4690.3,20.954522278327357,Order350-8,Task 2242
4691.3,23.084467804107966,Order353-9,Task 2233
4692.3,19.882780856205184,Order353-2,Task 2226
4693.3,8.777900361526635,Order350-1,Task 2235
4696.3,18.927957927846087,Order350-5,Task 2239
4697.3,14.759316880937773,Order350-9,Task 2243
4698.3,13.874130122471463,Order353-8,Task 2232
4699.3,17.570715503967264,Order350-6,Task 2240
4702.3,13.413880084236613,Order345-4,Task 2247
4703.3,13.18536911778202,Order345-1,Task 2244
4705.3,16.138253616094286,Order345-8,Task 2251
4708.3,14.47352931726087,Order350-3,Task 2237
4709.3,24.781817384077222,Order350-4,Task 2238
4713.3,18.129434550847126,Order345-6,Task 2249
4717.3,25.443782693862595,Order345-10,Task 2253
4719.3,22.853799319344017,Order345-5,Task 2248
4723.3,20.216261541684702,Order346-4,Task 2257
4723.3,21.140613416452933,Order345-7,Task 2250
4724.3,14.20239790234345,Order345-3,Task 2246
4725.3,20.677876249958086,Order345-2,Task 2245
4726.3,19.031912147130807,Order345-8,Task 2271
4729.3,13.856396001925654,Order346-6,Task 2259
4732.3,12.3725501628838,Order345-4,Task 2267
4734.3,18.73683722602133,Order346-5,Task 2258
4735.3,17.97270087954992,Order345-9,Task 2252
4739.3,22.098380917506173,Order346-8,Task 2261
4744.3,25.085537047959885,Order346-7,Task 2260
4749.3,20.904166253069203,Order345-9,Task 2272
4752.3,24.62192216018131,Order345-10,Task 2273
4757.3,10.707097679251394,Order345-6,Task 2269
4758.3,21.66068995036531,Order345-7,Task 2270
4759.3,14.951636874187509,Order345-3,Task 2266
4761.3,17.324817412620867,Order346-9,Task 2262
4761.3,19.678436907726223,Order345-5,Task 2268
4762.3,18.61635532595962,Order346-1,Task 2254
4764.3,15.781435707309976,Order345-1,Task 2264
4766.3,14.451883948808424,Order345-2,Task 2265
4768.3,16.457596313125542,Order346-2,Task 2255
4768.3,16.50508791225633,Order348-6,Task 2279
4775.3,14.959424629853343,Order348-7,Task 2280
4776.3,21.113649148958505,Order346-3,Task 2256
4776.3,26.028366168924766,Order354-6,Task 2289
4782.3,18.204770408665198,Order348-10,Task 2283
4782.3,22.116996449758503,Order346-10,Task 2263
4785.3,22.778418592602886,Order348-1,Task 2274
4785.3,22.01511492464703,Order348-8,Task 2281
4786.3,15.068417969177572,Order348-5,Task 2278
4790.3,15.234610676499742,Order354-3,Task 2286
4792.3,19.059758940046986,Order348-9,Task 2282
4793.3,12.537055206262842,Order348-4,Task 2277
4794.3,20.433316507091302,Order348-3,Task 2276
4795.3,21.527205162550015,Order348-2,Task 2275
4796.3,19.997113460159834,Order354-1,Task 2284
4802.3,17.69943839707164,Order354-8,Task 2291
4804.3,15.26361475561717,Order354-10,Task 2293
4806.3,18.82989045805948,Order354-2,Task 2285
4809.3,15.065684229664964,Order354-5,Task 2288
4811.3,20.20584336183452,Order345-8,Task 2301
4811.3,15.747628001433425,Order354-7,Task 2290
4812.3,23.107816802525637,Order345-10,Task 2303
4815.3,10.364180642477395,Order354-9,Task 2292
4823.3,16.028890812824052,Order354-4,Task 2287
4824.3,15.374795599953172,Order345-3,Task 2296
4827.3,15.055675420375074,Order345-4,Task 2297
4828.3,15.592566865136344,Order345-1,Task 2294
4831.3,22.058043159261352,Order345-7,Task 2300
4831.3,21.725643703948705,Order345-6,Task 2299
4832.3,14.225175630659852,Order345-5,Task 2298
4837.3,17.00760131006944,Order345-2,Task 2295
4840.3,17.48597949765625,Order352-8,Task 2311
4841.3,15.47865233507666,Order352-9,Task 2312
4848.3,17.45112385714584,Order345-9,Task 2302
4853.3,19.90583113399242,Order353-1,Task 2313
4853.3,20.591306250495972,Order352-5,Task 2308
4855.3,17.064414422191938,Order352-6,Task 2309
4857.3,20.267181286402124,Order353-7,Task 2319
4861.3,18.55021940937568,Order352-2,Task 2305
4865.3,20.033688294384092,Order352-4,Task 2307
4872.3,21.168748498817635,Order352-7,Task 2310
4875.3,11.639283474765682,Order352-1,Task 2304
4877.3,18.385649057741546,Order352-3,Task 2306
4877.3,22.308164480386505,Order353-10,Task 2322
4878.3,21.884382495464592,Order353-2,Task 2314
4881.3,16.5296199613379,Order353-3,Task 2315
4882.3,22.25151527862311,Order350-7,Task 2329
4885.3,16.482350149967072,Order353-6,Task 2318
4886.3,14.144955607777062,Order353-4,Task 2316
4887.3,20.558475347258646,Order353-5,Task 2317
4888.3,20.453992338458377,Order350-2,Task 2324
4890.3,23.20468134924815,Order350-1,Task 2323
4893.3,17.31020677523584,Order353-8,Task 2320
4894.3,19.061674129396362,Order350-9,Task 2331
4895.3,13.920468705067751,Order350-5,Task 2327
4897.3,15.671913446650073,Order350-8,Task 2330
4898.3,24.52815270397099,Order353-9,Task 2321
4898.3,25.98001088155289,Order350-4,Task 2326
4901.3,15.687582214404758,Order350-6,Task 2328
4903.3,18.05564541139215,Order353-3,Task 2334
4904.3,15.289299029063415,Order353-7,Task 2338
4907.3,9.857722768160407,Order350-3,Task 2325
4907.3,21.999471200478514,Order353-2,Task 2333
4908.3,20.027596489981935,Order353-1,Task 2332
4908.3,17.236258765044298,Order353-6,Task 2337
4912.3,15.562913847692613,Order353-9,Task 2340
4914.3,18.918533049331135,Order353-10,Task 2341
4919.3,25.93334162750497,Order350-7,Task 2348
4920.3,15.632180100537209,Order353-4,Task 2335
4921.3,13.942409639024703,Order353-5,Task 2336
4923.3,16.492909047159902,Order350-8,Task 2349
4926.3,19.345383194926775,Order350-1,Task 2342
4927.3,15.169592117102884,Order353-8,Task 2339
4929.3,19.16508299331669,Order350-5,Task 2346
4931.3,22.30943099925509,Order350-4,Task 2345
4932.3,16.730772236235673,Order349-2,Task 2352
4933.3,21.94447575725371,Order350-2,Task 2343
4935.3,17.629170212288635,Order350-6,Task 2347
4935.3,17.748378591751646,Order349-9,Task 2359
4936.3,14.489615305544485,Order350-9,Task 2350
4937.3,14.588066531132652,Order350-3,Task 2344
4939.3,17.199860961181376,Order349-10,Task 2360
4941.3,16.448848371470433,Order349-4,Task 2354
4941.3,22.161463500385132,Order349-6,Task 2356
4944.3,22.539275856680998,Order349-3,Task 2353
4945.3,13.658299806647937,Order349-5,Task 2355
4945.3,21.65876745847313,Order352-4,Task 2364
4947.3,20.549833675013154,Order349-7,Task 2357
4947.3,19.746739551243525,Order349-1,Task 2351
4953.3,26.02884888390387,Order349-6,Task 2375
4957.3,13.569959431508533,Order349-8,Task 2358
4958.3,15.005053178253165,Order352-6,Task 2366
4959.3,17.12630939559307,Order352-8,Task 2368
4961.3,13.934104658711497,Order352-5,Task 2365
4962.3,18.300320566714063,Order352-3,Task 2363
4965.3,15.665893456337832,Order349-2,Task 2371
4968.3,21.56829394178133,Order352-7,Task 2367
4969.3,16.86255665783277,Order352-2,Task 2362
4969.3,14.08736538908469,Order349-5,Task 2374
4973.3,17.241890227648646,Order346-5,Task 2384
4978.3,18.610185545333035,Order352-1,Task 2361
4979.3,16.31525230490714,Order352-9,Task 2369
4983.3,14.04237149263829,Order349-4,Task 2373
4986.3,19.34027007048746,Order349-3,Task 2372
4987.3,25.259663854960888,Order349-9,Task 2378
4990.3,13.64947192734839,Order349-1,Task 2370
4997.3,17.52404104622773,Order349-8,Task 2377
4997.3,16.661401949633877,Order349-7,Task 2376
