"tick","Quality Max","Res Queue Max","Rank Max","Ser Queue Max"
1.0,NaN,0.0,0.0,NaN
2.0,NaN,0.0,0.0,NaN
3.0,NaN,0.0,0.0,NaN
4.0,NaN,0.0,0.0,NaN
5.0,NaN,0.0,0.0,NaN
6.0,Infinity,0.0,0.0,NaN
7.0,Infinity,0.0,0.0,NaN
8.0,Infinity,0.0,0.0,NaN
9.0,Infinity,0.0,0.0,NaN
10.0,Infinity,2.0,0.0,NaN
11.0,Infinity,2.0,0.0,NaN
12.0,Infinity,2.0,0.0,NaN
13.0,Infinity,2.0,0.0,NaN
14.0,Infinity,2.0,8.691486294650371,NaN
15.0,Infinity,2.0,31.70597700163712,NaN
16.0,Infinity,2.0,31.70597700163712,NaN
17.0,Infinity,2.0,31.70597700163712,NaN
18.0,Infinity,2.0,31.70597700163712,NaN
19.0,Infinity,1.0,31.70597700163712,NaN
20.0,Infinity,1.0,31.70597700163712,NaN
21.0,Infinity,1.0,31.70597700163712,NaN
22.0,Infinity,1.0,31.70597700163712,NaN
23.0,Infinity,1.0,31.70597700163712,NaN
24.0,Infinity,1.0,31.70597700163712,NaN
25.0,Infinity,5.0,31.70597700163712,NaN
26.0,Infinity,5.0,31.70597700163712,NaN
27.0,Infinity,5.0,31.70597700163712,NaN
28.0,Infinity,5.0,31.70597700163712,NaN
29.0,Infinity,5.0,31.70597700163712,NaN
30.0,Infinity,5.0,31.70597700163712,NaN
31.0,Infinity,5.0,31.70597700163712,NaN
32.0,Infinity,5.0,31.70597700163712,NaN
33.0,Infinity,5.0,31.70597700163712,NaN
34.0,Infinity,4.0,31.705977008424227,NaN
35.0,Infinity,4.0,31.705977008424227,NaN
36.0,Infinity,4.0,31.705977008424227,NaN
37.0,Infinity,4.0,31.705977008424227,NaN
38.0,Infinity,3.0,31.705977008424227,NaN
39.0,Infinity,3.0,31.705977008424227,NaN
40.0,Infinity,2.0,31.705977007793976,NaN
41.0,Infinity,2.0,31.705977007793976,NaN
42.0,Infinity,2.0,31.705977007793976,NaN
43.0,Infinity,2.0,31.705977007793976,NaN
44.0,Infinity,2.0,31.705977007793976,NaN
45.0,Infinity,2.0,31.705977007793976,NaN
46.0,Infinity,2.0,31.705977007793976,NaN
47.0,Infinity,0.0,31.705977007793976,NaN
48.0,Infinity,0.0,31.705977007793976,NaN
49.0,Infinity,0.0,31.705977007793976,NaN
50.0,Infinity,0.0,31.705977007793976,NaN
51.0,NaN,0.0,31.70597700779397,NaN
52.0,NaN,0.0,31.70597700779397,NaN
53.0,Infinity,0.0,31.70597700779397,NaN
54.0,Infinity,0.0,31.70597700779397,NaN
55.0,Infinity,4.0,31.70597700779397,NaN
56.0,Infinity,3.0,31.70597700779397,NaN
57.0,Infinity,3.0,31.70597700779397,NaN
58.0,Infinity,3.0,31.70597700779397,NaN
59.0,Infinity,3.0,31.70597700779397,NaN
60.0,Infinity,3.0,31.70597700779397,NaN
61.0,Infinity,3.0,60.74944453391627,NaN
62.0,Infinity,3.0,60.74944453391627,NaN
63.0,Infinity,3.0,60.74944453391627,NaN
64.0,Infinity,3.0,60.74944453391627,NaN
65.0,Infinity,4.0,31.70597700779397,NaN
66.0,Infinity,4.0,31.70597700779397,NaN
67.0,Infinity,4.0,31.70597700779397,NaN
68.0,Infinity,4.0,25.195082040727318,NaN
69.0,Infinity,2.0,25.195082040727318,NaN
70.0,Infinity,2.0,25.195082040727318,NaN
71.0,Infinity,2.0,25.195082040727318,NaN
72.0,Infinity,0.0,25.195082040727318,NaN
73.0,Infinity,0.0,25.195185298652913,NaN
74.0,Infinity,0.0,21.445272371181332,NaN
75.0,Infinity,0.0,21.445272371181332,NaN
76.0,Infinity,0.0,21.445272371181332,NaN
77.0,Infinity,0.0,21.445272371181332,NaN
78.0,Infinity,0.0,21.445272371181332,NaN
79.0,NaN,0.0,21.450298579862952,NaN
80.0,NaN,0.0,21.450298579862952,NaN
81.0,NaN,0.0,21.450298579862952,NaN
82.0,NaN,0.0,21.450298579862952,NaN
83.0,NaN,0.0,21.450298579862952,NaN
84.0,NaN,0.0,21.450298579862952,NaN
85.0,NaN,0.0,21.450298579862952,NaN
86.0,NaN,0.0,21.450298579862952,NaN
87.0,NaN,0.0,21.450298579862952,NaN
88.0,Infinity,0.0,21.450298579862952,NaN
89.0,Infinity,0.0,21.450298579862952,NaN
90.0,Infinity,4.0,21.450298579862952,NaN
91.0,Infinity,4.0,21.450298579862952,NaN
92.0,Infinity,4.0,21.450298579862952,NaN
93.0,Infinity,4.0,21.450298579862952,NaN
94.0,Infinity,4.0,21.450298579862952,NaN
95.0,Infinity,4.0,21.450298579862952,NaN
96.0,Infinity,4.0,21.450298579862952,NaN
97.0,Infinity,4.0,21.450298579862952,NaN
98.0,Infinity,4.0,21.450298579862952,NaN
99.0,Infinity,2.0,21.450298579862952,NaN
100.0,Infinity,2.0,21.450298579862952,NaN
101.0,Infinity,2.0,21.450298579862952,NaN
102.0,Infinity,2.0,21.450298579862952,NaN
103.0,Infinity,2.0,21.450298579862952,NaN
104.0,Infinity,2.0,21.450298579862952,NaN
105.0,Infinity,2.0,21.450298579862952,NaN
106.0,Infinity,2.0,21.450298579862952,NaN
107.0,Infinity,2.0,21.448727023421487,NaN
108.0,Infinity,2.0,21.448727023421487,NaN
109.0,Infinity,2.0,21.448727023421487,NaN
110.0,Infinity,5.0,21.448727023421487,NaN
111.0,Infinity,5.0,21.448727023421487,NaN
112.0,Infinity,5.0,21.448727023421487,NaN
113.0,Infinity,5.0,21.448727023421487,NaN
114.0,Infinity,5.0,21.448727023421487,NaN
115.0,Infinity,5.0,21.448727023421487,NaN
116.0,Infinity,3.0,21.448727023653987,NaN
117.0,Infinity,7.0,21.448727023653987,NaN
118.0,Infinity,7.0,21.448727023653987,NaN
119.0,Infinity,7.0,21.448727023653987,NaN
120.0,Infinity,7.0,21.448727023653987,NaN
121.0,Infinity,7.0,21.448727023653987,NaN
122.0,Infinity,7.0,21.448727023653987,NaN
123.0,Infinity,7.0,21.448727023653987,NaN
124.0,Infinity,7.0,21.448727023653987,NaN
125.0,Infinity,7.0,21.448727023653987,NaN
126.0,Infinity,6.0,21.448727023653987,NaN
127.0,Infinity,6.0,21.448727023653987,NaN
128.0,Infinity,10.0,21.448727023653987,NaN
129.0,Infinity,10.0,21.448727023653987,NaN
130.0,Infinity,10.0,21.448727023653987,NaN
131.0,Infinity,10.0,21.448727023653987,NaN
132.0,Infinity,10.0,21.448727023653987,NaN
133.0,Infinity,8.0,21.448726844132253,NaN
134.0,Infinity,8.0,21.448726844132253,NaN
135.0,Infinity,8.0,21.448726844132253,NaN
136.0,Infinity,8.0,21.448726844132253,NaN
137.0,Infinity,8.0,21.448726844132253,NaN
138.0,Infinity,8.0,21.448726844132253,NaN
139.0,Infinity,8.0,21.448726844132253,NaN
140.0,Infinity,9.0,21.448726844132253,NaN
141.0,Infinity,8.0,21.448726843976335,NaN
142.0,Infinity,8.0,21.448726843976335,NaN
143.0,Infinity,8.0,21.448726843976335,NaN
144.0,Infinity,8.0,21.448726843976335,NaN
145.0,Infinity,8.0,21.448726843976335,NaN
146.0,Infinity,8.0,21.448726843976335,NaN
147.0,Infinity,10.0,21.448726843976335,NaN
148.0,Infinity,10.0,21.44872684390272,NaN
149.0,Infinity,10.0,21.44872684390272,NaN
150.0,Infinity,10.0,21.44872684390272,NaN
151.0,Infinity,9.0,21.44872684390272,NaN
152.0,Infinity,9.0,21.44872684390272,NaN
153.0,Infinity,7.0,21.448726843863643,NaN
154.0,Infinity,7.0,21.448726843693287,NaN
155.0,Infinity,7.0,21.448726843693287,NaN
156.0,Infinity,7.0,21.448726843693287,NaN
157.0,Infinity,7.0,21.448726843693287,NaN
158.0,Infinity,7.0,21.448726843693287,NaN
159.0,Infinity,6.0,21.448726843802806,NaN
160.0,Infinity,6.0,21.44872684380279,NaN
161.0,Infinity,6.0,21.448726843802785,NaN
162.0,Infinity,6.0,21.448726843802785,NaN
163.0,Infinity,6.0,21.448726843802785,NaN
164.0,Infinity,6.0,21.448726843802785,NaN
165.0,Infinity,6.0,21.448726843802785,NaN
166.0,Infinity,6.0,21.448726843802785,NaN
167.0,Infinity,6.0,21.448726843802785,NaN
168.0,Infinity,6.0,21.448726843802785,NaN
169.0,Infinity,6.0,21.448726843802785,NaN
170.0,Infinity,6.0,21.448726843802785,NaN
171.0,Infinity,6.0,21.448726843802785,NaN
172.0,Infinity,6.0,21.448726843802785,NaN
173.0,Infinity,6.0,21.448726843802785,NaN
174.0,Infinity,12.0,21.448726843802785,NaN
175.0,Infinity,12.0,21.448726843802785,NaN
176.0,Infinity,12.0,21.448726843802785,NaN
177.0,Infinity,12.0,21.448726843802785,NaN
178.0,Infinity,12.0,21.448726843802785,NaN
179.0,Infinity,12.0,21.448726843802785,NaN
180.0,Infinity,12.0,21.448726843802785,NaN
181.0,Infinity,16.0,21.448726843802785,NaN
182.0,Infinity,16.0,21.448726843802785,NaN
183.0,Infinity,16.0,21.448726843802785,NaN
184.0,Infinity,16.0,21.448726843802785,NaN
185.0,Infinity,16.0,21.448726843802785,NaN
186.0,Infinity,16.0,21.448726843802785,NaN
187.0,Infinity,16.0,21.448726843802785,NaN
188.0,Infinity,16.0,21.448726843802785,NaN
189.0,Infinity,16.0,21.448726843802785,NaN
190.0,Infinity,16.0,21.448726843802785,NaN
191.0,Infinity,16.0,21.448726843802785,NaN
192.0,Infinity,17.0,21.448726843802785,NaN
193.0,Infinity,17.0,21.448726843802785,NaN
194.0,Infinity,17.0,21.448726843802785,NaN
195.0,Infinity,17.0,21.448726843802785,NaN
196.0,Infinity,21.0,21.448726843802785,NaN
197.0,Infinity,21.0,21.448726843802785,NaN
198.0,Infinity,21.0,21.448726843802785,NaN
199.0,Infinity,21.0,21.448726843802785,NaN
200.0,Infinity,21.0,21.448726843802785,NaN
201.0,Infinity,21.0,21.448726843802785,NaN
202.0,Infinity,21.0,21.448726843802785,NaN
203.0,Infinity,21.0,21.448726843802785,NaN
204.0,Infinity,21.0,21.448726843802785,NaN
205.0,Infinity,21.0,21.448726843802785,NaN
206.0,Infinity,21.0,21.448726843802785,NaN
207.0,Infinity,21.0,21.448726843802785,NaN
208.0,Infinity,21.0,21.448726843802785,NaN
209.0,Infinity,21.0,21.448726843802785,NaN
210.0,Infinity,21.0,21.448726843802785,NaN
211.0,Infinity,22.0,21.448726843802785,NaN
212.0,Infinity,22.0,21.448726843802785,NaN
213.0,Infinity,22.0,21.448726843802785,NaN
214.0,Infinity,22.0,21.448726843802785,NaN
215.0,Infinity,22.0,21.448726843802785,NaN
216.0,Infinity,22.0,21.448726843802785,NaN
217.0,Infinity,22.0,21.448726843802785,NaN
218.0,Infinity,22.0,21.448726843802785,NaN
219.0,Infinity,22.0,21.448726843802785,NaN
220.0,Infinity,22.0,21.448726843802785,NaN
221.0,Infinity,22.0,21.448726843802785,NaN
222.0,Infinity,22.0,21.448726843802785,NaN
223.0,Infinity,22.0,21.448726843802785,NaN
224.0,Infinity,22.0,21.448726843802785,NaN
225.0,Infinity,22.0,21.448726843802785,NaN
226.0,Infinity,22.0,21.448726843802785,NaN
227.0,Infinity,22.0,21.448726843802785,NaN
228.0,Infinity,22.0,21.448726843802785,NaN
229.0,Infinity,22.0,21.448726843802785,NaN
230.0,Infinity,22.0,21.448726843802785,NaN
231.0,Infinity,22.0,21.448726843802785,NaN
232.0,Infinity,22.0,21.448726843802785,NaN
233.0,Infinity,22.0,21.448726843802785,NaN
234.0,Infinity,22.0,21.448726843802785,NaN
235.0,Infinity,22.0,21.448726843802785,NaN
236.0,Infinity,22.0,21.448726843802785,NaN
237.0,Infinity,22.0,21.448726843802785,NaN
238.0,Infinity,22.0,21.448726843802785,NaN
239.0,Infinity,22.0,21.448726843802785,NaN
240.0,Infinity,22.0,21.448726843802785,NaN
241.0,Infinity,22.0,21.448726843802785,NaN
242.0,Infinity,22.0,21.448726843802785,NaN
243.0,Infinity,22.0,21.448726843802785,NaN
244.0,Infinity,22.0,21.448726843802785,NaN
245.0,Infinity,24.0,21.448726843802785,NaN
246.0,Infinity,24.0,21.448726843802785,NaN
247.0,Infinity,23.0,21.448726843802785,NaN
248.0,Infinity,23.0,21.448726843802785,NaN
249.0,Infinity,23.0,21.448726843802785,NaN
250.0,Infinity,19.0,21.448726843802785,NaN
251.0,Infinity,19.0,21.448726843802785,NaN
252.0,Infinity,19.0,21.448726843802785,NaN
253.0,Infinity,19.0,21.448726843802785,NaN
254.0,Infinity,19.0,21.448726843802785,NaN
255.0,Infinity,19.0,21.448726843802785,NaN
256.0,Infinity,19.0,21.448726843802785,NaN
257.0,Infinity,19.0,21.448726843802785,NaN
258.0,Infinity,19.0,21.448726843802785,NaN
259.0,Infinity,17.0,21.448726843802785,NaN
260.0,Infinity,17.0,21.448726843802785,NaN
261.0,Infinity,17.0,21.448726843802785,NaN
262.0,Infinity,17.0,21.448726843802785,NaN
263.0,Infinity,17.0,21.448726843802785,NaN
264.0,Infinity,17.0,21.448726843802785,NaN
265.0,Infinity,17.0,21.448726843802785,NaN
266.0,Infinity,16.0,21.448726843802785,NaN
267.0,Infinity,16.0,21.448726843802785,NaN
268.0,Infinity,16.0,21.448726843802785,NaN
269.0,Infinity,16.0,21.448726843802785,NaN
270.0,Infinity,16.0,21.448726843802785,NaN
271.0,Infinity,16.0,21.448726843802785,NaN
272.0,Infinity,19.0,21.448726843802785,NaN
273.0,Infinity,19.0,21.448726843802785,NaN
274.0,Infinity,24.0,21.448726843802785,NaN
275.0,Infinity,24.0,21.448726843802785,NaN
276.0,Infinity,24.0,21.448726843802785,NaN
277.0,Infinity,24.0,21.448726843802785,NaN
278.0,Infinity,24.0,21.448726843802785,NaN
279.0,Infinity,24.0,21.448726843802785,NaN
280.0,Infinity,24.0,21.448726843802785,NaN
281.0,Infinity,30.0,21.448726843802785,NaN
282.0,Infinity,30.0,21.448726843802785,NaN
283.0,Infinity,30.0,21.448726843802785,NaN
284.0,Infinity,30.0,21.448726843802785,NaN
285.0,Infinity,30.0,21.448726843802785,NaN
286.0,Infinity,30.0,21.448726843802785,NaN
287.0,Infinity,30.0,21.448726843802785,NaN
288.0,Infinity,30.0,21.448726843802785,NaN
289.0,Infinity,34.0,21.448726843802785,NaN
290.0,Infinity,34.0,21.448726843802785,NaN
291.0,Infinity,34.0,21.448726843802785,NaN
292.0,Infinity,34.0,21.448726843802785,NaN
293.0,Infinity,34.0,21.448726843802785,NaN
294.0,Infinity,34.0,21.448726843802785,NaN
295.0,Infinity,34.0,21.448726843802785,NaN
296.0,Infinity,34.0,21.448726843802785,NaN
297.0,Infinity,34.0,21.448726843802785,NaN
298.0,Infinity,34.0,21.448726843802785,NaN
299.0,Infinity,34.0,21.448726843802785,NaN
300.0,Infinity,34.0,21.448726843802785,NaN
301.0,Infinity,34.0,21.448726843802785,NaN
302.0,Infinity,34.0,21.448726843802785,NaN
303.0,Infinity,34.0,21.448726843802785,NaN
304.0,Infinity,34.0,21.448726843802785,NaN
305.0,Infinity,34.0,21.448726843802785,NaN
306.0,Infinity,34.0,21.448726843802785,NaN
307.0,Infinity,34.0,21.448726843802785,NaN
308.0,Infinity,34.0,21.448726843802785,NaN
309.0,Infinity,34.0,21.448726843802785,NaN
310.0,Infinity,34.0,21.448726843802785,NaN
311.0,Infinity,31.0,21.448726843802785,NaN
312.0,Infinity,31.0,21.448726843802785,NaN
313.0,Infinity,31.0,21.448726843802785,NaN
314.0,Infinity,31.0,21.448726843802785,NaN
315.0,Infinity,31.0,21.448726843802785,NaN
316.0,Infinity,31.0,21.448726843802785,NaN
317.0,Infinity,31.0,21.448726843802785,NaN
318.0,Infinity,31.0,21.448726843802785,NaN
319.0,Infinity,31.0,21.448726843802785,NaN
320.0,Infinity,31.0,21.448726843802785,NaN
321.0,Infinity,30.0,21.448726843802785,NaN
322.0,Infinity,30.0,21.448726843802785,NaN
323.0,Infinity,30.0,21.448726843802785,NaN
324.0,Infinity,30.0,21.448726843802785,NaN
325.0,Infinity,29.0,21.448726843802785,NaN
326.0,Infinity,29.0,21.448726843802785,NaN
327.0,Infinity,29.0,21.448726843802785,NaN
328.0,Infinity,29.0,21.448726843802785,NaN
329.0,Infinity,32.0,21.448726843802785,NaN
330.0,Infinity,32.0,21.448726843802785,NaN
331.0,Infinity,32.0,21.448726843802785,NaN
332.0,Infinity,32.0,21.448726843802785,NaN
333.0,Infinity,32.0,21.448726843802785,NaN
334.0,Infinity,32.0,21.448726843802785,NaN
335.0,Infinity,32.0,21.448726843802785,NaN
336.0,Infinity,32.0,21.448726843802785,NaN
337.0,Infinity,32.0,21.448726843802785,NaN
338.0,Infinity,32.0,21.448726843802785,NaN
339.0,Infinity,30.0,21.448726843802785,NaN
340.0,Infinity,30.0,21.448726843802785,NaN
341.0,Infinity,30.0,21.448726843802785,NaN
342.0,Infinity,30.0,21.448726843802785,NaN
343.0,Infinity,29.0,21.448726843802785,NaN
344.0,Infinity,29.0,21.448726843802785,NaN
345.0,Infinity,39.0,21.448726843802785,NaN
346.0,Infinity,39.0,21.448726843802785,NaN
347.0,Infinity,39.0,21.448726843802785,NaN
348.0,Infinity,39.0,21.448726843802785,NaN
349.0,Infinity,39.0,21.448726843802785,NaN
350.0,Infinity,38.0,21.448726843802785,NaN
351.0,Infinity,38.0,21.448726843802785,NaN
352.0,Infinity,38.0,21.448726843802785,NaN
353.0,Infinity,38.0,21.448726843802785,NaN
354.0,Infinity,38.0,21.448726843802785,NaN
355.0,Infinity,38.0,21.448726843802785,NaN
356.0,Infinity,38.0,21.448726843802785,NaN
357.0,Infinity,38.0,21.448726843802785,NaN
358.0,Infinity,38.0,21.448726843802785,NaN
359.0,Infinity,38.0,21.448726843802785,NaN
360.0,Infinity,38.0,21.448726843802785,NaN
361.0,Infinity,38.0,21.448726843802785,NaN
362.0,Infinity,38.0,21.448726843802785,NaN
363.0,Infinity,38.0,21.448726843802785,NaN
364.0,Infinity,38.0,21.448726843802785,NaN
365.0,Infinity,38.0,21.448726843802785,NaN
366.0,Infinity,35.0,21.448726843802785,NaN
367.0,Infinity,35.0,21.448726843802785,NaN
368.0,Infinity,35.0,21.448726843802785,NaN
369.0,Infinity,35.0,21.448726843802785,NaN
370.0,Infinity,35.0,21.448726843802785,NaN
371.0,Infinity,35.0,21.448726843802785,NaN
372.0,Infinity,35.0,21.448726843802785,NaN
373.0,Infinity,35.0,21.448726843802785,NaN
374.0,Infinity,35.0,21.448726843802785,NaN
375.0,Infinity,35.0,21.448726843802785,NaN
376.0,Infinity,35.0,21.448726843802785,NaN
377.0,Infinity,35.0,21.448726843802785,NaN
378.0,Infinity,39.0,21.448726843802785,NaN
379.0,Infinity,38.0,21.448726843802785,NaN
380.0,Infinity,38.0,21.448726843802785,NaN
381.0,Infinity,38.0,21.448726843802785,NaN
382.0,Infinity,38.0,21.448726843802785,NaN
383.0,Infinity,40.0,21.448726843802785,NaN
384.0,Infinity,40.0,21.448726843802785,NaN
385.0,Infinity,40.0,21.448726843802785,NaN
386.0,Infinity,40.0,21.448726843802785,NaN
387.0,Infinity,40.0,21.448726843802785,NaN
388.0,Infinity,43.0,21.448726843802785,NaN
389.0,Infinity,42.0,21.448726843802785,NaN
390.0,Infinity,42.0,21.448726843802785,NaN
391.0,Infinity,42.0,21.448726843802785,NaN
392.0,Infinity,42.0,21.448726843802785,NaN
393.0,Infinity,42.0,21.448726843802785,NaN
394.0,Infinity,40.0,21.448726843802785,NaN
395.0,Infinity,40.0,21.448726843802785,NaN
396.0,Infinity,40.0,21.448726843802785,NaN
397.0,Infinity,40.0,21.448726843802785,NaN
398.0,Infinity,40.0,21.448726843802785,NaN
399.0,Infinity,40.0,21.448726843802785,NaN
400.0,Infinity,40.0,21.448726843802785,NaN
401.0,Infinity,40.0,21.448726843802785,NaN
402.0,Infinity,40.0,21.448726843802785,NaN
403.0,Infinity,40.0,21.448726843802785,NaN
404.0,Infinity,40.0,21.448726843802785,NaN
405.0,Infinity,40.0,21.448726843802785,NaN
406.0,Infinity,40.0,21.448726843802785,NaN
407.0,Infinity,40.0,21.448726843802785,NaN
408.0,Infinity,40.0,21.448726843802785,NaN
409.0,Infinity,40.0,21.448726843802785,NaN
410.0,Infinity,40.0,21.448726843802785,NaN
411.0,Infinity,40.0,21.448726843802785,NaN
412.0,Infinity,40.0,21.448726843802785,NaN
413.0,Infinity,40.0,21.448726843802785,NaN
414.0,Infinity,40.0,21.448726843802785,NaN
415.0,Infinity,40.0,21.448726843802785,NaN
416.0,Infinity,40.0,21.448726843802785,NaN
417.0,Infinity,40.0,21.448726843802785,NaN
418.0,Infinity,45.0,21.448726843802785,NaN
419.0,Infinity,45.0,21.448726843802785,NaN
420.0,Infinity,45.0,21.448726843802785,NaN
421.0,Infinity,45.0,21.448726843802785,NaN
422.0,Infinity,45.0,21.448726843802785,NaN
423.0,Infinity,45.0,21.448726843802785,NaN
424.0,Infinity,45.0,21.448726843802785,NaN
425.0,Infinity,45.0,21.448726843802785,NaN
426.0,Infinity,49.0,21.448726843802785,NaN
427.0,Infinity,49.0,21.448726843802785,NaN
428.0,Infinity,49.0,21.448726843802785,NaN
429.0,Infinity,49.0,21.448726843802785,0.0
430.0,Infinity,49.0,21.448726843802785,0.0
431.0,Infinity,49.0,21.448726843802785,0.0
432.0,Infinity,49.0,21.448726843802785,0.0
433.0,Infinity,49.0,21.448726843802785,0.0
434.0,Infinity,49.0,21.448726843802785,0.0
435.0,Infinity,49.0,21.448726843802785,0.0
436.0,Infinity,49.0,21.448726843802785,0.0
437.0,Infinity,49.0,21.448726843802785,0.0
438.0,Infinity,49.0,21.448726843802785,0.0
439.0,Infinity,49.0,21.448726843802785,0.0
440.0,Infinity,47.0,21.448726843802785,0.0
441.0,Infinity,47.0,21.448726843802785,0.0
442.0,Infinity,47.0,21.448726843802785,0.0
443.0,Infinity,47.0,21.448726843802785,0.0
444.0,Infinity,47.0,21.448726843802785,0.0
445.0,Infinity,47.0,21.448726843802785,0.0
446.0,Infinity,47.0,21.448726843802785,0.0
447.0,Infinity,46.0,21.448726843802785,0.0
448.0,Infinity,46.0,21.448726843802785,0.0
449.0,Infinity,46.0,21.448726843802785,0.0
450.0,Infinity,46.0,21.448726843802785,0.0
451.0,Infinity,46.0,21.448726843802785,0.0
452.0,Infinity,46.0,21.448726843802785,0.0
453.0,Infinity,44.0,21.448726843802785,0.0
454.0,Infinity,44.0,21.448726843802785,0.0
455.0,Infinity,44.0,21.448726843802785,0.0
456.0,Infinity,44.0,21.448726843802785,0.0
457.0,Infinity,44.0,21.448726843802785,0.0
458.0,Infinity,44.0,21.448726843802785,0.0
459.0,Infinity,44.0,21.448726843802785,0.0
460.0,Infinity,44.0,21.448726843802785,0.0
461.0,Infinity,45.0,21.448726843802785,0.0
462.0,Infinity,45.0,21.448726843802785,0.0
463.0,Infinity,45.0,21.448726843802785,0.0
464.0,Infinity,44.0,21.448726843802785,0.0
465.0,Infinity,44.0,21.448726843802785,0.0
466.0,Infinity,44.0,21.448726843802785,0.0
467.0,Infinity,44.0,21.448726843802785,0.0
468.0,Infinity,44.0,21.448726843802785,0.0
469.0,Infinity,46.0,21.448726843802785,0.0
470.0,Infinity,46.0,21.448726843802785,0.0
471.0,Infinity,48.0,21.448726843802785,0.0
472.0,Infinity,48.0,21.448726843802785,0.0
473.0,Infinity,50.0,21.448726843802785,0.0
474.0,Infinity,49.0,21.448726843802785,0.0
475.0,Infinity,49.0,21.448726843802785,0.0
476.0,Infinity,53.0,21.448726843802785,0.0
477.0,Infinity,63.0,21.448726843802785,0.0
478.0,Infinity,63.0,21.448726843802785,0.0
479.0,Infinity,63.0,21.448726843802785,0.0
480.0,Infinity,63.0,21.448726843802785,0.0
481.0,Infinity,63.0,21.448726843802785,0.0
482.0,Infinity,63.0,21.448726843802785,0.0
483.0,Infinity,63.0,21.448726843802785,0.0
484.0,Infinity,63.0,21.448726843802785,0.0
485.0,Infinity,63.0,21.448726843802785,0.0
486.0,Infinity,63.0,21.448726843802785,0.0
487.0,Infinity,63.0,21.448726843802785,0.0
488.0,Infinity,63.0,21.448726843802785,0.0
489.0,Infinity,63.0,21.448726843802785,0.0
490.0,Infinity,63.0,21.448726843802785,0.0
491.0,Infinity,63.0,21.448726843802785,0.0
492.0,Infinity,63.0,21.448726843802785,0.0
493.0,Infinity,63.0,21.448726843802785,0.0
494.0,Infinity,63.0,21.448726843802785,0.0
495.0,Infinity,63.0,21.448726843802785,0.0
496.0,Infinity,63.0,21.448726843802785,0.0
497.0,Infinity,63.0,21.448726843802785,0.0
498.0,Infinity,63.0,21.448726843802785,0.0
499.0,Infinity,63.0,21.448726843802785,0.0
500.0,Infinity,63.0,21.448726843802785,0.0
501.0,Infinity,63.0,21.448726843802785,0.0
502.0,Infinity,63.0,21.448726843802785,0.0
503.0,Infinity,63.0,21.448726843802785,0.0
504.0,Infinity,63.0,21.448726843802785,0.0
505.0,Infinity,63.0,21.448726843802785,0.0
506.0,Infinity,63.0,21.448726843802785,0.0
507.0,Infinity,63.0,21.448726843802785,0.0
508.0,Infinity,63.0,21.448726843802785,0.0
509.0,Infinity,63.0,21.448726843802785,0.0
510.0,Infinity,63.0,21.448726843802785,0.0
511.0,Infinity,63.0,21.448726843802785,0.0
512.0,Infinity,63.0,21.448726843802785,0.0
513.0,Infinity,63.0,21.448726843802785,0.0
514.0,Infinity,63.0,21.448726843802785,0.0
515.0,Infinity,63.0,21.448726843802785,0.0
516.0,Infinity,62.0,21.448726843802785,0.0
517.0,Infinity,62.0,21.448726843802785,0.0
518.0,Infinity,62.0,21.448726843802785,0.0
519.0,Infinity,62.0,21.448726843802785,0.0
520.0,Infinity,62.0,21.448726843802785,0.0
521.0,Infinity,62.0,21.448726843802785,0.0
522.0,Infinity,62.0,21.448726843802785,0.0
523.0,Infinity,62.0,21.448726843802785,0.0
524.0,Infinity,62.0,21.448726843802785,0.0
525.0,Infinity,62.0,21.448726843802785,0.0
526.0,Infinity,59.0,21.448726843802785,0.0
527.0,Infinity,59.0,21.448726843802785,0.0
528.0,Infinity,59.0,21.448726843802785,0.0
529.0,Infinity,59.0,21.448726843802785,0.0
530.0,Infinity,59.0,21.448726843802785,0.0
531.0,Infinity,59.0,21.448726843802785,0.0
532.0,Infinity,59.0,21.448726843802785,0.0
533.0,Infinity,59.0,21.448726843802785,0.0
534.0,Infinity,59.0,21.448726843802785,0.0
535.0,Infinity,59.0,21.448726843802785,0.0
536.0,Infinity,59.0,21.448726843802785,0.0
537.0,Infinity,59.0,37.25937210637048,0.0
538.0,Infinity,59.0,425.7933132699798,0.0
539.0,Infinity,59.0,425.7933132699798,0.0
540.0,Infinity,58.0,425.7933132699798,0.0
541.0,Infinity,58.0,425.7933132699798,0.0
542.0,Infinity,58.0,425.7933132699798,0.0
543.0,Infinity,58.0,425.7933132699798,0.0
544.0,Infinity,58.0,425.7933132699798,0.0
545.0,Infinity,57.0,425.7933132699798,0.0
546.0,Infinity,57.0,425.7933132699798,0.0
547.0,Infinity,55.0,425.7933132699798,0.0
548.0,Infinity,55.0,425.7933132699798,0.0
549.0,Infinity,55.0,425.7933132699798,0.0
550.0,Infinity,55.0,425.7933132699798,0.0
551.0,Infinity,55.0,425.7933132699798,0.0
552.0,Infinity,55.0,425.7933132699798,0.0
553.0,Infinity,55.0,425.7933132699798,0.0
554.0,Infinity,55.0,425.7933132699798,0.0
555.0,Infinity,55.0,425.7933132699798,0.0
556.0,Infinity,55.0,425.7933132699798,0.0
557.0,Infinity,55.0,425.7933132699798,0.0
558.0,Infinity,55.0,425.7933132699798,0.0
559.0,Infinity,55.0,425.7933132699798,0.0
560.0,Infinity,55.0,425.7933132699798,0.0
561.0,Infinity,55.0,425.7933132699798,0.0
562.0,Infinity,55.0,506.8030578735812,0.0
563.0,Infinity,55.0,506.8030578735812,0.0
564.0,Infinity,55.0,506.8030578735812,0.0
565.0,Infinity,54.0,506.8030578735812,0.0
566.0,Infinity,56.0,506.8030578735812,0.0
567.0,Infinity,56.0,506.8030578735812,0.0
568.0,Infinity,56.0,506.8030578735812,0.0
569.0,Infinity,56.0,506.8030578735812,0.0
570.0,Infinity,56.0,506.8030578735812,0.0
571.0,Infinity,56.0,506.8030578735812,0.0
572.0,Infinity,56.0,506.8030578735812,0.0
573.0,Infinity,60.0,506.8030578735812,0.0
574.0,Infinity,63.0,506.8030578735812,0.0
575.0,Infinity,63.0,506.8030578735812,0.0
576.0,Infinity,63.0,506.8030578735812,0.0
577.0,Infinity,63.0,506.8030578735812,0.0
578.0,Infinity,63.0,506.8030578735812,0.0
579.0,Infinity,67.0,506.8030578735812,0.0
580.0,Infinity,67.0,506.8030578735812,0.0
581.0,Infinity,67.0,506.8030578735812,0.0
582.0,Infinity,67.0,506.8030578735812,0.0
583.0,Infinity,67.0,506.8030578735812,0.0
584.0,Infinity,67.0,506.8030578735812,0.0
585.0,Infinity,67.0,506.8030578735812,0.0
586.0,Infinity,66.0,506.8030578735812,0.0
587.0,Infinity,66.0,506.8030578735812,0.0
588.0,Infinity,66.0,506.8030578735812,0.0
589.0,Infinity,66.0,506.8030578735812,0.0
590.0,Infinity,66.0,506.8030578735812,0.0
591.0,Infinity,66.0,506.8030578735812,0.0
592.0,Infinity,66.0,506.8030578735812,0.0
593.0,Infinity,66.0,506.8030578735812,0.0
594.0,Infinity,66.0,506.8030578735812,0.0
595.0,Infinity,66.0,506.8030578735812,0.0
596.0,Infinity,66.0,506.8030578735812,0.0
597.0,Infinity,66.0,506.8030578735812,0.0
598.0,Infinity,66.0,506.8030578735812,0.0
599.0,Infinity,66.0,506.8030578735812,0.0
600.0,Infinity,66.0,506.8030578735812,0.0
601.0,Infinity,66.0,506.8030578735812,0.0
602.0,Infinity,66.0,506.8030578735812,0.0
603.0,Infinity,66.0,506.8030578735812,0.0
604.0,Infinity,66.0,506.8030578735812,0.0
605.0,Infinity,66.0,506.8030578735812,0.0
606.0,Infinity,66.0,506.8030578735812,0.0
607.0,Infinity,66.0,506.8030578735812,0.0
608.0,Infinity,65.0,506.8030578735812,0.0
609.0,Infinity,65.0,506.8030578735812,0.0
610.0,Infinity,65.0,506.8030578735812,0.0
611.0,Infinity,65.0,506.8030578735812,0.0
612.0,Infinity,65.0,506.8030578735812,0.0
613.0,Infinity,65.0,506.8030578735812,0.0
614.0,Infinity,65.0,506.8030578735812,0.0
615.0,Infinity,65.0,506.8030578735812,0.0
616.0,Infinity,65.0,506.8030578735812,0.0
617.0,Infinity,65.0,506.8030578735812,0.0
618.0,Infinity,65.0,506.8030578735812,0.0
619.0,Infinity,65.0,506.8030578735812,0.0
620.0,Infinity,63.0,506.8030578735812,0.0
621.0,Infinity,63.0,506.8030578735812,0.0
622.0,Infinity,63.0,506.8030578735812,0.0
623.0,Infinity,63.0,506.8030578735812,0.0
624.0,Infinity,63.0,506.8030578735812,0.0
625.0,Infinity,63.0,506.8030578735812,0.0
626.0,Infinity,65.0,506.8030578735812,0.0
627.0,Infinity,65.0,506.8030578735812,0.0
628.0,Infinity,65.0,506.8030578735812,0.0
629.0,Infinity,65.0,506.8030578735812,0.0
630.0,Infinity,65.0,506.8030578735812,0.0
631.0,Infinity,65.0,506.8030578735812,0.0
632.0,Infinity,65.0,506.8030578735812,0.0
633.0,Infinity,70.0,506.8030578735812,0.0
634.0,Infinity,70.0,506.8030578735812,0.0
635.0,Infinity,70.0,506.8030578735812,0.0
636.0,Infinity,70.0,506.8030578735812,0.0
637.0,Infinity,70.0,506.8030578735812,0.0
638.0,Infinity,70.0,506.8030578735812,0.0
639.0,Infinity,72.0,506.8030578735812,0.0
640.0,Infinity,72.0,506.8030578735812,0.0
641.0,Infinity,72.0,506.8030578735812,0.0
642.0,Infinity,72.0,506.8030578735812,0.0
643.0,Infinity,72.0,506.8030578735812,0.0
644.0,Infinity,72.0,506.8030578735812,0.0
645.0,Infinity,72.0,506.8030578735812,0.0
646.0,Infinity,72.0,506.8030578735812,0.0
647.0,Infinity,72.0,506.8030578735812,0.0
648.0,Infinity,71.0,506.8030578735812,0.0
649.0,Infinity,71.0,506.8030578735812,0.0
650.0,Infinity,71.0,506.8030578735812,0.0
651.0,Infinity,71.0,506.8030578735812,0.0
652.0,Infinity,71.0,506.8030578735812,0.0
653.0,Infinity,70.0,506.8030578735812,0.0
654.0,Infinity,70.0,506.8030578735812,0.0
655.0,Infinity,70.0,506.8030578735812,0.0
656.0,Infinity,70.0,506.8030578735812,0.0
657.0,Infinity,70.0,506.8030578735812,0.0
658.0,Infinity,69.0,506.8030578735812,0.0
659.0,Infinity,69.0,506.8030578735812,0.0
660.0,Infinity,69.0,506.8030578735812,0.0
661.0,Infinity,69.0,506.8030578735812,0.0
662.0,Infinity,69.0,506.8030578735812,0.0
663.0,Infinity,69.0,506.8030578735812,1.0
664.0,Infinity,69.0,506.8030578735812,1.0
665.0,Infinity,67.0,506.8030578735812,1.0
666.0,Infinity,73.0,506.8030578735812,3.0
667.0,Infinity,73.0,506.8030578735812,3.0
668.0,Infinity,73.0,506.8030578735812,3.0
669.0,Infinity,73.0,573.0573831925263,3.0
670.0,Infinity,73.0,573.0573831925263,3.0
671.0,Infinity,73.0,573.0573831925263,3.0
672.0,Infinity,73.0,573.0573831925263,3.0
673.0,Infinity,73.0,573.0573831925263,3.0
674.0,Infinity,73.0,573.0573831925263,3.0
675.0,Infinity,73.0,573.0573831925263,3.0
676.0,Infinity,73.0,573.0573831925263,3.0
677.0,Infinity,73.0,578.5956886067265,3.0
678.0,Infinity,73.0,578.5956886067265,3.0
679.0,Infinity,73.0,578.5956886067265,3.0
680.0,Infinity,73.0,578.5956886067265,3.0
681.0,Infinity,73.0,578.5956886067265,3.0
682.0,Infinity,73.0,578.5956886067265,3.0
683.0,Infinity,73.0,578.5956886067265,3.0
684.0,Infinity,73.0,578.5956886067265,3.0
685.0,Infinity,73.0,578.5956886067265,3.0
686.0,Infinity,73.0,578.5956886067265,3.0
687.0,Infinity,73.0,578.5956886067265,3.0
688.0,Infinity,73.0,578.5956886067265,3.0
689.0,Infinity,73.0,578.5956886067265,3.0
690.0,Infinity,78.0,578.5956886067265,3.0
691.0,Infinity,78.0,578.5956886067265,3.0
692.0,Infinity,78.0,578.5956886067265,3.0
693.0,Infinity,78.0,578.5956886067265,3.0
694.0,Infinity,78.0,578.5956886067265,3.0
695.0,Infinity,78.0,578.5956886067265,3.0
696.0,Infinity,78.0,578.5956886067265,3.0
697.0,Infinity,78.0,578.5956886067265,3.0
698.0,Infinity,78.0,578.5956886067265,3.0
699.0,Infinity,79.0,578.5956886067265,4.0
700.0,Infinity,79.0,578.5956886067265,4.0
701.0,Infinity,79.0,578.5956886067265,4.0
702.0,Infinity,79.0,578.5956886067265,4.0
703.0,Infinity,79.0,1047.48596952397,4.0
704.0,Infinity,79.0,1047.48596952397,4.0
705.0,Infinity,79.0,1047.48596952397,4.0
706.0,Infinity,79.0,1047.48596952397,4.0
707.0,Infinity,79.0,1047.48596952397,4.0
708.0,Infinity,79.0,1047.48596952397,4.0
709.0,Infinity,84.0,1047.48596952397,4.0
710.0,Infinity,84.0,1047.48596952397,4.0
711.0,Infinity,84.0,1047.48596952397,4.0
712.0,Infinity,84.0,1047.48596952397,4.0
713.0,Infinity,84.0,1047.48596952397,4.0
714.0,Infinity,84.0,1047.48596952397,4.0
715.0,Infinity,84.0,1047.48596952397,4.0
716.0,Infinity,84.0,1047.48596952397,4.0
717.0,Infinity,84.0,1047.48596952397,4.0
718.0,Infinity,84.0,1047.48596952397,4.0
719.0,Infinity,84.0,1047.48596952397,4.0
720.0,Infinity,88.0,1047.48596952397,4.0
721.0,Infinity,88.0,1047.48596952397,4.0
722.0,Infinity,88.0,1047.48596952397,4.0
723.0,Infinity,88.0,1047.48596952397,4.0
724.0,Infinity,88.0,1047.48596952397,4.0
725.0,Infinity,88.0,1047.48596952397,4.0
726.0,Infinity,88.0,1047.48596952397,4.0
727.0,Infinity,88.0,1047.48596952397,4.0
728.0,Infinity,88.0,1047.48596952397,4.0
729.0,Infinity,88.0,1047.48596952397,4.0
730.0,Infinity,88.0,1047.48596952397,4.0
731.0,Infinity,88.0,1047.48596952397,4.0
732.0,Infinity,88.0,1047.48596952397,4.0
733.0,Infinity,88.0,1047.48596952397,4.0
734.0,Infinity,88.0,1047.48596952397,4.0
735.0,Infinity,88.0,1047.48596952397,4.0
736.0,Infinity,88.0,1047.48596952397,4.0
737.0,Infinity,88.0,1047.48596952397,4.0
738.0,Infinity,88.0,1047.48596952397,4.0
739.0,Infinity,88.0,1047.48596952397,4.0
740.0,Infinity,88.0,1047.48596952397,4.0
741.0,Infinity,88.0,1047.48596952397,4.0
742.0,Infinity,88.0,1047.48596952397,4.0
743.0,Infinity,88.0,1047.48596952397,4.0
744.0,Infinity,92.0,1047.48596952397,4.0
745.0,Infinity,92.0,1047.48596952397,4.0
746.0,Infinity,92.0,1047.48596952397,4.0
747.0,Infinity,92.0,1047.48596952397,4.0
748.0,Infinity,92.0,1047.48596952397,4.0
749.0,Infinity,92.0,1047.48596952397,4.0
750.0,Infinity,92.0,1047.48596952397,4.0
751.0,Infinity,92.0,1047.48596952397,4.0
752.0,Infinity,92.0,1047.48596952397,4.0
753.0,Infinity,92.0,1047.48596952397,4.0
754.0,Infinity,92.0,1047.48596952397,4.0
755.0,Infinity,92.0,1047.48596952397,4.0
756.0,Infinity,92.0,1047.48596952397,4.0
757.0,Infinity,92.0,1047.48596952397,4.0
758.0,Infinity,92.0,1047.48596952397,4.0
759.0,Infinity,92.0,1047.48596952397,4.0
760.0,Infinity,99.0,1047.48596952397,4.0
761.0,Infinity,101.0,1047.48596952397,4.0
762.0,Infinity,101.0,1047.48596952397,4.0
763.0,Infinity,101.0,1047.48596952397,4.0
764.0,Infinity,103.0,1047.48596952397,4.0
765.0,Infinity,105.0,1047.48596952397,4.0
766.0,Infinity,105.0,1047.48596952397,4.0
767.0,Infinity,105.0,1047.48596952397,4.0
768.0,Infinity,105.0,1047.48596952397,4.0
769.0,Infinity,105.0,1047.48596952397,4.0
770.0,Infinity,105.0,1047.48596952397,4.0
771.0,Infinity,105.0,1047.48596952397,4.0
772.0,Infinity,105.0,1047.48596952397,4.0
773.0,Infinity,107.0,1047.48596952397,4.0
774.0,Infinity,107.0,1047.48596952397,4.0
775.0,Infinity,107.0,1047.48596952397,4.0
776.0,Infinity,107.0,1047.48596952397,4.0
777.0,Infinity,107.0,1047.48596952397,4.0
778.0,Infinity,107.0,1047.48596952397,4.0
779.0,Infinity,112.0,1047.48596952397,4.0
780.0,Infinity,112.0,1047.48596952397,4.0
781.0,Infinity,112.0,1047.48596952397,4.0
782.0,Infinity,112.0,1047.48596952397,4.0
783.0,Infinity,112.0,1047.48596952397,4.0
784.0,Infinity,112.0,1047.48596952397,4.0
785.0,Infinity,116.0,1047.48596952397,4.0
786.0,Infinity,118.0,1047.48596952397,4.0
787.0,Infinity,118.0,1047.48596952397,4.0
788.0,Infinity,118.0,1047.48596952397,4.0
789.0,Infinity,118.0,1047.48596952397,4.0
790.0,Infinity,118.0,1047.48596952397,4.0
791.0,Infinity,123.0,1047.48596952397,4.0
792.0,Infinity,123.0,1047.48596952397,4.0
793.0,Infinity,123.0,1047.48596952397,4.0
794.0,Infinity,122.0,1047.48596952397,4.0
795.0,Infinity,122.0,1047.48596952397,4.0
796.0,Infinity,122.0,1047.48596952397,4.0
797.0,Infinity,122.0,1047.48596952397,4.0
798.0,Infinity,122.0,1047.48596952397,4.0
799.0,Infinity,122.0,1047.48596952397,4.0
800.0,Infinity,122.0,1047.48596952397,4.0
801.0,Infinity,122.0,1047.48596952397,4.0
802.0,Infinity,122.0,1047.48596952397,4.0
803.0,Infinity,122.0,1047.48596952397,4.0
804.0,Infinity,122.0,1047.48596952397,4.0
805.0,Infinity,121.0,1033.2919799210565,4.0
806.0,Infinity,121.0,1033.2919799210565,4.0
807.0,Infinity,120.0,1033.2919799210565,4.0
808.0,Infinity,119.0,1040.062124571164,4.0
809.0,Infinity,119.0,1040.062124571164,4.0
810.0,Infinity,119.0,1040.062124571164,4.0
811.0,Infinity,116.0,1040.062124571164,4.0
812.0,Infinity,116.0,1040.062124571164,4.0
813.0,Infinity,116.0,1040.062124571164,4.0
814.0,Infinity,116.0,1040.062124571164,4.0
815.0,Infinity,116.0,1040.062124571164,4.0
816.0,Infinity,116.0,1040.062124571164,4.0
817.0,Infinity,116.0,1040.062124571164,4.0
818.0,Infinity,116.0,1040.062124571164,4.0
819.0,Infinity,116.0,1040.062124571164,4.0
820.0,Infinity,116.0,1040.062124571164,4.0
821.0,Infinity,116.0,1040.062124571164,4.0
822.0,Infinity,116.0,1040.062124571164,4.0
823.0,Infinity,116.0,1040.062124571164,4.0
824.0,Infinity,116.0,1040.062124571164,4.0
825.0,Infinity,116.0,1040.062124571164,4.0
826.0,Infinity,116.0,1040.062124571164,4.0
827.0,Infinity,116.0,1040.062124571164,4.0
828.0,Infinity,116.0,1040.062124571164,4.0
829.0,Infinity,116.0,1040.062124571164,4.0
830.0,Infinity,116.0,1040.062124571164,4.0
831.0,Infinity,116.0,1040.062124571164,4.0
832.0,Infinity,116.0,1040.062124571164,4.0
833.0,Infinity,116.0,1040.062124571164,4.0
834.0,Infinity,116.0,1040.062124571164,4.0
835.0,Infinity,116.0,1040.062124571164,4.0
836.0,Infinity,116.0,1040.062124571164,4.0
837.0,Infinity,116.0,1040.062124571164,4.0
838.0,Infinity,116.0,1040.062124571164,4.0
839.0,Infinity,116.0,1040.062124571164,4.0
840.0,Infinity,116.0,1040.062124571164,4.0
841.0,Infinity,116.0,1040.062124571164,4.0
842.0,Infinity,116.0,1040.062124571164,4.0
843.0,Infinity,116.0,1040.062124571164,4.0
844.0,Infinity,116.0,1040.062124571164,4.0
845.0,Infinity,116.0,1040.062124571164,4.0
846.0,Infinity,118.0,1040.062124571164,5.0
847.0,Infinity,118.0,1040.062124571164,5.0
848.0,Infinity,118.0,1040.062124571164,5.0
849.0,Infinity,118.0,1040.062124571164,5.0
850.0,Infinity,118.0,1475.33915842728,5.0
851.0,Infinity,118.0,1475.33915842728,5.0
852.0,Infinity,118.0,1475.33915842728,5.0
853.0,Infinity,118.0,1475.33915842728,5.0
854.0,Infinity,118.0,1475.33915842728,5.0
855.0,Infinity,118.0,1475.33915842728,5.0
856.0,Infinity,118.0,1475.33915842728,5.0
857.0,Infinity,120.0,1475.33915842728,6.0
858.0,Infinity,120.0,1475.33915842728,6.0
859.0,Infinity,120.0,1475.33915842728,6.0
860.0,Infinity,120.0,1475.33915842728,6.0
861.0,Infinity,120.0,1599.546988495716,6.0
862.0,Infinity,121.0,1599.546988495716,6.0
863.0,Infinity,121.0,1599.546988495716,6.0
864.0,Infinity,121.0,1599.546988495716,6.0
865.0,Infinity,121.0,1599.546988495716,6.0
866.0,Infinity,121.0,1599.546988495716,6.0
867.0,Infinity,119.0,1599.546988495716,6.0
868.0,Infinity,119.0,1599.546988495716,6.0
869.0,Infinity,119.0,1599.546988495716,6.0
870.0,Infinity,119.0,1599.546988495716,6.0
871.0,Infinity,116.0,1599.546988495716,6.0
872.0,Infinity,116.0,1599.546988495716,6.0
873.0,Infinity,116.0,1599.546988495716,6.0
874.0,Infinity,116.0,1599.546988495716,6.0
875.0,Infinity,116.0,1599.546988495716,6.0
876.0,Infinity,116.0,1599.546988495716,6.0
877.0,Infinity,116.0,1599.546988495716,6.0
878.0,Infinity,116.0,1599.546988495716,6.0
879.0,Infinity,116.0,1599.546988495716,6.0
880.0,Infinity,115.0,1599.546988495716,6.0
881.0,Infinity,115.0,1599.546988495716,6.0
882.0,Infinity,115.0,1599.546988495716,6.0
883.0,Infinity,115.0,1599.546988495716,6.0
884.0,Infinity,115.0,1599.546988495716,6.0
885.0,Infinity,113.0,1599.546988495716,6.0
886.0,Infinity,113.0,1599.546988495716,6.0
887.0,Infinity,113.0,1599.546988495716,6.0
888.0,Infinity,113.0,1599.546988495716,6.0
889.0,Infinity,110.0,1599.546988495716,6.0
890.0,Infinity,110.0,1599.546988495716,6.0
891.0,Infinity,110.0,1599.546988495716,6.0
892.0,Infinity,110.0,1599.546988495716,6.0
893.0,Infinity,110.0,1599.546988495716,6.0
894.0,Infinity,110.0,1599.546988495716,6.0
895.0,Infinity,110.0,1599.546988495716,6.0
896.0,Infinity,110.0,1599.546988495716,6.0
897.0,Infinity,110.0,1599.546988495716,6.0
898.0,Infinity,110.0,1599.546988495716,6.0
899.0,Infinity,110.0,1599.546988495716,6.0
900.0,Infinity,110.0,1599.546988495716,6.0
901.0,Infinity,110.0,1599.546988495716,6.0
902.0,Infinity,110.0,1599.546988495716,6.0
903.0,Infinity,110.0,1599.546988495716,6.0
904.0,Infinity,109.0,1599.546988495716,6.0
905.0,Infinity,107.0,1599.546988495716,6.0
906.0,Infinity,107.0,1599.546988495716,6.0
907.0,Infinity,107.0,1599.546988495716,6.0
908.0,Infinity,107.0,1599.546988495716,6.0
909.0,Infinity,107.0,1599.546988495716,6.0
910.0,Infinity,107.0,1599.546988495716,6.0
911.0,Infinity,107.0,1599.546988495716,6.0
912.0,Infinity,109.0,1599.546988495716,6.0
913.0,Infinity,109.0,1599.546988495716,6.0
914.0,Infinity,109.0,1599.546988495716,6.0
915.0,Infinity,109.0,1599.546988495716,6.0
916.0,Infinity,109.0,1599.546988495716,6.0
917.0,Infinity,109.0,1599.546988495716,6.0
918.0,Infinity,109.0,1599.546988495716,6.0
919.0,Infinity,109.0,1599.546988495716,6.0
920.0,Infinity,109.0,1599.546988495716,6.0
921.0,Infinity,109.0,1599.546988495716,6.0
922.0,Infinity,109.0,1599.546988495716,6.0
923.0,Infinity,109.0,1599.546988495716,6.0
924.0,Infinity,109.0,1599.546988495716,6.0
925.0,Infinity,109.0,1599.546988495716,6.0
926.0,Infinity,109.0,1599.546988495716,6.0
927.0,Infinity,109.0,1599.546988495716,6.0
928.0,Infinity,109.0,1599.546988495716,6.0
929.0,Infinity,112.0,1599.546988495716,6.0
930.0,Infinity,112.0,1599.546988495716,6.0
931.0,Infinity,112.0,1599.546988495716,6.0
932.0,Infinity,112.0,1599.546988495716,6.0
933.0,Infinity,112.0,1599.546988495716,6.0
934.0,Infinity,112.0,1599.546988495716,6.0
935.0,Infinity,112.0,1599.546988495716,6.0
936.0,Infinity,115.0,1599.546988495716,6.0
937.0,Infinity,115.0,1599.546988495716,6.0
938.0,Infinity,117.0,1599.546988495716,6.0
939.0,Infinity,117.0,1599.546988495716,6.0
940.0,Infinity,117.0,1599.546988495716,6.0
941.0,Infinity,117.0,1599.546988495716,6.0
942.0,Infinity,117.0,1599.546988495716,6.0
943.0,Infinity,116.0,1599.546988495716,6.0
944.0,Infinity,116.0,1599.546988495716,6.0
945.0,Infinity,116.0,1599.546988495716,6.0
946.0,Infinity,116.0,1599.546988495716,6.0
947.0,Infinity,116.0,1599.546988495716,6.0
948.0,Infinity,116.0,1599.546988495716,6.0
949.0,Infinity,116.0,1599.546988495716,6.0
950.0,Infinity,116.0,1599.546988495716,6.0
951.0,Infinity,116.0,1599.546988495716,6.0
952.0,Infinity,114.0,1599.546988495716,6.0
953.0,Infinity,114.0,1599.546988495716,6.0
954.0,Infinity,114.0,1599.546988495716,6.0
955.0,Infinity,114.0,1599.546988495716,6.0
956.0,Infinity,114.0,1599.546988495716,6.0
957.0,Infinity,114.0,1599.546988495716,6.0
958.0,Infinity,114.0,1599.546988495716,6.0
959.0,Infinity,114.0,1599.546988495716,6.0
960.0,Infinity,114.0,1599.546988495716,6.0
961.0,Infinity,114.0,1599.546988495716,6.0
962.0,Infinity,114.0,1599.546988495716,6.0
963.0,Infinity,113.0,1599.546988495716,6.0
964.0,Infinity,113.0,1599.546988495716,6.0
965.0,Infinity,113.0,1599.546988495716,6.0
966.0,Infinity,113.0,1599.546988495716,6.0
967.0,Infinity,113.0,1599.546988495716,6.0
968.0,Infinity,113.0,1599.546988495716,6.0
969.0,Infinity,113.0,1599.546988495716,6.0
970.0,Infinity,113.0,1599.546988495716,6.0
971.0,Infinity,113.0,1599.546988495716,6.0
972.0,Infinity,113.0,1599.546988495716,6.0
973.0,Infinity,113.0,1599.546988495716,6.0
974.0,Infinity,113.0,1599.546988495716,6.0
975.0,Infinity,113.0,1599.546988495716,6.0
976.0,Infinity,113.0,1599.546988495716,6.0
977.0,Infinity,112.0,1599.546988495716,6.0
978.0,Infinity,112.0,1599.546988495716,6.0
979.0,Infinity,112.0,1599.546988495716,6.0
980.0,Infinity,112.0,1599.546988495716,6.0
981.0,Infinity,116.0,1599.546988495716,6.0
982.0,Infinity,116.0,1599.546988495716,6.0
983.0,Infinity,116.0,1599.546988495716,6.0
984.0,Infinity,118.0,1599.546988495716,6.0
985.0,Infinity,118.0,1599.546988495716,6.0
986.0,Infinity,116.0,1599.546988495716,6.0
987.0,Infinity,116.0,1599.546988495716,6.0
988.0,Infinity,116.0,1599.546988495716,6.0
989.0,Infinity,116.0,1599.546988495716,6.0
990.0,Infinity,116.0,1599.546988495716,6.0
991.0,Infinity,116.0,1599.546988495716,6.0
992.0,Infinity,116.0,1599.546988495716,6.0
993.0,Infinity,116.0,1599.546988495716,6.0
994.0,Infinity,116.0,1599.546988495716,6.0
995.0,Infinity,115.0,1599.546988495716,6.0
996.0,Infinity,115.0,1599.546988495716,6.0
997.0,Infinity,115.0,1599.546988495716,6.0
998.0,Infinity,115.0,1599.546988495716,6.0
999.0,Infinity,115.0,1599.546988495716,6.0
1000.0,Infinity,115.0,1599.546988495716,6.0
1001.0,Infinity,115.0,1599.546988495716,6.0
1002.0,Infinity,115.0,1599.546988495716,6.0
1003.0,Infinity,113.0,1599.546988495716,6.0
1004.0,Infinity,113.0,1599.546988495716,6.0
1005.0,Infinity,113.0,1599.546988495716,6.0
1006.0,Infinity,113.0,1599.546988495716,6.0
1007.0,Infinity,113.0,1599.546988495716,6.0
1008.0,Infinity,113.0,1599.546988495716,6.0
1009.0,Infinity,113.0,1599.546988495716,6.0
1010.0,Infinity,113.0,1599.546988495716,6.0
1011.0,Infinity,113.0,1599.546988495716,6.0
1012.0,Infinity,115.0,1599.546988495716,7.0
1013.0,Infinity,115.0,1599.546988495716,7.0
1014.0,Infinity,115.0,1599.546988495716,7.0
1015.0,Infinity,115.0,1599.546988495716,7.0
1016.0,Infinity,115.0,1599.546988495716,7.0
1017.0,Infinity,123.0,1599.546988495716,8.0
1018.0,Infinity,123.0,1599.546988495716,8.0
1019.0,Infinity,128.0,1599.546988495716,8.0
