"tick","Provider Population"
1.0,1
2.0,2
3.0,3
4.0,4
5.0,4
6.0,4
7.0,4
8.0,5
9.0,5
10.0,5
11.0,6
12.0,6
13.0,7
14.0,8
15.0,9
16.0,10
17.0,10
18.0,11
19.0,12
20.0,13
21.0,14
22.0,15
23.0,15
24.0,15
25.0,16
26.0,16
27.0,16
28.0,17
29.0,18
30.0,18
31.0,18
32.0,19
33.0,19
34.0,20
35.0,21
36.0,21
37.0,22
38.0,23
39.0,24
40.0,24
41.0,25
42.0,26
43.0,26
44.0,27
45.0,28
46.0,28
47.0,29
48.0,29
49.0,29
50.0,30
51.0,31
52.0,32
53.0,33
54.0,33
55.0,34
56.0,34
57.0,35
58.0,36
59.0,36
60.0,36
61.0,36
62.0,37
63.0,38
64.0,39
65.0,39
66.0,40
67.0,41
68.0,41
69.0,42
70.0,43
71.0,43
72.0,44
73.0,45
74.0,46
75.0,47
76.0,48
77.0,49
78.0,49
79.0,50
80.0,51
81.0,51
82.0,51
83.0,51
84.0,52
85.0,53
86.0,53
87.0,53
88.0,54
89.0,53
90.0,53
91.0,54
92.0,55
93.0,55
94.0,56
95.0,57
96.0,58
97.0,59
98.0,60
99.0,61
100.0,60
101.0,60
102.0,60
103.0,60
104.0,61
105.0,61
106.0,62
107.0,62
108.0,62
109.0,63
110.0,63
111.0,63
112.0,64
113.0,64
114.0,65
115.0,66
116.0,66
117.0,67
118.0,67
119.0,66
120.0,66
121.0,64
122.0,64
123.0,65
124.0,65
125.0,65
126.0,65
127.0,66
128.0,66
129.0,66
130.0,67
131.0,67
132.0,67
133.0,67
134.0,68
135.0,68
136.0,69
137.0,70
138.0,71
139.0,72
140.0,73
141.0,72
142.0,72
143.0,73
144.0,73
145.0,73
146.0,73
147.0,73
148.0,73
149.0,74
150.0,75
151.0,76
152.0,77
153.0,77
154.0,77
155.0,77
156.0,77
157.0,78
158.0,79
159.0,80
160.0,81
161.0,82
162.0,82
163.0,83
164.0,83
165.0,83
166.0,84
167.0,84
168.0,84
169.0,85
170.0,84
171.0,84
172.0,84
173.0,84
174.0,84
175.0,85
176.0,85
177.0,85
178.0,86
179.0,87
180.0,88
181.0,89
182.0,88
183.0,89
184.0,90
185.0,90
186.0,90
187.0,91
188.0,92
189.0,92
190.0,93
191.0,94
192.0,95
193.0,96
194.0,96
195.0,96
196.0,96
197.0,97
198.0,98
199.0,99
200.0,100
201.0,101
202.0,102
203.0,103
204.0,103
205.0,104
206.0,105
207.0,105
208.0,106
209.0,107
210.0,107
211.0,108
212.0,108
213.0,108
214.0,109
215.0,110
216.0,111
217.0,112
218.0,112
219.0,113
220.0,113
221.0,114
222.0,114
223.0,115
224.0,116
225.0,117
226.0,117
227.0,117
228.0,118
229.0,119
230.0,120
231.0,121
232.0,121
233.0,122
234.0,123
235.0,123
236.0,122
237.0,123
238.0,124
239.0,124
240.0,124
241.0,124
242.0,125
243.0,125
244.0,125
245.0,126
246.0,127
247.0,128
248.0,129
249.0,129
250.0,130
251.0,131
252.0,132
253.0,133
254.0,134
255.0,135
256.0,135
257.0,136
258.0,136
259.0,137
260.0,138
261.0,139
262.0,140
263.0,141
264.0,142
265.0,143
266.0,144
267.0,144
268.0,145
269.0,145
270.0,146
271.0,147
272.0,147
273.0,147
274.0,148
275.0,149
276.0,150
277.0,151
278.0,152
279.0,152
280.0,152
281.0,152
282.0,153
283.0,154
284.0,155
285.0,156
286.0,157
287.0,157
288.0,158
289.0,158
290.0,158
291.0,159
292.0,159
293.0,159
294.0,160
295.0,161
296.0,161
297.0,162
298.0,162
299.0,162
300.0,162
301.0,162
302.0,162
303.0,162
304.0,162
305.0,163
306.0,164
307.0,164
308.0,165
309.0,165
310.0,166
311.0,167
312.0,168
313.0,169
314.0,170
315.0,171
316.0,171
317.0,171
318.0,172
319.0,172
320.0,173
321.0,174
322.0,175
323.0,175
324.0,176
325.0,176
326.0,177
327.0,177
328.0,178
329.0,178
330.0,179
331.0,180
332.0,180
333.0,181
334.0,182
335.0,183
336.0,182
337.0,183
338.0,184
339.0,185
340.0,186
341.0,187
342.0,188
343.0,189
344.0,189
345.0,188
346.0,189
347.0,189
348.0,190
349.0,189
350.0,189
351.0,190
352.0,191
353.0,192
354.0,193
355.0,193
356.0,194
357.0,195
358.0,195
359.0,196
360.0,197
361.0,198
362.0,199
363.0,199
364.0,200
365.0,200
366.0,201
367.0,202
368.0,203
369.0,204
370.0,205
371.0,206
372.0,206
373.0,207
374.0,208
375.0,209
376.0,210
377.0,211
378.0,211
379.0,212
380.0,212
381.0,213
382.0,214
383.0,215
384.0,216
385.0,216
386.0,216
387.0,216
388.0,217
389.0,217
390.0,218
391.0,219
392.0,219
393.0,220
394.0,221
395.0,222
396.0,223
397.0,224
398.0,225
399.0,226
400.0,226
401.0,227
402.0,227
403.0,227
404.0,228
405.0,229
406.0,230
407.0,231
408.0,231
409.0,232
410.0,232
411.0,233
412.0,234
413.0,235
414.0,236
415.0,237
416.0,237
417.0,238
418.0,239
419.0,239
420.0,239
421.0,240
422.0,241
423.0,242
424.0,242
425.0,242
426.0,243
427.0,243
428.0,244
429.0,245
430.0,245
431.0,245
432.0,246
433.0,247
434.0,247
435.0,248
436.0,249
437.0,249
438.0,249
439.0,250
440.0,250
441.0,250
442.0,251
443.0,252
444.0,251
445.0,252
446.0,253
447.0,253
448.0,254
449.0,255
450.0,255
451.0,256
452.0,256
453.0,256
454.0,257
455.0,258
456.0,259
457.0,259
458.0,260
459.0,261
460.0,261
461.0,262
462.0,263
463.0,264
464.0,263
465.0,262
466.0,263
467.0,264
468.0,265
469.0,263
470.0,264
471.0,264
472.0,264
473.0,265
474.0,266
475.0,265
476.0,266
477.0,267
478.0,268
479.0,269
480.0,270
481.0,270
482.0,271
483.0,271
484.0,271
485.0,272
486.0,271
487.0,271
488.0,271
489.0,272
490.0,272
491.0,272
492.0,272
493.0,272
494.0,272
495.0,273
496.0,274
497.0,275
498.0,274
499.0,275
500.0,274
501.0,275
502.0,275
503.0,276
504.0,277
505.0,277
506.0,277
507.0,278
508.0,279
509.0,280
510.0,281
511.0,282
512.0,283
513.0,283
514.0,284
515.0,284
516.0,284
517.0,285
518.0,286
519.0,286
520.0,285
521.0,285
522.0,285
523.0,286
524.0,286
525.0,285
526.0,286
527.0,287
528.0,288
529.0,288
530.0,289
531.0,289
532.0,290
533.0,290
534.0,291
535.0,291
536.0,291
537.0,292
538.0,293
539.0,292
540.0,292
541.0,293
542.0,293
543.0,294
544.0,294
545.0,294
546.0,294
547.0,295
548.0,295
549.0,296
550.0,295
551.0,295
552.0,295
553.0,296
554.0,297
555.0,298
556.0,298
557.0,299
558.0,300
559.0,300
560.0,300
561.0,301
562.0,301
563.0,302
564.0,302
565.0,303
566.0,304
567.0,304
568.0,304
569.0,304
570.0,304
571.0,304
572.0,304
573.0,304
574.0,305
575.0,305
576.0,306
577.0,307
578.0,307
579.0,307
580.0,307
581.0,306
582.0,307
583.0,307
584.0,307
585.0,308
586.0,309
587.0,309
588.0,309
589.0,310
590.0,310
591.0,310
592.0,311
593.0,311
594.0,312
595.0,313
596.0,314
597.0,315
598.0,316
599.0,316
600.0,317
601.0,318
602.0,318
603.0,318
604.0,318
605.0,319
606.0,319
607.0,320
608.0,321
609.0,322
610.0,323
611.0,323
612.0,324
613.0,325
614.0,325
615.0,326
616.0,327
617.0,328
618.0,329
619.0,329
620.0,330
621.0,330
622.0,331
623.0,332
624.0,333
625.0,332
626.0,333
627.0,334
628.0,335
629.0,334
630.0,335
631.0,334
632.0,334
633.0,335
634.0,336
635.0,337
636.0,338
637.0,338
638.0,339
639.0,340
640.0,339
641.0,340
642.0,340
643.0,341
644.0,341
645.0,342
646.0,343
647.0,343
648.0,344
649.0,345
650.0,345
651.0,345
652.0,346
653.0,346
654.0,346
655.0,347
656.0,348
657.0,349
658.0,350
659.0,351
660.0,352
661.0,353
662.0,353
663.0,353
664.0,354
665.0,355
666.0,356
667.0,357
668.0,357
669.0,358
670.0,359
671.0,360
672.0,361
673.0,362
674.0,363
675.0,364
676.0,364
677.0,365
678.0,366
679.0,366
680.0,367
681.0,368
682.0,368
683.0,369
684.0,369
685.0,370
686.0,371
687.0,372
688.0,373
689.0,374
690.0,375
691.0,376
692.0,377
693.0,376
694.0,377
695.0,378
696.0,378
697.0,379
698.0,380
699.0,380
700.0,380
701.0,381
702.0,381
703.0,382
704.0,382
705.0,382
706.0,382
707.0,383
708.0,384
709.0,384
710.0,384
711.0,384
712.0,385
713.0,386
714.0,386
715.0,386
716.0,387
717.0,387
718.0,387
719.0,388
720.0,388
721.0,389
722.0,389
723.0,390
724.0,390
725.0,391
726.0,392
727.0,392
728.0,393
729.0,394
730.0,394
731.0,395
732.0,396
733.0,396
734.0,397
735.0,396
736.0,396
737.0,396
738.0,397
739.0,398
740.0,399
741.0,400
742.0,400
743.0,401
744.0,401
745.0,402
746.0,403
747.0,404
748.0,404
749.0,405
750.0,405
751.0,406
752.0,406
753.0,406
754.0,407
755.0,408
756.0,408
757.0,409
758.0,410
759.0,410
760.0,411
761.0,411
762.0,411
763.0,412
764.0,413
765.0,414
766.0,415
767.0,415
768.0,415
769.0,416
770.0,416
771.0,415
772.0,416
773.0,416
774.0,417
775.0,418
776.0,418
777.0,418
778.0,419
779.0,419
780.0,419
781.0,420
782.0,421
783.0,422
784.0,422
785.0,422
786.0,423
787.0,424
788.0,424
789.0,425
790.0,426
791.0,427
792.0,427
793.0,427
794.0,428
795.0,429
796.0,430
797.0,430
798.0,431
799.0,432
800.0,432
801.0,433
802.0,434
803.0,433
804.0,434
805.0,435
806.0,436
807.0,436
808.0,437
809.0,437
810.0,438
811.0,438
812.0,439
813.0,440
814.0,441
815.0,442
816.0,443
817.0,443
818.0,444
819.0,444
820.0,445
821.0,445
822.0,446
823.0,447
824.0,448
825.0,449
826.0,450
827.0,449
828.0,450
829.0,450
830.0,451
831.0,452
832.0,453
833.0,453
834.0,454
835.0,454
836.0,455
837.0,455
838.0,456
839.0,456
840.0,456
841.0,457
842.0,458
843.0,458
844.0,459
845.0,459
846.0,460
847.0,460
848.0,461
849.0,462
850.0,463
851.0,463
852.0,463
853.0,464
854.0,464
855.0,463
856.0,464
857.0,464
858.0,465
859.0,466
860.0,467
861.0,467
862.0,468
863.0,468
864.0,469
865.0,470
866.0,470
867.0,471
868.0,471
869.0,471
870.0,472
871.0,473
872.0,474
873.0,474
874.0,475
875.0,475
876.0,476
877.0,477
878.0,477
879.0,478
880.0,478
881.0,478
882.0,478
883.0,479
884.0,480
885.0,481
886.0,482
887.0,483
888.0,484
889.0,485
890.0,484
891.0,485
892.0,485
893.0,485
894.0,486
895.0,486
896.0,486
897.0,487
898.0,488
899.0,488
900.0,489
901.0,490
902.0,491
903.0,492
904.0,493
905.0,494
906.0,495
907.0,496
908.0,497
909.0,495
910.0,496
911.0,497
912.0,497
913.0,497
914.0,498
915.0,499
916.0,500
917.0,500
918.0,500
919.0,500
920.0,500
921.0,500
922.0,501
923.0,502
924.0,503
925.0,504
926.0,504
927.0,505
928.0,506
929.0,506
930.0,506
931.0,507
932.0,507
933.0,508
934.0,508
935.0,509
936.0,509
937.0,508
938.0,509
939.0,510
940.0,511
941.0,512
942.0,513
943.0,513
944.0,514
945.0,514
946.0,515
947.0,516
948.0,517
949.0,518
950.0,519
951.0,519
952.0,520
953.0,521
954.0,521
955.0,522
956.0,523
957.0,523
958.0,524
959.0,524
960.0,525
961.0,526
962.0,527
963.0,527
964.0,527
965.0,528
966.0,529
967.0,528
968.0,529
969.0,530
970.0,531
971.0,532
972.0,533
973.0,534
974.0,533
975.0,534
976.0,534
977.0,535
978.0,536
979.0,536
980.0,536
981.0,536
982.0,537
983.0,538
984.0,539
985.0,540
986.0,539
987.0,540
988.0,540
989.0,541
990.0,541
991.0,541
992.0,541
993.0,542
994.0,542
995.0,542
996.0,542
997.0,543
998.0,544
999.0,544
1000.0,545
1001.0,545
1002.0,545
1003.0,546
1004.0,547
1005.0,548
1006.0,549
1007.0,550
1008.0,551
1009.0,550
1010.0,550
1011.0,551
1012.0,552
1013.0,552
1014.0,553
1015.0,553
1016.0,553
1017.0,554
1018.0,555
1019.0,556
1020.0,557
1021.0,557
1022.0,558
1023.0,558
1024.0,558
1025.0,559
1026.0,560
1027.0,561
1028.0,562
1029.0,562
1030.0,562
1031.0,563
1032.0,564
1033.0,564
1034.0,565
1035.0,565
1036.0,565
1037.0,566
1038.0,567
1039.0,568
1040.0,569
1041.0,570
1042.0,571
1043.0,571
1044.0,571
1045.0,572
1046.0,573
1047.0,574
1048.0,574
1049.0,574
1050.0,575
1051.0,575
1052.0,575
1053.0,576
1054.0,577
1055.0,578
1056.0,577
1057.0,578
1058.0,579
1059.0,577
1060.0,577
1061.0,577
1062.0,577
1063.0,578
1064.0,576
1065.0,577
1066.0,578
1067.0,579
1068.0,580
1069.0,580
1070.0,581
1071.0,580
1072.0,579
1073.0,579
1074.0,580
1075.0,581
1076.0,582
1077.0,582
1078.0,583
1079.0,584
1080.0,585
1081.0,585
1082.0,586
1083.0,586
1084.0,587
1085.0,588
1086.0,588
1087.0,588
1088.0,589
1089.0,589
1090.0,590
1091.0,591
1092.0,592
1093.0,592
1094.0,593
1095.0,593
1096.0,594
1097.0,595
1098.0,596
1099.0,596
1100.0,597
1101.0,598
1102.0,598
1103.0,599
1104.0,600
1105.0,601
1106.0,601
1107.0,602
1108.0,602
1109.0,602
1110.0,603
1111.0,604
1112.0,604
1113.0,604
1114.0,603
1115.0,603
1116.0,604
1117.0,605
1118.0,606
1119.0,607
1120.0,607
1121.0,608
1122.0,608
1123.0,608
1124.0,609
1125.0,610
1126.0,611
1127.0,612
1128.0,613
1129.0,613
1130.0,614
1131.0,614
1132.0,614
1133.0,615
1134.0,615
1135.0,615
1136.0,616
1137.0,617
1138.0,617
1139.0,617
1140.0,618
1141.0,617
1142.0,618
1143.0,619
1144.0,620
1145.0,620
1146.0,621
1147.0,622
1148.0,622
1149.0,622
1150.0,623
1151.0,624
1152.0,625
1153.0,626
1154.0,627
1155.0,628
1156.0,628
1157.0,629
1158.0,629
1159.0,629
1160.0,628
1161.0,629
1162.0,629
1163.0,628
1164.0,628
1165.0,629
1166.0,630
1167.0,630
1168.0,630
1169.0,631
1170.0,631
1171.0,631
1172.0,632
1173.0,633
1174.0,634
1175.0,635
1176.0,636
1177.0,636
1178.0,636
1179.0,637
1180.0,638
1181.0,638
1182.0,638
1183.0,639
1184.0,639
1185.0,640
1186.0,641
1187.0,642
1188.0,642
1189.0,643
1190.0,644
1191.0,645
1192.0,646
1193.0,647
1194.0,648
1195.0,648
1196.0,649
1197.0,649
1198.0,649
1199.0,650
1200.0,650
1201.0,650
1202.0,651
1203.0,652
1204.0,653
1205.0,653
1206.0,652
1207.0,653
1208.0,654
1209.0,654
1210.0,654
1211.0,654
1212.0,655
1213.0,656
1214.0,656
1215.0,657
1216.0,657
1217.0,657
1218.0,658
1219.0,658
1220.0,658
1221.0,658
1222.0,658
1223.0,659
1224.0,660
1225.0,661
1226.0,660
1227.0,660
1228.0,661
1229.0,662
1230.0,663
1231.0,663
1232.0,663
1233.0,663
1234.0,663
1235.0,664
1236.0,663
1237.0,664
1238.0,665
1239.0,665
1240.0,666
1241.0,666
1242.0,666
1243.0,667
1244.0,667
1245.0,667
1246.0,668
1247.0,668
1248.0,669
1249.0,669
1250.0,670
1251.0,670
1252.0,671
1253.0,669
1254.0,670
1255.0,671
1256.0,672
1257.0,673
1258.0,674
1259.0,674
1260.0,674
1261.0,675
1262.0,674
1263.0,675
1264.0,676
1265.0,675
1266.0,675
1267.0,676
1268.0,677
1269.0,677
1270.0,678
1271.0,679
1272.0,680
1273.0,681
1274.0,682
1275.0,683
1276.0,684
1277.0,683
1278.0,683
1279.0,684
1280.0,684
1281.0,685
1282.0,686
1283.0,686
1284.0,687
1285.0,688
1286.0,689
1287.0,690
1288.0,691
1289.0,691
1290.0,692
1291.0,692
1292.0,693
1293.0,693
1294.0,694
1295.0,693
1296.0,694
1297.0,694
1298.0,695
1299.0,696
1300.0,697
1301.0,698
1302.0,699
1303.0,700
1304.0,700
1305.0,701
1306.0,702
1307.0,703
1308.0,704
1309.0,704
1310.0,705
1311.0,705
1312.0,706
1313.0,707
1314.0,707
1315.0,708
1316.0,709
1317.0,710
1318.0,711
1319.0,712
1320.0,713
1321.0,714
1322.0,715
1323.0,715
1324.0,714
1325.0,714
1326.0,715
1327.0,716
1328.0,717
1329.0,717
1330.0,717
1331.0,718
1332.0,719
1333.0,720
1334.0,721
1335.0,722
1336.0,723
1337.0,724
1338.0,725
1339.0,725
1340.0,725
1341.0,726
1342.0,726
1343.0,727
1344.0,728
1345.0,729
1346.0,730
1347.0,729
1348.0,730
1349.0,730
1350.0,730
1351.0,730
1352.0,730
1353.0,731
1354.0,731
1355.0,732
1356.0,733
1357.0,733
1358.0,734
1359.0,734
1360.0,735
1361.0,736
1362.0,736
1363.0,737
1364.0,737
1365.0,738
1366.0,739
1367.0,740
1368.0,741
1369.0,742
1370.0,743
1371.0,743
1372.0,744
1373.0,745
1374.0,745
1375.0,745
1376.0,746
1377.0,747
1378.0,748
1379.0,748
1380.0,749
1381.0,750
1382.0,750
1383.0,751
1384.0,752
1385.0,752
1386.0,753
1387.0,754
1388.0,755
1389.0,756
1390.0,757
1391.0,757
1392.0,758
1393.0,759
1394.0,759
1395.0,760
1396.0,761
1397.0,761
1398.0,762
1399.0,762
1400.0,763
1401.0,763
1402.0,764
1403.0,765
1404.0,766
1405.0,767
1406.0,768
1407.0,769
1408.0,770
1409.0,771
1410.0,772
1411.0,773
1412.0,774
1413.0,775
1414.0,776
1415.0,776
1416.0,777
1417.0,777
1418.0,778
1419.0,779
1420.0,778
1421.0,779
1422.0,779
1423.0,780
1424.0,780
1425.0,781
1426.0,782
1427.0,783
1428.0,783
1429.0,784
1430.0,784
1431.0,784
1432.0,785
1433.0,786
1434.0,787
1435.0,788
1436.0,789
1437.0,789
1438.0,789
1439.0,789
1440.0,789
1441.0,790
1442.0,791
1443.0,791
1444.0,791
1445.0,792
1446.0,793
1447.0,794
1448.0,795
1449.0,796
1450.0,797
1451.0,796
1452.0,797
1453.0,798
1454.0,798
1455.0,799
1456.0,800
1457.0,800
1458.0,800
1459.0,801
1460.0,802
1461.0,803
1462.0,803
1463.0,804
1464.0,804
1465.0,805
1466.0,806
1467.0,807
1468.0,808
1469.0,808
1470.0,808
1471.0,809
1472.0,809
1473.0,810
1474.0,810
1475.0,811
1476.0,812
1477.0,813
1478.0,814
1479.0,815
1480.0,815
1481.0,816
1482.0,817
1483.0,818
1484.0,818
1485.0,819
1486.0,819
1487.0,820
1488.0,821
1489.0,821
1490.0,821
1491.0,822
1492.0,823
1493.0,824
1494.0,825
1495.0,826
1496.0,827
1497.0,828
1498.0,828
1499.0,828
1500.0,829
1501.0,830
1502.0,830
1503.0,831
1504.0,831
1505.0,832
1506.0,833
1507.0,834
1508.0,835
1509.0,834
1510.0,835
1511.0,835
1512.0,836
1513.0,837
1514.0,838
1515.0,839
1516.0,840
1517.0,841
1518.0,841
1519.0,841
1520.0,841
1521.0,842
1522.0,843
1523.0,844
1524.0,845
1525.0,846
1526.0,846
1527.0,846
1528.0,846
1529.0,847
1530.0,848
1531.0,848
1532.0,849
1533.0,849
1534.0,850
1535.0,850
1536.0,850
1537.0,851
1538.0,852
1539.0,853
1540.0,853
1541.0,853
1542.0,853
1543.0,854
1544.0,855
1545.0,856
1546.0,857
1547.0,857
1548.0,858
1549.0,859
1550.0,858
1551.0,858
1552.0,859
1553.0,859
1554.0,860
1555.0,861
1556.0,862
1557.0,862
1558.0,862
1559.0,863
1560.0,863
1561.0,864
1562.0,865
1563.0,866
1564.0,866
1565.0,867
1566.0,868
1567.0,869
1568.0,870
1569.0,871
1570.0,871
1571.0,872
1572.0,872
1573.0,872
1574.0,873
1575.0,873
1576.0,874
1577.0,875
1578.0,876
1579.0,876
1580.0,877
1581.0,878
1582.0,879
1583.0,878
1584.0,878
1585.0,879
1586.0,879
1587.0,880
1588.0,881
1589.0,882
1590.0,882
1591.0,883
1592.0,884
1593.0,885
1594.0,886
1595.0,887
1596.0,888
1597.0,888
1598.0,889
1599.0,890
1600.0,891
1601.0,892
1602.0,891
1603.0,891
1604.0,892
1605.0,892
1606.0,893
1607.0,894
1608.0,895
1609.0,896
1610.0,897
1611.0,898
1612.0,899
1613.0,899
1614.0,900
1615.0,901
1616.0,900
1617.0,900
1618.0,901
1619.0,900
1620.0,901
1621.0,900
1622.0,901
1623.0,901
1624.0,901
1625.0,901
1626.0,902
1627.0,902
1628.0,903
1629.0,902
1630.0,903
1631.0,904
1632.0,905
1633.0,905
1634.0,906
1635.0,907
1636.0,908
1637.0,908
1638.0,909
1639.0,908
1640.0,909
1641.0,909
1642.0,910
1643.0,910
1644.0,911
1645.0,912
1646.0,913
1647.0,913
1648.0,914
1649.0,915
1650.0,916
1651.0,916
1652.0,917
1653.0,918
1654.0,919
1655.0,920
1656.0,921
1657.0,921
1658.0,922
1659.0,923
1660.0,924
1661.0,925
1662.0,926
1663.0,926
1664.0,926
1665.0,927
1666.0,927
1667.0,927
1668.0,927
1669.0,928
1670.0,928
1671.0,928
1672.0,929
1673.0,930
1674.0,931
1675.0,931
1676.0,932
1677.0,932
1678.0,932
1679.0,933
1680.0,934
1681.0,935
1682.0,936
1683.0,936
1684.0,936
1685.0,937
1686.0,936
1687.0,936
1688.0,937
1689.0,937
1690.0,937
1691.0,938
1692.0,938
1693.0,938
1694.0,939
1695.0,940
1696.0,941
1697.0,942
1698.0,943
1699.0,943
1700.0,943
1701.0,944
1702.0,943
1703.0,944
1704.0,945
1705.0,944
1706.0,945
1707.0,945
1708.0,946
1709.0,946
1710.0,946
1711.0,946
1712.0,947
1713.0,948
1714.0,949
1715.0,948
1716.0,949
1717.0,949
1718.0,950
1719.0,951
1720.0,952
1721.0,952
1722.0,949
1723.0,949
1724.0,950
1725.0,950
1726.0,951
1727.0,951
1728.0,952
1729.0,953
1730.0,954
1731.0,954
1732.0,954
1733.0,955
1734.0,956
1735.0,957
1736.0,957
1737.0,957
1738.0,958
1739.0,959
1740.0,960
1741.0,961
1742.0,962
1743.0,962
1744.0,962
1745.0,963
1746.0,964
1747.0,965
1748.0,966
1749.0,967
1750.0,968
1751.0,968
1752.0,969
1753.0,970
1754.0,969
1755.0,970
1756.0,971
1757.0,972
1758.0,972
1759.0,972
1760.0,973
1761.0,974
1762.0,974
1763.0,975
1764.0,976
1765.0,977
1766.0,977
1767.0,978
1768.0,978
1769.0,979
1770.0,979
1771.0,980
1772.0,981
1773.0,982
1774.0,983
1775.0,983
1776.0,984
1777.0,985
1778.0,986
1779.0,987
1780.0,988
1781.0,989
1782.0,989
1783.0,989
1784.0,990
1785.0,990
1786.0,990
1787.0,990
1788.0,990
1789.0,990
1790.0,991
1791.0,992
1792.0,993
1793.0,993
1794.0,994
1795.0,994
1796.0,994
1797.0,995
1798.0,996
1799.0,997
1800.0,998
1801.0,999
1802.0,1000
1803.0,1001
1804.0,1001
1805.0,1002
1806.0,1003
1807.0,1004
1808.0,1005
1809.0,1004
1810.0,1005
1811.0,1006
1812.0,1006
1813.0,1007
1814.0,1007
1815.0,1008
1816.0,1008
1817.0,1009
1818.0,1010
1819.0,1011
1820.0,1011
1821.0,1012
1822.0,1013
1823.0,1013
1824.0,1014
1825.0,1015
1826.0,1015
1827.0,1016
1828.0,1016
1829.0,1017
1830.0,1018
1831.0,1018
1832.0,1019
1833.0,1020
1834.0,1021
1835.0,1020
1836.0,1020
1837.0,1020
1838.0,1021
1839.0,1021
1840.0,1022
1841.0,1023
1842.0,1024
1843.0,1024
1844.0,1024
1845.0,1024
1846.0,1025
1847.0,1026
1848.0,1027
1849.0,1028
1850.0,1029
1851.0,1030
1852.0,1029
1853.0,1029
1854.0,1029
1855.0,1030
1856.0,1029
1857.0,1030
1858.0,1031
1859.0,1030
1860.0,1031
1861.0,1031
1862.0,1032
1863.0,1032
1864.0,1033
1865.0,1034
1866.0,1034
1867.0,1035
1868.0,1036
1869.0,1037
1870.0,1038
1871.0,1039
1872.0,1038
1873.0,1039
1874.0,1040
1875.0,1039
1876.0,1040
1877.0,1041
1878.0,1040
1879.0,1041
1880.0,1042
1881.0,1041
1882.0,1041
1883.0,1042
1884.0,1043
1885.0,1044
1886.0,1044
1887.0,1045
1888.0,1046
1889.0,1047
1890.0,1047
1891.0,1048
1892.0,1049
1893.0,1050
1894.0,1050
1895.0,1051
1896.0,1052
1897.0,1052
1898.0,1053
1899.0,1054
1900.0,1055
1901.0,1055
1902.0,1055
1903.0,1055
1904.0,1056
1905.0,1057
1906.0,1058
1907.0,1059
1908.0,1060
1909.0,1061
1910.0,1062
1911.0,1063
1912.0,1064
1913.0,1063
1914.0,1064
1915.0,1064
1916.0,1065
1917.0,1066
1918.0,1067
1919.0,1068
1920.0,1069
1921.0,1070
1922.0,1071
1923.0,1072
1924.0,1073
1925.0,1074
1926.0,1075
1927.0,1075
1928.0,1076
1929.0,1077
1930.0,1077
1931.0,1077
1932.0,1077
1933.0,1078
1934.0,1079
1935.0,1080
1936.0,1081
1937.0,1082
1938.0,1082
1939.0,1083
1940.0,1084
1941.0,1085
1942.0,1086
1943.0,1086
1944.0,1087
1945.0,1087
1946.0,1088
1947.0,1089
1948.0,1090
1949.0,1091
1950.0,1092
1951.0,1092
1952.0,1093
1953.0,1093
1954.0,1093
1955.0,1094
1956.0,1092
1957.0,1093
1958.0,1093
1959.0,1094
1960.0,1094
1961.0,1094
1962.0,1095
1963.0,1096
1964.0,1097
1965.0,1097
1966.0,1098
1967.0,1098
1968.0,1098
1969.0,1098
1970.0,1099
1971.0,1100
1972.0,1101
1973.0,1102
1974.0,1102
1975.0,1103
1976.0,1104
1977.0,1104
1978.0,1105
1979.0,1106
1980.0,1105
1981.0,1106
1982.0,1107
1983.0,1108
1984.0,1109
1985.0,1110
1986.0,1110
1987.0,1110
1988.0,1111
1989.0,1111
1990.0,1111
1991.0,1112
1992.0,1112
1993.0,1112
1994.0,1112
1995.0,1113
1996.0,1114
1997.0,1115
1998.0,1115
1999.0,1116
2000.0,1117
2001.0,1117
2002.0,1118
2003.0,1119
2004.0,1120
2005.0,1121
2006.0,1122
2007.0,1121
2008.0,1122
2009.0,1123
2010.0,1122
2011.0,1123
2012.0,1124
2013.0,1124
2014.0,1124
2015.0,1124
2016.0,1124
2017.0,1124
2018.0,1124
2019.0,1124
2020.0,1124
2021.0,1124
2022.0,1125
2023.0,1126
2024.0,1127
2025.0,1127
2026.0,1128
2027.0,1128
2028.0,1129
2029.0,1130
2030.0,1131
2031.0,1131
2032.0,1132
2033.0,1133
2034.0,1134
2035.0,1135
2036.0,1136
2037.0,1137
2038.0,1138
2039.0,1138
2040.0,1139
2041.0,1139
2042.0,1140
2043.0,1141
2044.0,1142
2045.0,1142
2046.0,1143
2047.0,1144
2048.0,1145
2049.0,1146
2050.0,1146
2051.0,1147
2052.0,1148
2053.0,1149
2054.0,1150
2055.0,1151
2056.0,1152
2057.0,1153
2058.0,1154
2059.0,1155
2060.0,1156
2061.0,1156
2062.0,1157
2063.0,1158
2064.0,1159
2065.0,1160
2066.0,1161
2067.0,1160
2068.0,1160
2069.0,1161
2070.0,1161
2071.0,1161
2072.0,1161
2073.0,1162
2074.0,1162
2075.0,1163
2076.0,1163
2077.0,1164
2078.0,1165
2079.0,1166
2080.0,1167
2081.0,1168
2082.0,1168
2083.0,1169
2084.0,1170
2085.0,1171
2086.0,1171
2087.0,1171
2088.0,1172
2089.0,1172
2090.0,1173
2091.0,1174
2092.0,1175
2093.0,1176
2094.0,1176
2095.0,1176
2096.0,1176
2097.0,1177
2098.0,1177
2099.0,1178
2100.0,1178
2101.0,1178
2102.0,1179
2103.0,1180
2104.0,1180
2105.0,1180
2106.0,1181
2107.0,1181
2108.0,1182
2109.0,1182
2110.0,1182
2111.0,1183
2112.0,1183
2113.0,1182
2114.0,1183
2115.0,1183
2116.0,1183
2117.0,1184
2118.0,1185
2119.0,1185
2120.0,1186
2121.0,1187
2122.0,1188
2123.0,1188
2124.0,1187
2125.0,1188
2126.0,1188
2127.0,1188
2128.0,1189
2129.0,1190
2130.0,1191
2131.0,1192
2132.0,1193
2133.0,1193
2134.0,1193
2135.0,1193
2136.0,1194
2137.0,1195
2138.0,1196
2139.0,1197
2140.0,1198
2141.0,1198
2142.0,1199
2143.0,1200
2144.0,1201
2145.0,1201
2146.0,1202
2147.0,1202
2148.0,1203
2149.0,1204
2150.0,1204
2151.0,1205
2152.0,1205
2153.0,1206
2154.0,1206
2155.0,1207
2156.0,1206
2157.0,1207
2158.0,1208
2159.0,1208
2160.0,1206
2161.0,1207
2162.0,1208
2163.0,1208
2164.0,1209
2165.0,1209
2166.0,1209
2167.0,1209
2168.0,1210
2169.0,1210
2170.0,1210
2171.0,1211
2172.0,1211
2173.0,1212
2174.0,1211
2175.0,1212
2176.0,1212
2177.0,1213
2178.0,1214
2179.0,1215
2180.0,1216
2181.0,1216
2182.0,1217
2183.0,1215
2184.0,1215
2185.0,1215
2186.0,1215
2187.0,1216
2188.0,1217
2189.0,1218
2190.0,1219
2191.0,1220
2192.0,1220
2193.0,1220
2194.0,1220
2195.0,1221
2196.0,1222
2197.0,1223
2198.0,1224
2199.0,1225
2200.0,1226
2201.0,1227
2202.0,1228
2203.0,1228
2204.0,1229
2205.0,1229
2206.0,1229
2207.0,1230
2208.0,1230
2209.0,1231
2210.0,1232
2211.0,1233
2212.0,1234
2213.0,1235
2214.0,1236
2215.0,1237
2216.0,1238
2217.0,1239
2218.0,1240
2219.0,1241
2220.0,1241
2221.0,1242
2222.0,1242
2223.0,1242
2224.0,1243
2225.0,1244
2226.0,1245
2227.0,1246
2228.0,1247
2229.0,1248
2230.0,1249
2231.0,1250
2232.0,1251
2233.0,1252
2234.0,1253
2235.0,1253
2236.0,1254
2237.0,1255
2238.0,1255
2239.0,1256
2240.0,1257
2241.0,1257
2242.0,1258
2243.0,1258
2244.0,1258
2245.0,1259
2246.0,1260
2247.0,1260
2248.0,1261
2249.0,1262
2250.0,1263
2251.0,1264
2252.0,1264
2253.0,1265
2254.0,1265
2255.0,1265
2256.0,1266
2257.0,1267
2258.0,1267
2259.0,1268
2260.0,1269
2261.0,1269
2262.0,1269
2263.0,1269
2264.0,1270
2265.0,1271
2266.0,1272
2267.0,1273
2268.0,1274
2269.0,1275
2270.0,1275
2271.0,1275
2272.0,1276
2273.0,1276
2274.0,1277
2275.0,1278
2276.0,1277
2277.0,1278
2278.0,1279
2279.0,1279
2280.0,1280
2281.0,1280
2282.0,1281
2283.0,1282
2284.0,1282
2285.0,1283
2286.0,1284
2287.0,1284
2288.0,1284
2289.0,1285
2290.0,1283
2291.0,1284
2292.0,1285
2293.0,1285
2294.0,1286
2295.0,1287
2296.0,1288
2297.0,1289
2298.0,1290
2299.0,1291
2300.0,1291
2301.0,1292
2302.0,1292
2303.0,1293
2304.0,1293
2305.0,1294
2306.0,1294
2307.0,1294
2308.0,1295
2309.0,1296
2310.0,1296
2311.0,1297
2312.0,1297
2313.0,1298
2314.0,1298
2315.0,1298
2316.0,1299
2317.0,1300
2318.0,1301
2319.0,1301
2320.0,1302
2321.0,1303
2322.0,1304
2323.0,1303
2324.0,1303
2325.0,1304
2326.0,1304
2327.0,1305
2328.0,1306
2329.0,1307
2330.0,1307
2331.0,1307
2332.0,1308
2333.0,1309
2334.0,1310
2335.0,1311
2336.0,1312
2337.0,1312
2338.0,1313
2339.0,1312
2340.0,1313
2341.0,1313
2342.0,1314
2343.0,1314
2344.0,1315
2345.0,1316
2346.0,1315
2347.0,1316
2348.0,1316
2349.0,1317
2350.0,1317
2351.0,1318
2352.0,1318
2353.0,1319
2354.0,1320
2355.0,1321
2356.0,1321
2357.0,1322
2358.0,1323
2359.0,1324
2360.0,1325
2361.0,1326
2362.0,1327
2363.0,1328
2364.0,1329
2365.0,1329
2366.0,1330
2367.0,1331
2368.0,1332
2369.0,1332
2370.0,1331
2371.0,1331
2372.0,1332
2373.0,1332
2374.0,1333
2375.0,1334
2376.0,1334
2377.0,1335
2378.0,1336
2379.0,1337
2380.0,1337
2381.0,1337
2382.0,1337
2383.0,1337
2384.0,1337
2385.0,1338
2386.0,1338
2387.0,1338
2388.0,1339
2389.0,1340
2390.0,1341
2391.0,1342
2392.0,1343
2393.0,1343
2394.0,1342
2395.0,1342
2396.0,1343
2397.0,1344
2398.0,1345
2399.0,1345
2400.0,1345
2401.0,1344
2402.0,1345
2403.0,1344
2404.0,1345
2405.0,1346
2406.0,1345
2407.0,1346
2408.0,1346
2409.0,1347
2410.0,1348
2411.0,1348
2412.0,1348
2413.0,1348
2414.0,1348
2415.0,1348
2416.0,1349
2417.0,1350
2418.0,1351
2419.0,1351
2420.0,1352
2421.0,1352
2422.0,1352
2423.0,1353
2424.0,1353
2425.0,1353
2426.0,1354
2427.0,1354
2428.0,1354
2429.0,1354
2430.0,1355
2431.0,1356
2432.0,1356
2433.0,1355
2434.0,1355
2435.0,1356
2436.0,1356
2437.0,1357
2438.0,1358
2439.0,1359
2440.0,1359
2441.0,1359
2442.0,1360
2443.0,1359
2444.0,1360
2445.0,1361
2446.0,1362
2447.0,1363
2448.0,1364
2449.0,1364
2450.0,1364
2451.0,1364
2452.0,1363
2453.0,1364
2454.0,1364
2455.0,1365
2456.0,1366
2457.0,1367
2458.0,1367
2459.0,1368
2460.0,1369
2461.0,1369
2462.0,1370
2463.0,1371
2464.0,1371
2465.0,1372
2466.0,1372
2467.0,1373
2468.0,1373
2469.0,1373
2470.0,1373
2471.0,1372
2472.0,1372
2473.0,1373
2474.0,1374
2475.0,1374
2476.0,1374
2477.0,1375
2478.0,1376
2479.0,1376
2480.0,1376
2481.0,1377
2482.0,1378
2483.0,1378
2484.0,1377
2485.0,1378
2486.0,1379
2487.0,1379
2488.0,1380
2489.0,1381
2490.0,1381
2491.0,1381
2492.0,1382
2493.0,1383
2494.0,1383
2495.0,1384
2496.0,1385
2497.0,1386
2498.0,1386
2499.0,1387
2500.0,1387
2501.0,1388
2502.0,1389
2503.0,1390
2504.0,1389
2505.0,1390
2506.0,1390
2507.0,1391
2508.0,1391
2509.0,1390
2510.0,1391
2511.0,1392
2512.0,1393
2513.0,1394
2514.0,1394
2515.0,1395
2516.0,1395
2517.0,1395
2518.0,1396
2519.0,1397
2520.0,1397
2521.0,1397
2522.0,1397
2523.0,1398
2524.0,1399
2525.0,1400
2526.0,1400
2527.0,1400
2528.0,1400
2529.0,1401
2530.0,1402
2531.0,1403
2532.0,1404
2533.0,1404
2534.0,1405
2535.0,1406
2536.0,1407
2537.0,1407
2538.0,1407
2539.0,1408
2540.0,1408
2541.0,1408
2542.0,1408
2543.0,1407
2544.0,1407
2545.0,1407
2546.0,1408
2547.0,1408
2548.0,1408
2549.0,1409
2550.0,1410
2551.0,1409
2552.0,1410
2553.0,1411
2554.0,1411
2555.0,1411
2556.0,1411
2557.0,1411
2558.0,1412
2559.0,1413
2560.0,1413
2561.0,1413
2562.0,1414
2563.0,1414
2564.0,1415
2565.0,1415
2566.0,1415
2567.0,1415
2568.0,1415
2569.0,1415
2570.0,1416
2571.0,1416
2572.0,1416
2573.0,1417
2574.0,1417
2575.0,1418
2576.0,1418
2577.0,1417
2578.0,1417
2579.0,1418
2580.0,1418
2581.0,1418
2582.0,1419
2583.0,1420
2584.0,1420
2585.0,1420
2586.0,1421
2587.0,1422
2588.0,1422
2589.0,1422
2590.0,1422
2591.0,1423
2592.0,1423
2593.0,1424
2594.0,1423
2595.0,1423
2596.0,1423
2597.0,1424
2598.0,1424
2599.0,1424
2600.0,1425
2601.0,1426
2602.0,1426
2603.0,1426
2604.0,1427
2605.0,1428
2606.0,1429
2607.0,1430
2608.0,1430
2609.0,1431
2610.0,1430
2611.0,1431
2612.0,1431
2613.0,1432
2614.0,1431
2615.0,1431
2616.0,1431
2617.0,1432
2618.0,1433
2619.0,1434
2620.0,1435
2621.0,1436
2622.0,1437
2623.0,1438
2624.0,1439
2625.0,1439
2626.0,1440
2627.0,1440
2628.0,1441
2629.0,1442
2630.0,1443
2631.0,1443
2632.0,1443
2633.0,1443
2634.0,1444
2635.0,1445
2636.0,1446
2637.0,1446
2638.0,1447
2639.0,1447
2640.0,1447
2641.0,1447
2642.0,1448
2643.0,1447
2644.0,1446
2645.0,1446
2646.0,1447
2647.0,1448
2648.0,1448
2649.0,1449
2650.0,1449
2651.0,1449
2652.0,1449
2653.0,1450
2654.0,1451
2655.0,1450
2656.0,1450
2657.0,1451
2658.0,1452
2659.0,1452
2660.0,1453
2661.0,1453
2662.0,1454
2663.0,1454
2664.0,1454
2665.0,1454
2666.0,1454
2667.0,1454
2668.0,1455
2669.0,1456
2670.0,1456
2671.0,1457
2672.0,1458
2673.0,1458
2674.0,1459
2675.0,1460
2676.0,1460
2677.0,1461
2678.0,1462
2679.0,1463
2680.0,1464
2681.0,1465
2682.0,1465
2683.0,1465
2684.0,1466
2685.0,1466
2686.0,1467
2687.0,1468
2688.0,1468
2689.0,1469
2690.0,1470
2691.0,1471
2692.0,1472
2693.0,1472
2694.0,1472
2695.0,1473
2696.0,1473
2697.0,1474
2698.0,1474
2699.0,1474
2700.0,1475
2701.0,1475
2702.0,1475
2703.0,1476
2704.0,1476
2705.0,1476
2706.0,1476
2707.0,1477
2708.0,1478
2709.0,1478
2710.0,1479
2711.0,1479
2712.0,1479
2713.0,1479
2714.0,1479
2715.0,1480
2716.0,1480
2717.0,1481
2718.0,1482
2719.0,1482
2720.0,1483
2721.0,1483
2722.0,1483
2723.0,1483
2724.0,1484
2725.0,1485
2726.0,1483
2727.0,1484
2728.0,1484
2729.0,1485
2730.0,1484
2731.0,1485
2732.0,1485
2733.0,1486
2734.0,1487
2735.0,1487
2736.0,1488
2737.0,1489
2738.0,1490
2739.0,1491
2740.0,1492
2741.0,1493
2742.0,1494
2743.0,1493
2744.0,1494
2745.0,1495
2746.0,1495
2747.0,1496
2748.0,1497
2749.0,1497
2750.0,1498
2751.0,1499
2752.0,1500
2753.0,1500
2754.0,1501
2755.0,1501
2756.0,1502
2757.0,1503
2758.0,1502
2759.0,1503
2760.0,1503
2761.0,1504
2762.0,1505
2763.0,1506
2764.0,1506
2765.0,1506
2766.0,1506
2767.0,1507
2768.0,1507
2769.0,1506
2770.0,1506
2771.0,1507
2772.0,1508
2773.0,1509
2774.0,1509
2775.0,1510
2776.0,1510
2777.0,1511
2778.0,1511
2779.0,1512
2780.0,1513
2781.0,1514
2782.0,1515
2783.0,1516
2784.0,1516
2785.0,1517
2786.0,1517
2787.0,1518
2788.0,1519
2789.0,1519
2790.0,1520
2791.0,1521
2792.0,1522
2793.0,1522
2794.0,1523
2795.0,1522
2796.0,1523
2797.0,1524
2798.0,1525
2799.0,1525
2800.0,1525
2801.0,1526
2802.0,1525
2803.0,1526
2804.0,1526
2805.0,1526
2806.0,1526
2807.0,1527
2808.0,1528
2809.0,1529
2810.0,1528
2811.0,1528
2812.0,1528
2813.0,1529
2814.0,1528
2815.0,1529
2816.0,1530
2817.0,1531
2818.0,1531
2819.0,1532
2820.0,1533
2821.0,1534
2822.0,1534
2823.0,1535
2824.0,1536
2825.0,1537
2826.0,1538
2827.0,1538
2828.0,1538
2829.0,1539
2830.0,1540
2831.0,1540
2832.0,1541
2833.0,1541
2834.0,1541
2835.0,1542
2836.0,1542
2837.0,1543
2838.0,1543
2839.0,1544
2840.0,1543
2841.0,1544
2842.0,1544
2843.0,1544
2844.0,1545
2845.0,1546
2846.0,1547
2847.0,1548
2848.0,1548
2849.0,1549
2850.0,1550
2851.0,1550
2852.0,1550
2853.0,1550
2854.0,1550
2855.0,1551
2856.0,1552
2857.0,1553
2858.0,1553
2859.0,1554
2860.0,1554
2861.0,1555
2862.0,1556
2863.0,1557
2864.0,1558
2865.0,1559
2866.0,1560
2867.0,1561
2868.0,1562
2869.0,1563
2870.0,1564
2871.0,1565
2872.0,1566
2873.0,1567
2874.0,1567
2875.0,1567
2876.0,1568
2877.0,1568
2878.0,1569
2879.0,1570
2880.0,1571
2881.0,1571
2882.0,1572
2883.0,1573
2884.0,1574
2885.0,1574
2886.0,1575
2887.0,1576
2888.0,1576
2889.0,1576
2890.0,1577
2891.0,1577
2892.0,1578
2893.0,1579
2894.0,1579
2895.0,1580
2896.0,1580
2897.0,1580
2898.0,1581
2899.0,1581
2900.0,1582
2901.0,1583
2902.0,1583
2903.0,1584
2904.0,1584
2905.0,1584
2906.0,1585
2907.0,1586
2908.0,1586
2909.0,1587
2910.0,1587
2911.0,1588
2912.0,1587
2913.0,1588
2914.0,1589
2915.0,1589
2916.0,1590
2917.0,1590
2918.0,1591
2919.0,1592
2920.0,1592
2921.0,1592
2922.0,1592
2923.0,1593
2924.0,1594
2925.0,1592
2926.0,1593
2927.0,1594
2928.0,1594
2929.0,1594
2930.0,1595
2931.0,1596
2932.0,1597
2933.0,1597
2934.0,1597
2935.0,1598
2936.0,1598
2937.0,1599
2938.0,1599
2939.0,1600
2940.0,1600
2941.0,1601
2942.0,1600
2943.0,1601
2944.0,1601
2945.0,1602
2946.0,1603
2947.0,1604
2948.0,1604
2949.0,1605
2950.0,1603
2951.0,1603
2952.0,1604
2953.0,1605
2954.0,1604
2955.0,1604
2956.0,1605
2957.0,1605
2958.0,1605
2959.0,1606
2960.0,1607
2961.0,1608
2962.0,1609
2963.0,1610
2964.0,1610
2965.0,1610
2966.0,1611
2967.0,1611
2968.0,1611
2969.0,1612
2970.0,1612
2971.0,1612
2972.0,1613
2973.0,1614
2974.0,1614
2975.0,1615
2976.0,1615
2977.0,1616
2978.0,1617
2979.0,1618
2980.0,1618
2981.0,1618
2982.0,1618
2983.0,1619
2984.0,1620
2985.0,1621
2986.0,1621
2987.0,1621
2988.0,1622
2989.0,1623
2990.0,1622
2991.0,1623
2992.0,1624
2993.0,1624
2994.0,1625
2995.0,1626
2996.0,1627
2997.0,1628
2998.0,1628
2999.0,1628
3000.0,1628
3001.0,1629
3002.0,1630
3003.0,1630
3004.0,1631
3005.0,1630
3006.0,1629
3007.0,1630
3008.0,1631
3009.0,1631
3010.0,1631
3011.0,1632
3012.0,1632
3013.0,1632
3014.0,1633
3015.0,1634
3016.0,1633
3017.0,1634
3018.0,1635
3019.0,1635
3020.0,1636
3021.0,1635
3022.0,1636
3023.0,1637
3024.0,1637
3025.0,1638
3026.0,1638
3027.0,1638
3028.0,1638
3029.0,1639
3030.0,1639
3031.0,1640
3032.0,1638
3033.0,1638
3034.0,1639
3035.0,1640
3036.0,1640
3037.0,1641
3038.0,1641
3039.0,1642
3040.0,1642
3041.0,1642
3042.0,1642
3043.0,1643
3044.0,1643
3045.0,1643
3046.0,1643
3047.0,1644
3048.0,1645
3049.0,1645
3050.0,1645
3051.0,1645
3052.0,1645
3053.0,1646
3054.0,1647
3055.0,1647
3056.0,1647
3057.0,1648
3058.0,1649
3059.0,1650
3060.0,1650
3061.0,1650
3062.0,1651
3063.0,1651
3064.0,1651
3065.0,1652
3066.0,1651
3067.0,1652
3068.0,1653
3069.0,1654
3070.0,1654
3071.0,1654
3072.0,1655
3073.0,1656
3074.0,1657
3075.0,1657
3076.0,1657
3077.0,1657
3078.0,1657
3079.0,1658
3080.0,1658
3081.0,1659
3082.0,1660
3083.0,1661
3084.0,1659
3085.0,1660
3086.0,1660
3087.0,1660
3088.0,1661
3089.0,1662
3090.0,1663
3091.0,1662
3092.0,1663
3093.0,1664
3094.0,1665
3095.0,1666
3096.0,1667
3097.0,1668
3098.0,1668
3099.0,1668
3100.0,1668
3101.0,1668
3102.0,1668
3103.0,1669
3104.0,1669
3105.0,1669
3106.0,1670
3107.0,1669
3108.0,1670
3109.0,1671
3110.0,1672
3111.0,1673
3112.0,1673
3113.0,1674
3114.0,1675
3115.0,1676
3116.0,1677
3117.0,1678
3118.0,1678
3119.0,1678
3120.0,1679
3121.0,1679
3122.0,1679
3123.0,1680
3124.0,1680
3125.0,1681
3126.0,1682
3127.0,1682
3128.0,1681
3129.0,1681
3130.0,1682
3131.0,1683
3132.0,1684
3133.0,1685
3134.0,1686
3135.0,1686
3136.0,1686
3137.0,1686
3138.0,1687
3139.0,1688
3140.0,1688
3141.0,1689
3142.0,1690
3143.0,1690
3144.0,1691
3145.0,1691
3146.0,1692
3147.0,1693
3148.0,1693
3149.0,1694
3150.0,1695
3151.0,1696
3152.0,1697
3153.0,1698
3154.0,1697
3155.0,1698
3156.0,1699
3157.0,1700
3158.0,1701
3159.0,1701
3160.0,1702
3161.0,1703
3162.0,1702
3163.0,1703
3164.0,1704
3165.0,1705
3166.0,1705
3167.0,1705
3168.0,1706
3169.0,1706
3170.0,1706
3171.0,1707
3172.0,1707
3173.0,1707
3174.0,1707
3175.0,1708
3176.0,1708
3177.0,1709
3178.0,1709
3179.0,1710
3180.0,1710
3181.0,1710
3182.0,1711
3183.0,1712
3184.0,1713
3185.0,1714
3186.0,1715
3187.0,1716
3188.0,1717
3189.0,1717
3190.0,1718
3191.0,1719
3192.0,1720
3193.0,1721
3194.0,1722
3195.0,1721
3196.0,1722
3197.0,1723
3198.0,1724
3199.0,1724
3200.0,1724
3201.0,1725
3202.0,1726
3203.0,1726
3204.0,1725
3205.0,1725
3206.0,1726
3207.0,1727
3208.0,1728
3209.0,1728
3210.0,1728
3211.0,1729
3212.0,1730
3213.0,1731
3214.0,1732
3215.0,1733
3216.0,1734
3217.0,1735
3218.0,1736
3219.0,1736
3220.0,1736
3221.0,1736
3222.0,1736
3223.0,1737
3224.0,1737
3225.0,1737
3226.0,1737
3227.0,1738
3228.0,1738
3229.0,1739
3230.0,1740
3231.0,1740
3232.0,1740
3233.0,1740
3234.0,1740
3235.0,1741
3236.0,1742
3237.0,1742
3238.0,1742
3239.0,1742
3240.0,1742
3241.0,1742
3242.0,1743
3243.0,1744
3244.0,1745
3245.0,1745
3246.0,1746
3247.0,1746
3248.0,1747
3249.0,1746
3250.0,1747
3251.0,1748
3252.0,1748
3253.0,1749
3254.0,1750
3255.0,1750
3256.0,1750
3257.0,1751
3258.0,1751
3259.0,1752
3260.0,1753
3261.0,1754
3262.0,1755
3263.0,1755
3264.0,1756
3265.0,1757
3266.0,1757
3267.0,1758
3268.0,1758
3269.0,1759
3270.0,1759
3271.0,1759
3272.0,1760
3273.0,1761
3274.0,1762
3275.0,1762
3276.0,1762
3277.0,1762
3278.0,1762
3279.0,1762
3280.0,1762
3281.0,1763
3282.0,1764
3283.0,1764
3284.0,1765
3285.0,1766
3286.0,1767
3287.0,1766
3288.0,1767
3289.0,1768
3290.0,1769
3291.0,1770
3292.0,1771
3293.0,1772
3294.0,1773
3295.0,1773
3296.0,1773
3297.0,1773
3298.0,1773
3299.0,1774
3300.0,1773
3301.0,1774
3302.0,1775
3303.0,1775
3304.0,1775
3305.0,1776
3306.0,1777
3307.0,1777
3308.0,1778
3309.0,1779
3310.0,1780
3311.0,1780
3312.0,1780
3313.0,1780
3314.0,1780
3315.0,1781
3316.0,1781
3317.0,1781
3318.0,1780
3319.0,1781
3320.0,1782
3321.0,1782
3322.0,1783
3323.0,1783
3324.0,1783
3325.0,1784
3326.0,1784
3327.0,1784
3328.0,1785
3329.0,1785
3330.0,1786
3331.0,1787
3332.0,1787
3333.0,1788
3334.0,1787
3335.0,1788
3336.0,1789
3337.0,1789
3338.0,1789
3339.0,1790
3340.0,1791
3341.0,1791
3342.0,1791
3343.0,1791
3344.0,1791
3345.0,1791
3346.0,1792
3347.0,1792
3348.0,1793
3349.0,1794
3350.0,1795
3351.0,1795
3352.0,1795
3353.0,1795
3354.0,1796
3355.0,1796
3356.0,1797
3357.0,1796
3358.0,1797
3359.0,1798
3360.0,1799
3361.0,1799
3362.0,1800
3363.0,1801
3364.0,1801
3365.0,1802
3366.0,1802
3367.0,1803
3368.0,1804
3369.0,1805
3370.0,1806
3371.0,1806
3372.0,1807
3373.0,1808
3374.0,1808
3375.0,1809
3376.0,1810
3377.0,1811
3378.0,1812
3379.0,1811
3380.0,1812
3381.0,1812
3382.0,1813
3383.0,1813
3384.0,1814
3385.0,1815
3386.0,1815
3387.0,1816
3388.0,1816
3389.0,1817
3390.0,1817
3391.0,1818
3392.0,1819
3393.0,1819
3394.0,1820
3395.0,1820
3396.0,1820
3397.0,1821
3398.0,1821
3399.0,1822
3400.0,1822
3401.0,1823
3402.0,1824
3403.0,1824
3404.0,1824
3405.0,1825
3406.0,1825
3407.0,1826
3408.0,1827
3409.0,1828
3410.0,1829
3411.0,1830
3412.0,1831
3413.0,1831
3414.0,1832
3415.0,1832
3416.0,1833
3417.0,1834
3418.0,1835
3419.0,1836
3420.0,1837
3421.0,1837
3422.0,1837
3423.0,1838
3424.0,1838
3425.0,1839
3426.0,1840
3427.0,1839
3428.0,1840
3429.0,1841
3430.0,1841
3431.0,1842
3432.0,1842
3433.0,1843
3434.0,1843
3435.0,1844
3436.0,1844
3437.0,1844
3438.0,1845
3439.0,1846
3440.0,1846
3441.0,1846
3442.0,1847
3443.0,1847
3444.0,1848
3445.0,1848
3446.0,1848
3447.0,1848
3448.0,1849
3449.0,1849
3450.0,1850
3451.0,1850
3452.0,1851
3453.0,1851
3454.0,1852
3455.0,1852
3456.0,1853
3457.0,1854
3458.0,1855
3459.0,1856
3460.0,1857
3461.0,1857
3462.0,1858
3463.0,1859
3464.0,1860
3465.0,1861
3466.0,1862
3467.0,1862
3468.0,1862
3469.0,1862
3470.0,1863
3471.0,1863
3472.0,1864
3473.0,1865
3474.0,1866
3475.0,1866
3476.0,1867
3477.0,1868
3478.0,1869
3479.0,1870
3480.0,1871
3481.0,1872
3482.0,1873
3483.0,1873
3484.0,1874
3485.0,1873
3486.0,1873
3487.0,1874
3488.0,1874
3489.0,1874
3490.0,1875
3491.0,1875
3492.0,1875
3493.0,1876
3494.0,1877
3495.0,1877
3496.0,1877
3497.0,1878
3498.0,1877
3499.0,1877
3500.0,1877
3501.0,1877
3502.0,1877
3503.0,1878
3504.0,1878
3505.0,1879
3506.0,1880
3507.0,1879
3508.0,1880
3509.0,1880
3510.0,1881
3511.0,1881
3512.0,1881
3513.0,1882
3514.0,1883
3515.0,1883
3516.0,1884
3517.0,1885
3518.0,1886
3519.0,1886
3520.0,1886
3521.0,1887
3522.0,1888
3523.0,1889
3524.0,1890
3525.0,1889
3526.0,1890
3527.0,1891
3528.0,1890
3529.0,1891
3530.0,1892
3531.0,1893
3532.0,1894
3533.0,1894
3534.0,1895
3535.0,1895
3536.0,1895
3537.0,1896
3538.0,1897
3539.0,1898
3540.0,1899
3541.0,1900
3542.0,1901
3543.0,1901
3544.0,1902
3545.0,1902
3546.0,1901
3547.0,1901
3548.0,1902
3549.0,1903
3550.0,1904
3551.0,1904
3552.0,1904
3553.0,1905
3554.0,1905
3555.0,1906
3556.0,1907
3557.0,1908
3558.0,1909
3559.0,1910
3560.0,1911
3561.0,1912
3562.0,1912
3563.0,1912
3564.0,1912
3565.0,1912
3566.0,1913
3567.0,1914
3568.0,1915
3569.0,1916
3570.0,1917
3571.0,1917
3572.0,1917
3573.0,1917
3574.0,1917
3575.0,1918
3576.0,1918
3577.0,1919
3578.0,1920
3579.0,1920
3580.0,1920
3581.0,1920
3582.0,1920
3583.0,1920
3584.0,1921
3585.0,1922
3586.0,1923
3587.0,1923
3588.0,1923
3589.0,1924
3590.0,1924
3591.0,1924
3592.0,1924
3593.0,1925
3594.0,1925
3595.0,1926
3596.0,1927
3597.0,1928
3598.0,1928
3599.0,1929
3600.0,1930
3601.0,1931
3602.0,1930
3603.0,1929
3604.0,1930
3605.0,1931
3606.0,1932
3607.0,1933
3608.0,1934
3609.0,1935
3610.0,1934
3611.0,1934
3612.0,1934
3613.0,1934
3614.0,1934
3615.0,1935
3616.0,1936
3617.0,1936
3618.0,1937
3619.0,1937
3620.0,1937
3621.0,1937
3622.0,1937
3623.0,1938
3624.0,1939
3625.0,1940
3626.0,1940
3627.0,1941
3628.0,1941
3629.0,1941
3630.0,1942
3631.0,1943
3632.0,1943
3633.0,1944
3634.0,1943
3635.0,1943
3636.0,1942
3637.0,1941
3638.0,1942
3639.0,1942
3640.0,1943
3641.0,1944
3642.0,1945
3643.0,1945
3644.0,1946
3645.0,1946
3646.0,1947
3647.0,1948
3648.0,1949
3649.0,1948
3650.0,1948
3651.0,1948
3652.0,1948
3653.0,1948
3654.0,1948
3655.0,1948
3656.0,1949
3657.0,1948
3658.0,1948
3659.0,1949
3660.0,1949
3661.0,1950
3662.0,1950
3663.0,1951
3664.0,1952
3665.0,1953
3666.0,1954
3667.0,1953
3668.0,1953
3669.0,1954
3670.0,1955
3671.0,1956
3672.0,1956
3673.0,1956
3674.0,1956
3675.0,1956
3676.0,1956
3677.0,1957
3678.0,1957
3679.0,1957
3680.0,1958
3681.0,1959
3682.0,1959
3683.0,1960
3684.0,1959
3685.0,1960
3686.0,1960
3687.0,1960
3688.0,1961
3689.0,1961
3690.0,1962
3691.0,1962
3692.0,1963
3693.0,1964
3694.0,1965
3695.0,1966
3696.0,1966
3697.0,1967
3698.0,1967
3699.0,1968
3700.0,1969
3701.0,1970
3702.0,1970
3703.0,1971
3704.0,1972
3705.0,1972
3706.0,1973
3707.0,1974
3708.0,1974
3709.0,1974
3710.0,1975
3711.0,1975
3712.0,1975
3713.0,1975
3714.0,1975
3715.0,1975
3716.0,1975
3717.0,1976
3718.0,1977
3719.0,1977
3720.0,1977
3721.0,1978
3722.0,1978
3723.0,1978
3724.0,1979
3725.0,1979
3726.0,1979
3727.0,1980
3728.0,1981
3729.0,1982
3730.0,1982
3731.0,1983
3732.0,1983
3733.0,1983
3734.0,1983
3735.0,1984
3736.0,1985
3737.0,1984
3738.0,1984
3739.0,1985
3740.0,1986
3741.0,1986
3742.0,1987
3743.0,1988
3744.0,1988
3745.0,1989
3746.0,1989
3747.0,1989
3748.0,1990
3749.0,1989
3750.0,1990
3751.0,1990
3752.0,1991
3753.0,1992
3754.0,1992
3755.0,1992
3756.0,1993
3757.0,1993
3758.0,1993
3759.0,1994
3760.0,1995
3761.0,1995
3762.0,1996
3763.0,1997
3764.0,1998
3765.0,1998
3766.0,1999
3767.0,2000
3768.0,2001
3769.0,2001
3770.0,2002
3771.0,2002
3772.0,2003
3773.0,2003
3774.0,2003
3775.0,2003
3776.0,2003
3777.0,2004
3778.0,2003
3779.0,2004
3780.0,2004
3781.0,2004
3782.0,2004
3783.0,2004
3784.0,2004
3785.0,2005
3786.0,2006
3787.0,2005
3788.0,2005
3789.0,2006
3790.0,2007
3791.0,2008
3792.0,2009
3793.0,2010
3794.0,2010
3795.0,2010
3796.0,2011
3797.0,2011
3798.0,2012
3799.0,2013
3800.0,2013
3801.0,2014
3802.0,2015
3803.0,2016
3804.0,2017
3805.0,2018
3806.0,2019
3807.0,2020
3808.0,2020
3809.0,2020
3810.0,2021
3811.0,2021
3812.0,2022
3813.0,2021
3814.0,2022
3815.0,2023
3816.0,2023
3817.0,2024
3818.0,2025
3819.0,2025
3820.0,2025
3821.0,2025
3822.0,2025
3823.0,2026
3824.0,2027
3825.0,2027
3826.0,2028
3827.0,2029
3828.0,2030
3829.0,2031
3830.0,2032
3831.0,2031
3832.0,2032
3833.0,2032
3834.0,2032
3835.0,2033
3836.0,2034
3837.0,2034
3838.0,2034
3839.0,2033
3840.0,2033
3841.0,2033
3842.0,2033
3843.0,2033
3844.0,2033
3845.0,2034
3846.0,2034
3847.0,2035
3848.0,2036
3849.0,2036
3850.0,2037
3851.0,2037
3852.0,2037
3853.0,2037
3854.0,2038
3855.0,2037
3856.0,2038
3857.0,2038
3858.0,2038
3859.0,2038
3860.0,2039
3861.0,2040
3862.0,2040
3863.0,2040
3864.0,2040
3865.0,2040
3866.0,2041
3867.0,2042
3868.0,2042
3869.0,2042
3870.0,2043
3871.0,2043
3872.0,2043
3873.0,2043
3874.0,2044
3875.0,2044
3876.0,2045
3877.0,2046
3878.0,2045
3879.0,2045
3880.0,2046
3881.0,2046
3882.0,2046
3883.0,2046
3884.0,2047
3885.0,2048
3886.0,2048
3887.0,2049
3888.0,2047
3889.0,2048
3890.0,2049
3891.0,2049
3892.0,2049
3893.0,2049
3894.0,2049
3895.0,2049
3896.0,2050
3897.0,2050
3898.0,2050
3899.0,2051
3900.0,2051
3901.0,2051
3902.0,2052
3903.0,2053
3904.0,2054
3905.0,2055
3906.0,2055
3907.0,2055
3908.0,2056
3909.0,2056
3910.0,2056
3911.0,2056
3912.0,2057
3913.0,2058
3914.0,2059
3915.0,2059
3916.0,2060
3917.0,2060
3918.0,2061
3919.0,2061
3920.0,2061
3921.0,2061
3922.0,2062
3923.0,2062
3924.0,2063
3925.0,2064
3926.0,2064
3927.0,2065
3928.0,2065
3929.0,2065
3930.0,2066
3931.0,2067
3932.0,2067
3933.0,2068
3934.0,2068
3935.0,2068
3936.0,2068
3937.0,2069
3938.0,2068
3939.0,2069
3940.0,2069
3941.0,2069
3942.0,2069
3943.0,2070
3944.0,2071
3945.0,2072
3946.0,2073
3947.0,2073
3948.0,2073
3949.0,2074
3950.0,2075
3951.0,2076
3952.0,2076
3953.0,2077
3954.0,2078
3955.0,2079
3956.0,2079
3957.0,2080
3958.0,2080
3959.0,2081
3960.0,2082
3961.0,2082
3962.0,2082
3963.0,2082
3964.0,2083
3965.0,2082
3966.0,2083
3967.0,2084
3968.0,2084
3969.0,2085
3970.0,2085
3971.0,2086
3972.0,2086
3973.0,2087
3974.0,2086
3975.0,2087
3976.0,2087
3977.0,2088
3978.0,2088
3979.0,2088
3980.0,2089
3981.0,2090
3982.0,2091
3983.0,2092
3984.0,2092
3985.0,2092
3986.0,2092
3987.0,2093
3988.0,2094
3989.0,2095
3990.0,2095
3991.0,2096
3992.0,2096
3993.0,2097
3994.0,2098
3995.0,2099
3996.0,2100
3997.0,2100
3998.0,2101
3999.0,2102
4000.0,2103
4001.0,2103
4002.0,2104
4003.0,2104
4004.0,2105
4005.0,2106
4006.0,2107
4007.0,2107
4008.0,2108
4009.0,2109
4010.0,2109
4011.0,2110
4012.0,2109
4013.0,2110
4014.0,2110
4015.0,2111
4016.0,2112
4017.0,2113
4018.0,2114
4019.0,2115
4020.0,2115
4021.0,2115
4022.0,2116
4023.0,2117
4024.0,2116
4025.0,2116
4026.0,2117
4027.0,2118
4028.0,2119
4029.0,2120
4030.0,2120
4031.0,2120
4032.0,2121
4033.0,2120
4034.0,2120
4035.0,2121
4036.0,2122
4037.0,2122
4038.0,2123
4039.0,2122
4040.0,2122
4041.0,2123
4042.0,2124
4043.0,2124
4044.0,2125
4045.0,2126
4046.0,2127
4047.0,2127
4048.0,2128
4049.0,2128
4050.0,2128
4051.0,2129
4052.0,2130
4053.0,2131
4054.0,2131
4055.0,2132
4056.0,2132
4057.0,2133
4058.0,2131
4059.0,2131
4060.0,2132
4061.0,2132
4062.0,2131
4063.0,2132
4064.0,2133
4065.0,2134
4066.0,2135
4067.0,2136
4068.0,2137
4069.0,2138
4070.0,2138
4071.0,2139
4072.0,2140
4073.0,2141
4074.0,2142
4075.0,2140
4076.0,2139
4077.0,2140
4078.0,2141
4079.0,2141
4080.0,2141
4081.0,2142
4082.0,2143
4083.0,2143
4084.0,2143
4085.0,2144
4086.0,2144
4087.0,2145
4088.0,2145
4089.0,2146
4090.0,2147
4091.0,2148
4092.0,2149
4093.0,2150
4094.0,2151
4095.0,2152
4096.0,2153
4097.0,2153
4098.0,2154
4099.0,2154
4100.0,2155
4101.0,2155
4102.0,2155
4103.0,2156
4104.0,2156
4105.0,2157
4106.0,2158
4107.0,2158
4108.0,2159
4109.0,2160
4110.0,2160
4111.0,2160
4112.0,2160
4113.0,2161
4114.0,2162
4115.0,2161
4116.0,2161
4117.0,2161
4118.0,2162
4119.0,2162
4120.0,2162
4121.0,2162
4122.0,2162
4123.0,2162
4124.0,2163
4125.0,2163
4126.0,2163
4127.0,2164
4128.0,2165
4129.0,2165
4130.0,2165
4131.0,2166
4132.0,2166
4133.0,2166
4134.0,2166
4135.0,2166
4136.0,2166
4137.0,2166
4138.0,2167
4139.0,2168
4140.0,2168
4141.0,2169
4142.0,2170
4143.0,2171
4144.0,2172
4145.0,2172
4146.0,2172
4147.0,2173
4148.0,2174
4149.0,2173
4150.0,2173
4151.0,2174
4152.0,2175
4153.0,2176
4154.0,2177
4155.0,2177
4156.0,2178
4157.0,2178
4158.0,2178
4159.0,2179
4160.0,2179
4161.0,2180
4162.0,2178
4163.0,2178
4164.0,2178
4165.0,2178
4166.0,2178
4167.0,2179
4168.0,2180
4169.0,2180
4170.0,2180
4171.0,2181
4172.0,2182
4173.0,2183
4174.0,2184
4175.0,2185
4176.0,2184
4177.0,2185
4178.0,2186
4179.0,2187
4180.0,2187
4181.0,2188
4182.0,2188
4183.0,2189
4184.0,2190
4185.0,2188
4186.0,2189
4187.0,2190
4188.0,2191
4189.0,2192
4190.0,2193
4191.0,2194
4192.0,2193
4193.0,2193
4194.0,2194
4195.0,2194
4196.0,2195
4197.0,2195
4198.0,2195
4199.0,2196
4200.0,2197
4201.0,2198
4202.0,2199
4203.0,2198
4204.0,2199
4205.0,2200
4206.0,2201
4207.0,2202
4208.0,2203
4209.0,2203
4210.0,2203
4211.0,2204
4212.0,2205
4213.0,2206
4214.0,2207
4215.0,2207
4216.0,2208
4217.0,2208
4218.0,2209
4219.0,2209
4220.0,2209
4221.0,2210
4222.0,2210
4223.0,2211
4224.0,2211
4225.0,2212
4226.0,2212
4227.0,2212
4228.0,2213
4229.0,2214
4230.0,2214
4231.0,2215
4232.0,2215
4233.0,2215
4234.0,2215
4235.0,2216
4236.0,2216
4237.0,2217
4238.0,2217
4239.0,2217
4240.0,2218
4241.0,2219
4242.0,2219
4243.0,2220
4244.0,2219
4245.0,2220
4246.0,2221
4247.0,2221
4248.0,2222
4249.0,2222
4250.0,2222
4251.0,2223
4252.0,2223
4253.0,2224
4254.0,2224
4255.0,2225
4256.0,2223
4257.0,2224
4258.0,2223
4259.0,2224
4260.0,2225
4261.0,2226
4262.0,2226
4263.0,2227
4264.0,2228
4265.0,2228
4266.0,2228
4267.0,2228
4268.0,2228
4269.0,2229
4270.0,2230
4271.0,2231
4272.0,2231
4273.0,2232
4274.0,2231
4275.0,2231
4276.0,2232
4277.0,2232
4278.0,2233
4279.0,2233
4280.0,2233
4281.0,2232
4282.0,2232
4283.0,2233
4284.0,2234
4285.0,2235
4286.0,2236
4287.0,2237
4288.0,2237
4289.0,2238
4290.0,2238
4291.0,2238
4292.0,2238
4293.0,2238
4294.0,2238
4295.0,2239
4296.0,2239
4297.0,2239
4298.0,2239
4299.0,2240
4300.0,2240
4301.0,2241
4302.0,2242
4303.0,2243
4304.0,2244
4305.0,2245
4306.0,2246
4307.0,2247
4308.0,2247
4309.0,2247
4310.0,2248
4311.0,2248
4312.0,2248
4313.0,2249
4314.0,2250
4315.0,2250
4316.0,2251
4317.0,2252
4318.0,2252
4319.0,2252
4320.0,2253
4321.0,2253
4322.0,2254
4323.0,2255
4324.0,2256
4325.0,2257
4326.0,2258
4327.0,2258
4328.0,2259
4329.0,2260
4330.0,2260
4331.0,2261
4332.0,2262
4333.0,2262
4334.0,2263
4335.0,2263
4336.0,2263
4337.0,2264
4338.0,2264
4339.0,2265
4340.0,2266
4341.0,2267
4342.0,2268
4343.0,2269
4344.0,2269
4345.0,2270
4346.0,2270
4347.0,2271
4348.0,2271
4349.0,2271
4350.0,2271
4351.0,2272
4352.0,2273
4353.0,2274
4354.0,2274
4355.0,2275
4356.0,2275
4357.0,2275
4358.0,2276
4359.0,2276
4360.0,2277
4361.0,2278
4362.0,2279
4363.0,2279
4364.0,2279
4365.0,2280
4366.0,2280
4367.0,2280
4368.0,2280
4369.0,2281
4370.0,2282
4371.0,2280
4372.0,2280
4373.0,2280
4374.0,2280
4375.0,2281
4376.0,2281
4377.0,2281
4378.0,2282
4379.0,2283
4380.0,2283
4381.0,2284
4382.0,2285
4383.0,2285
4384.0,2285
4385.0,2285
4386.0,2285
4387.0,2285
4388.0,2285
4389.0,2286
4390.0,2287
4391.0,2288
4392.0,2288
4393.0,2289
4394.0,2290
4395.0,2291
4396.0,2291
4397.0,2292
4398.0,2292
4399.0,2292
4400.0,2293
4401.0,2294
4402.0,2295
4403.0,2296
4404.0,2295
4405.0,2295
4406.0,2296
4407.0,2297
4408.0,2297
4409.0,2297
4410.0,2297
4411.0,2297
4412.0,2297
4413.0,2297
4414.0,2298
4415.0,2299
4416.0,2298
4417.0,2299
4418.0,2299
4419.0,2300
4420.0,2301
4421.0,2302
4422.0,2302
4423.0,2302
4424.0,2302
4425.0,2303
4426.0,2303
4427.0,2304
4428.0,2305
4429.0,2306
4430.0,2306
4431.0,2307
4432.0,2308
4433.0,2308
4434.0,2309
4435.0,2310
4436.0,2311
4437.0,2310
4438.0,2311
4439.0,2312
4440.0,2312
4441.0,2313
4442.0,2313
4443.0,2314
4444.0,2314
4445.0,2315
4446.0,2316
4447.0,2317
4448.0,2318
4449.0,2319
4450.0,2320
4451.0,2320
4452.0,2320
4453.0,2321
4454.0,2322
4455.0,2323
4456.0,2323
4457.0,2322
4458.0,2322
4459.0,2322
4460.0,2323
4461.0,2324
4462.0,2324
4463.0,2325
4464.0,2325
4465.0,2326
4466.0,2327
4467.0,2327
4468.0,2328
4469.0,2328
4470.0,2328
4471.0,2329
4472.0,2330
4473.0,2330
4474.0,2331
4475.0,2331
4476.0,2332
4477.0,2333
4478.0,2333
4479.0,2333
4480.0,2333
4481.0,2333
4482.0,2334
4483.0,2334
4484.0,2335
4485.0,2335
4486.0,2336
4487.0,2336
4488.0,2337
4489.0,2338
4490.0,2338
4491.0,2338
4492.0,2339
4493.0,2339
4494.0,2340
4495.0,2341
4496.0,2342
4497.0,2343
4498.0,2344
4499.0,2345
4500.0,2345
4501.0,2346
4502.0,2347
4503.0,2347
4504.0,2347
4505.0,2347
4506.0,2348
4507.0,2347
4508.0,2347
4509.0,2347
4510.0,2347
4511.0,2348
4512.0,2348
4513.0,2348
4514.0,2349
4515.0,2350
4516.0,2351
4517.0,2352
4518.0,2353
4519.0,2353
4520.0,2354
4521.0,2354
4522.0,2355
4523.0,2356
4524.0,2356
4525.0,2356
4526.0,2357
4527.0,2358
4528.0,2358
4529.0,2359
4530.0,2360
4531.0,2361
4532.0,2361
4533.0,2362
4534.0,2362
4535.0,2363
4536.0,2364
4537.0,2364
4538.0,2364
4539.0,2364
4540.0,2365
4541.0,2366
4542.0,2367
4543.0,2367
4544.0,2368
4545.0,2369
4546.0,2369
4547.0,2370
4548.0,2370
4549.0,2370
4550.0,2371
4551.0,2371
4552.0,2371
4553.0,2372
4554.0,2372
4555.0,2372
4556.0,2373
4557.0,2373
4558.0,2374
4559.0,2375
4560.0,2376
4561.0,2377
4562.0,2378
4563.0,2378
4564.0,2378
4565.0,2379
4566.0,2380
4567.0,2381
4568.0,2382
4569.0,2382
4570.0,2382
4571.0,2382
4572.0,2383
4573.0,2384
4574.0,2385
4575.0,2385
4576.0,2386
4577.0,2385
4578.0,2386
4579.0,2387
4580.0,2387
4581.0,2387
4582.0,2388
4583.0,2389
4584.0,2389
4585.0,2389
4586.0,2390
4587.0,2391
4588.0,2392
4589.0,2392
4590.0,2393
4591.0,2394
4592.0,2394
4593.0,2395
4594.0,2395
4595.0,2396
4596.0,2397
4597.0,2398
4598.0,2399
4599.0,2400
4600.0,2401
4601.0,2402
4602.0,2402
4603.0,2403
4604.0,2404
4605.0,2404
4606.0,2404
4607.0,2405
4608.0,2404
4609.0,2405
4610.0,2406
4611.0,2405
4612.0,2406
4613.0,2407
4614.0,2407
4615.0,2407
4616.0,2408
4617.0,2407
4618.0,2408
4619.0,2408
4620.0,2409
4621.0,2410
4622.0,2408
4623.0,2408
4624.0,2408
4625.0,2409
4626.0,2409
4627.0,2409
4628.0,2409
4629.0,2410
4630.0,2410
4631.0,2411
4632.0,2411
4633.0,2412
4634.0,2413
4635.0,2414
4636.0,2415
4637.0,2414
4638.0,2415
4639.0,2416
4640.0,2416
4641.0,2417
4642.0,2418
4643.0,2419
4644.0,2419
4645.0,2420
4646.0,2420
4647.0,2420
4648.0,2421
4649.0,2422
4650.0,2423
4651.0,2423
4652.0,2424
4653.0,2425
4654.0,2425
4655.0,2426
4656.0,2427
4657.0,2427
4658.0,2428
4659.0,2429
4660.0,2430
4661.0,2431
4662.0,2431
4663.0,2432
4664.0,2431
4665.0,2432
4666.0,2432
4667.0,2433
4668.0,2433
4669.0,2433
4670.0,2433
4671.0,2433
4672.0,2434
4673.0,2434
4674.0,2435
4675.0,2435
4676.0,2436
4677.0,2436
4678.0,2437
4679.0,2437
4680.0,2438
4681.0,2439
4682.0,2439
4683.0,2440
4684.0,2441
4685.0,2441
4686.0,2442
4687.0,2443
4688.0,2444
4689.0,2444
4690.0,2445
4691.0,2446
4692.0,2447
4693.0,2448
4694.0,2449
4695.0,2449
4696.0,2450
4697.0,2450
4698.0,2451
4699.0,2452
4700.0,2453
4701.0,2454
4702.0,2453
4703.0,2454
4704.0,2455
4705.0,2456
4706.0,2456
4707.0,2457
4708.0,2458
4709.0,2459
4710.0,2455
4711.0,2455
4712.0,2456
4713.0,2457
4714.0,2458
4715.0,2458
4716.0,2459
4717.0,2459
4718.0,2460
4719.0,2460
4720.0,2461
4721.0,2462
4722.0,2462
4723.0,2463
4724.0,2463
4725.0,2464
4726.0,2465
4727.0,2466
4728.0,2467
4729.0,2467
4730.0,2468
4731.0,2469
4732.0,2470
4733.0,2471
4734.0,2472
4735.0,2472
4736.0,2473
4737.0,2474
4738.0,2474
4739.0,2475
4740.0,2476
4741.0,2477
4742.0,2477
4743.0,2477
4744.0,2477
4745.0,2478
4746.0,2479
4747.0,2479
4748.0,2480
4749.0,2480
4750.0,2481
4751.0,2482
4752.0,2483
4753.0,2484
4754.0,2485
4755.0,2486
4756.0,2487
4757.0,2488
4758.0,2489
4759.0,2489
4760.0,2490
4761.0,2491
4762.0,2491
4763.0,2492
4764.0,2493
4765.0,2493
4766.0,2493
4767.0,2494
4768.0,2493
4769.0,2494
4770.0,2492
4771.0,2493
4772.0,2493
4773.0,2494
4774.0,2493
4775.0,2494
4776.0,2493
4777.0,2494
4778.0,2494
4779.0,2495
4780.0,2494
4781.0,2495
4782.0,2496
4783.0,2496
4784.0,2497
4785.0,2498
4786.0,2499
4787.0,2499
4788.0,2499
4789.0,2499
4790.0,2500
4791.0,2501
4792.0,2501
4793.0,2502
4794.0,2503
4795.0,2504
4796.0,2504
4797.0,2504
4798.0,2505
4799.0,2506
4800.0,2507
4801.0,2508
4802.0,2509
4803.0,2510
4804.0,2510
4805.0,2510
4806.0,2511
4807.0,2512
4808.0,2512
4809.0,2513
4810.0,2514
4811.0,2514
4812.0,2514
4813.0,2515
4814.0,2516
4815.0,2517
4816.0,2518
4817.0,2518
4818.0,2519
4819.0,2520
4820.0,2521
4821.0,2522
4822.0,2521
4823.0,2521
4824.0,2522
4825.0,2523
4826.0,2524
4827.0,2525
4828.0,2525
4829.0,2524
4830.0,2524
4831.0,2525
4832.0,2526
4833.0,2526
4834.0,2527
4835.0,2528
4836.0,2529
4837.0,2530
4838.0,2530
4839.0,2530
4840.0,2531
4841.0,2532
4842.0,2533
4843.0,2534
4844.0,2534
4845.0,2535
4846.0,2536
4847.0,2536
4848.0,2537
4849.0,2537
4850.0,2538
4851.0,2539
4852.0,2540
4853.0,2539
4854.0,2540
4855.0,2541
4856.0,2542
4857.0,2543
4858.0,2544
4859.0,2544
4860.0,2545
4861.0,2545
4862.0,2545
4863.0,2546
4864.0,2547
4865.0,2548
4866.0,2548
4867.0,2549
4868.0,2549
4869.0,2550
4870.0,2551
4871.0,2552
4872.0,2552
4873.0,2552
4874.0,2553
4875.0,2554
4876.0,2555
4877.0,2555
4878.0,2556
4879.0,2557
4880.0,2558
4881.0,2559
4882.0,2560
4883.0,2561
4884.0,2562
4885.0,2562
4886.0,2563
4887.0,2563
4888.0,2564
4889.0,2565
4890.0,2566
4891.0,2567
4892.0,2566
4893.0,2567
4894.0,2567
4895.0,2568
4896.0,2568
4897.0,2568
4898.0,2568
4899.0,2568
4900.0,2569
4901.0,2569
4902.0,2570
4903.0,2570
4904.0,2570
4905.0,2571
4906.0,2571
4907.0,2571
4908.0,2571
4909.0,2572
4910.0,2573
4911.0,2574
4912.0,2575
4913.0,2575
4914.0,2576
4915.0,2576
4916.0,2577
4917.0,2577
4918.0,2577
4919.0,2578
4920.0,2579
4921.0,2580
4922.0,2581
4923.0,2582
4924.0,2582
4925.0,2583
4926.0,2583
4927.0,2583
4928.0,2583
4929.0,2584
4930.0,2584
4931.0,2584
4932.0,2585
4933.0,2585
4934.0,2585
4935.0,2585
4936.0,2585
4937.0,2586
4938.0,2587
4939.0,2588
4940.0,2589
4941.0,2590
4942.0,2590
4943.0,2591
4944.0,2591
4945.0,2591
4946.0,2591
4947.0,2591
4948.0,2592
4949.0,2592
4950.0,2593
4951.0,2594
4952.0,2595
4953.0,2594
4954.0,2594
4955.0,2595
4956.0,2596
4957.0,2597
4958.0,2598
4959.0,2599
4960.0,2599
4961.0,2599
4962.0,2600
4963.0,2600
4964.0,2600
4965.0,2600
4966.0,2601
4967.0,2602
4968.0,2602
4969.0,2603
4970.0,2604
4971.0,2605
4972.0,2605
4973.0,2605
4974.0,2606
4975.0,2606
4976.0,2607
4977.0,2607
4978.0,2608
4979.0,2608
4980.0,2609
4981.0,2609
4982.0,2610
4983.0,2610
4984.0,2611
4985.0,2610
4986.0,2611
4987.0,2612
4988.0,2612
4989.0,2613
4990.0,2614
4991.0,2615
4992.0,2615
4993.0,2616
4994.0,2616
4995.0,2617
4996.0,2617
4997.0,2617
4998.0,2618
4999.0,2619
5000.0,2620
5001.0,2620
5002.0,2620
5003.0,2621
5004.0,2621
5005.0,2622
5006.0,2622
5007.0,2623
5008.0,2623
5009.0,2623
5010.0,2623
5011.0,2623
5012.0,2623
5013.0,2623
5014.0,2624
5015.0,2623
5016.0,2624
5017.0,2625
5018.0,2626
5019.0,2627
5020.0,2627
5021.0,2628
5022.0,2628
5023.0,2628
5024.0,2628
5025.0,2628
5026.0,2629
5027.0,2630
5028.0,2631
5029.0,2631
5030.0,2632
5031.0,2633
5032.0,2634
5033.0,2635
5034.0,2635
5035.0,2636
5036.0,2637
5037.0,2637
5038.0,2638
5039.0,2638
5040.0,2639
5041.0,2640
5042.0,2641
5043.0,2642
5044.0,2642
5045.0,2643
5046.0,2644
5047.0,2644
5048.0,2645
5049.0,2646
5050.0,2646
5051.0,2647
5052.0,2648
5053.0,2649
5054.0,2650
5055.0,2649
5056.0,2650
5057.0,2650
5058.0,2651
5059.0,2652
5060.0,2652
5061.0,2652
5062.0,2653
5063.0,2653
5064.0,2654
5065.0,2653
5066.0,2653
5067.0,2654
5068.0,2655
5069.0,2655
5070.0,2656
5071.0,2656
5072.0,2657
5073.0,2658
5074.0,2659
5075.0,2659
5076.0,2659
5077.0,2660
5078.0,2660
5079.0,2660
5080.0,2661
5081.0,2661
5082.0,2661
5083.0,2662
5084.0,2663
5085.0,2663
5086.0,2664
5087.0,2665
5088.0,2666
5089.0,2667
5090.0,2668
5091.0,2669
5092.0,2670
5093.0,2671
5094.0,2672
5095.0,2673
5096.0,2674
5097.0,2674
5098.0,2675
5099.0,2676
5100.0,2677
5101.0,2678
5102.0,2679
5103.0,2680
5104.0,2680
5105.0,2680
5106.0,2681
5107.0,2681
5108.0,2682
5109.0,2683
5110.0,2684
5111.0,2685
5112.0,2685
5113.0,2686
5114.0,2686
5115.0,2687
5116.0,2688
5117.0,2689
5118.0,2690
5119.0,2691
5120.0,2692
5121.0,2693
5122.0,2694
5123.0,2695
5124.0,2695
5125.0,2696
5126.0,2697
5127.0,2698
5128.0,2699
5129.0,2699
5130.0,2699
5131.0,2700
5132.0,2701
5133.0,2700
5134.0,2701
5135.0,2701
5136.0,2702
5137.0,2702
5138.0,2703
5139.0,2704
5140.0,2705
5141.0,2705
5142.0,2705
5143.0,2705
5144.0,2706
5145.0,2706
5146.0,2707
5147.0,2708
5148.0,2709
5149.0,2710
5150.0,2711
5151.0,2712
5152.0,2712
5153.0,2712
5154.0,2712
5155.0,2713
5156.0,2713
5157.0,2714
5158.0,2714
5159.0,2714
5160.0,2715
5161.0,2716
5162.0,2716
5163.0,2717
5164.0,2718
5165.0,2719
5166.0,2719
5167.0,2719
5168.0,2720
5169.0,2719
5170.0,2720
5171.0,2721
5172.0,2720
5173.0,2720
5174.0,2720
5175.0,2720
5176.0,2720
5177.0,2721
5178.0,2721
5179.0,2722
5180.0,2721
5181.0,2722
5182.0,2723
5183.0,2724
5184.0,2725
5185.0,2725
5186.0,2725
5187.0,2726
5188.0,2727
5189.0,2727
5190.0,2727
5191.0,2728
5192.0,2728
5193.0,2729
5194.0,2730
5195.0,2729
5196.0,2730
5197.0,2731
5198.0,2732
5199.0,2732
5200.0,2733
5201.0,2733
5202.0,2733
5203.0,2733
5204.0,2733
5205.0,2734
5206.0,2735
5207.0,2735
5208.0,2736
5209.0,2736
5210.0,2737
5211.0,2738
5212.0,2738
5213.0,2739
5214.0,2740
5215.0,2741
5216.0,2741
5217.0,2742
5218.0,2741
5219.0,2741
5220.0,2741
5221.0,2742
5222.0,2743
5223.0,2743
5224.0,2743
5225.0,2744
5226.0,2745
5227.0,2746
5228.0,2747
5229.0,2747
5230.0,2747
5231.0,2747
5232.0,2747
5233.0,2747
5234.0,2747
5235.0,2748
5236.0,2748
5237.0,2749
5238.0,2750
5239.0,2751
5240.0,2751
5241.0,2752
5242.0,2753
5243.0,2754
5244.0,2755
5245.0,2756
5246.0,2757
5247.0,2757
5248.0,2757
5249.0,2758
5250.0,2759
5251.0,2760
5252.0,2761
5253.0,2761
5254.0,2761
5255.0,2762
5256.0,2763
5257.0,2764
5258.0,2765
5259.0,2765
5260.0,2765
5261.0,2765
5262.0,2766
5263.0,2767
5264.0,2768
5265.0,2768
5266.0,2769
5267.0,2769
5268.0,2769
5269.0,2770
5270.0,2770
5271.0,2770
5272.0,2771
5273.0,2771
5274.0,2771
5275.0,2771
5276.0,2772
5277.0,2772
5278.0,2773
5279.0,2774
5280.0,2774
5281.0,2775
5282.0,2774
5283.0,2775
5284.0,2776
5285.0,2777
5286.0,2777
5287.0,2778
5288.0,2778
5289.0,2779
5290.0,2780
5291.0,2781
5292.0,2780
5293.0,2781
5294.0,2781
5295.0,2782
5296.0,2783
5297.0,2782
5298.0,2782
5299.0,2782
5300.0,2783
5301.0,2784
5302.0,2785
5303.0,2785
5304.0,2784
5305.0,2784
5306.0,2784
5307.0,2784
5308.0,2784
5309.0,2785
5310.0,2785
5311.0,2785
5312.0,2786
5313.0,2787
5314.0,2788
5315.0,2789
5316.0,2789
5317.0,2789
5318.0,2789
5319.0,2790
5320.0,2790
5321.0,2791
5322.0,2791
5323.0,2792
5324.0,2792
5325.0,2793
5326.0,2794
5327.0,2793
5328.0,2794
5329.0,2794
5330.0,2795
5331.0,2796
5332.0,2796
5333.0,2797
5334.0,2797
5335.0,2797
5336.0,2797
5337.0,2797
5338.0,2797
5339.0,2797
5340.0,2798
5341.0,2799
5342.0,2800
5343.0,2801
5344.0,2802
5345.0,2803
5346.0,2803
5347.0,2803
5348.0,2804
5349.0,2804
5350.0,2805
5351.0,2805
5352.0,2806
5353.0,2807
5354.0,2807
5355.0,2808
5356.0,2809
5357.0,2810
5358.0,2810
5359.0,2811
5360.0,2811
5361.0,2812
5362.0,2813
5363.0,2813
5364.0,2813
5365.0,2814
5366.0,2815
5367.0,2814
5368.0,2815
5369.0,2815
5370.0,2815
5371.0,2815
5372.0,2815
5373.0,2816
5374.0,2817
5375.0,2817
5376.0,2818
5377.0,2819
5378.0,2820
5379.0,2821
5380.0,2821
5381.0,2822
5382.0,2823
5383.0,2824
5384.0,2823
5385.0,2823
5386.0,2823
5387.0,2823
5388.0,2823
5389.0,2823
5390.0,2824
5391.0,2825
5392.0,2826
5393.0,2827
5394.0,2828
5395.0,2829
5396.0,2829
5397.0,2828
5398.0,2829
5399.0,2829
5400.0,2830
5401.0,2830
5402.0,2831
5403.0,2832
5404.0,2832
5405.0,2833
5406.0,2834
5407.0,2834
5408.0,2835
5409.0,2834
5410.0,2835
5411.0,2835
5412.0,2835
5413.0,2835
5414.0,2836
5415.0,2836
5416.0,2836
5417.0,2837
5418.0,2838
5419.0,2839
5420.0,2840
5421.0,2840
5422.0,2840
5423.0,2841
5424.0,2841
5425.0,2842
5426.0,2842
5427.0,2843
5428.0,2844
5429.0,2845
5430.0,2844
5431.0,2845
5432.0,2845
5433.0,2846
5434.0,2847
5435.0,2848
5436.0,2849
5437.0,2850
5438.0,2850
5439.0,2850
5440.0,2850
5441.0,2851
5442.0,2852
5443.0,2853
5444.0,2854
5445.0,2855
5446.0,2854
5447.0,2854
5448.0,2854
5449.0,2855
5450.0,2856
5451.0,2855
5452.0,2856
5453.0,2856
5454.0,2856
5455.0,2857
5456.0,2858
5457.0,2858
5458.0,2858
5459.0,2859
5460.0,2860
5461.0,2861
5462.0,2862
5463.0,2863
5464.0,2864
5465.0,2864
5466.0,2865
5467.0,2865
5468.0,2865
5469.0,2866
5470.0,2866
5471.0,2866
5472.0,2867
5473.0,2867
5474.0,2868
5475.0,2868
5476.0,2869
5477.0,2869
5478.0,2870
5479.0,2871
5480.0,2872
5481.0,2873
5482.0,2874
5483.0,2875
5484.0,2876
5485.0,2876
5486.0,2877
5487.0,2877
5488.0,2877
5489.0,2878
5490.0,2879
5491.0,2880
5492.0,2881
5493.0,2882
5494.0,2882
5495.0,2883
5496.0,2883
5497.0,2883
5498.0,2884
5499.0,2885
5500.0,2886
5501.0,2886
5502.0,2887
5503.0,2888
5504.0,2889
5505.0,2890
5506.0,2888
5507.0,2889
5508.0,2889
5509.0,2890
5510.0,2891
5511.0,2891
5512.0,2891
5513.0,2891
5514.0,2892
5515.0,2892
5516.0,2893
5517.0,2893
5518.0,2894
5519.0,2894
5520.0,2894
5521.0,2895
5522.0,2896
5523.0,2897
5524.0,2896
5525.0,2896
5526.0,2897
5527.0,2898
5528.0,2898
5529.0,2898
5530.0,2899
5531.0,2900
5532.0,2900
5533.0,2900
5534.0,2901
5535.0,2901
5536.0,2902
5537.0,2903
5538.0,2904
5539.0,2904
5540.0,2905
5541.0,2906
5542.0,2907
5543.0,2908
5544.0,2909
5545.0,2910
5546.0,2911
5547.0,2911
5548.0,2912
5549.0,2912
5550.0,2913
5551.0,2913
5552.0,2914
5553.0,2915
5554.0,2916
5555.0,2917
5556.0,2918
5557.0,2919
5558.0,2920
5559.0,2921
5560.0,2922
5561.0,2922
5562.0,2923
5563.0,2924
5564.0,2924
5565.0,2924
5566.0,2925
5567.0,2924
5568.0,2925
5569.0,2925
5570.0,2926
5571.0,2927
5572.0,2927
5573.0,2928
5574.0,2928
5575.0,2928
5576.0,2928
5577.0,2929
5578.0,2930
5579.0,2929
5580.0,2930
5581.0,2930
5582.0,2930
5583.0,2931
5584.0,2932
5585.0,2932
5586.0,2933
5587.0,2934
5588.0,2934
5589.0,2934
5590.0,2935
5591.0,2936
5592.0,2937
5593.0,2937
5594.0,2938
5595.0,2939
5596.0,2940
5597.0,2941
5598.0,2941
5599.0,2942
5600.0,2943
5601.0,2941
5602.0,2942
5603.0,2942
5604.0,2943
5605.0,2943
5606.0,2944
5607.0,2944
5608.0,2945
5609.0,2946
5610.0,2946
5611.0,2947
5612.0,2947
5613.0,2947
5614.0,2948
5615.0,2948
5616.0,2949
5617.0,2949
5618.0,2950
5619.0,2950
5620.0,2950
5621.0,2951
5622.0,2952
5623.0,2953
5624.0,2953
5625.0,2954
5626.0,2954
5627.0,2954
5628.0,2955
5629.0,2956
5630.0,2957
5631.0,2957
5632.0,2958
5633.0,2958
5634.0,2958
5635.0,2958
5636.0,2958
5637.0,2958
5638.0,2958
5639.0,2958
5640.0,2959
5641.0,2959
5642.0,2959
5643.0,2959
5644.0,2960
5645.0,2960
5646.0,2961
5647.0,2961
5648.0,2961
5649.0,2962
5650.0,2963
5651.0,2964
5652.0,2965
5653.0,2965
5654.0,2965
5655.0,2965
5656.0,2966
5657.0,2966
5658.0,2966
5659.0,2967
5660.0,2967
5661.0,2968
5662.0,2968
5663.0,2968
5664.0,2968
5665.0,2969
5666.0,2970
5667.0,2971
5668.0,2971
5669.0,2972
5670.0,2973
5671.0,2973
5672.0,2974
5673.0,2974
5674.0,2975
5675.0,2975
5676.0,2976
5677.0,2976
5678.0,2977
5679.0,2978
5680.0,2978
5681.0,2978
5682.0,2979
5683.0,2979
5684.0,2979
5685.0,2980
5686.0,2980
5687.0,2980
5688.0,2981
5689.0,2982
5690.0,2982
5691.0,2983
5692.0,2984
5693.0,2984
5694.0,2984
5695.0,2985
5696.0,2986
5697.0,2986
5698.0,2986
5699.0,2986
5700.0,2987
5701.0,2987
5702.0,2988
5703.0,2988
5704.0,2989
5705.0,2990
5706.0,2990
5707.0,2990
5708.0,2991
5709.0,2991
5710.0,2991
5711.0,2992
5712.0,2993
5713.0,2993
5714.0,2993
5715.0,2994
5716.0,2995
5717.0,2996
5718.0,2996
5719.0,2996
5720.0,2996
5721.0,2997
5722.0,2998
5723.0,2999
5724.0,3000
5725.0,3000
5726.0,3001
5727.0,3002
5728.0,3003
5729.0,3003
5730.0,3004
5731.0,3005
5732.0,3006
5733.0,3006
5734.0,3006
5735.0,3007
5736.0,3008
5737.0,3009
5738.0,3010
5739.0,3011
5740.0,3012
5741.0,3013
5742.0,3014
5743.0,3015
5744.0,3016
5745.0,3017
5746.0,3018
5747.0,3018
5748.0,3019
5749.0,3019
5750.0,3020
5751.0,3021
5752.0,3022
5753.0,3023
5754.0,3024
5755.0,3025
5756.0,3026
5757.0,3027
5758.0,3026
5759.0,3027
5760.0,3028
5761.0,3026
5762.0,3026
5763.0,3027
5764.0,3027
5765.0,3027
5766.0,3027
5767.0,3028
5768.0,3028
5769.0,3029
5770.0,3030
5771.0,3031
5772.0,3032
5773.0,3032
5774.0,3032
5775.0,3033
5776.0,3034
5777.0,3033
5778.0,3034
5779.0,3034
5780.0,3034
5781.0,3035
5782.0,3036
5783.0,3037
5784.0,3037
5785.0,3038
5786.0,3038
5787.0,3039
5788.0,3039
5789.0,3039
5790.0,3040
5791.0,3041
5792.0,3041
5793.0,3042
5794.0,3041
5795.0,3041
5796.0,3042
5797.0,3042
5798.0,3042
5799.0,3043
5800.0,3044
5801.0,3044
5802.0,3045
5803.0,3046
5804.0,3047
5805.0,3048
5806.0,3049
5807.0,3050
5808.0,3051
5809.0,3052
5810.0,3052
5811.0,3053
5812.0,3054
5813.0,3055
5814.0,3056
5815.0,3057
5816.0,3057
5817.0,3058
5818.0,3059
5819.0,3060
5820.0,3060
5821.0,3061
5822.0,3061
5823.0,3061
5824.0,3062
5825.0,3063
5826.0,3063
5827.0,3064
5828.0,3064
5829.0,3065
5830.0,3066
5831.0,3067
5832.0,3067
5833.0,3067
5834.0,3068
5835.0,3069
5836.0,3070
5837.0,3070
5838.0,3071
5839.0,3072
5840.0,3073
5841.0,3074
5842.0,3074
5843.0,3075
5844.0,3075
5845.0,3075
5846.0,3076
5847.0,3077
5848.0,3078
5849.0,3078
5850.0,3078
5851.0,3078
5852.0,3079
5853.0,3080
5854.0,3080
5855.0,3081
5856.0,3082
5857.0,3081
5858.0,3082
5859.0,3083
5860.0,3082
5861.0,3082
5862.0,3082
5863.0,3082
5864.0,3083
5865.0,3083
5866.0,3084
5867.0,3084
5868.0,3085
5869.0,3085
5870.0,3086
5871.0,3086
5872.0,3087
5873.0,3087
5874.0,3087
5875.0,3088
5876.0,3089
5877.0,3090
5878.0,3090
5879.0,3091
5880.0,3092
5881.0,3093
5882.0,3094
5883.0,3095
5884.0,3096
5885.0,3097
5886.0,3098
5887.0,3098
5888.0,3098
5889.0,3099
5890.0,3100
5891.0,3101
5892.0,3101
5893.0,3101
5894.0,3102
5895.0,3103
5896.0,3104
5897.0,3104
5898.0,3105
5899.0,3106
5900.0,3105
5901.0,3105
5902.0,3105
5903.0,3106
5904.0,3107
5905.0,3107
5906.0,3108
5907.0,3109
5908.0,3108
5909.0,3108
5910.0,3108
5911.0,3109
5912.0,3109
5913.0,3110
5914.0,3109
5915.0,3109
5916.0,3110
5917.0,3111
5918.0,3112
5919.0,3112
5920.0,3113
5921.0,3114
5922.0,3115
5923.0,3116
5924.0,3117
5925.0,3117
5926.0,3118
5927.0,3119
5928.0,3119
5929.0,3119
5930.0,3119
5931.0,3119
5932.0,3120
5933.0,3121
5934.0,3122
5935.0,3123
5936.0,3124
5937.0,3125
5938.0,3125
5939.0,3125
5940.0,3126
5941.0,3127
5942.0,3127
5943.0,3127
5944.0,3127
5945.0,3127
5946.0,3127
5947.0,3128
5948.0,3129
5949.0,3130
5950.0,3131
5951.0,3131
5952.0,3132
5953.0,3133
5954.0,3134
5955.0,3134
5956.0,3135
5957.0,3135
5958.0,3135
5959.0,3136
5960.0,3136
5961.0,3136
5962.0,3137
5963.0,3137
5964.0,3138
5965.0,3138
5966.0,3139
5967.0,3140
5968.0,3141
5969.0,3142
5970.0,3142
5971.0,3143
5972.0,3144
5973.0,3145
5974.0,3145
5975.0,3146
5976.0,3146
5977.0,3146
5978.0,3147
5979.0,3146
5980.0,3146
5981.0,3147
5982.0,3148
5983.0,3148
5984.0,3149
5985.0,3150
5986.0,3149
5987.0,3150
5988.0,3151
5989.0,3152
5990.0,3153
5991.0,3153
5992.0,3154
5993.0,3155
5994.0,3156
5995.0,3156
5996.0,3156
5997.0,3157
5998.0,3158
5999.0,3159
6000.0,3159
