"tick","Task"
1.0,0
2.0,0
3.0,0
4.0,10
5.0,10
6.0,10
7.0,10
8.0,10
9.0,10
10.0,19
11.0,19
12.0,18
13.0,28
14.0,27
15.0,26
16.0,24
17.0,23
18.0,33
19.0,33
20.0,42
21.0,41
22.0,50
23.0,49
24.0,48
25.0,48
26.0,47
27.0,47
28.0,44
29.0,44
30.0,43
31.0,43
32.0,43
33.0,42
34.0,42
35.0,40
36.0,39
37.0,39
38.0,39
39.0,39
40.0,39
41.0,49
42.0,49
43.0,58
44.0,58
45.0,58
46.0,58
47.0,57
48.0,56
49.0,56
50.0,56
51.0,66
52.0,66
53.0,66
54.0,65
55.0,65
56.0,65
57.0,65
58.0,65
59.0,65
60.0,65
61.0,65
62.0,65
63.0,65
64.0,65
65.0,64
66.0,74
67.0,74
68.0,74
69.0,74
70.0,74
71.0,74
72.0,74
73.0,74
74.0,74
75.0,73
76.0,73
77.0,73
78.0,73
79.0,73
80.0,72
81.0,72
82.0,71
83.0,71
84.0,70
85.0,80
86.0,80
87.0,79
88.0,79
89.0,89
90.0,99
91.0,97
92.0,95
93.0,95
94.0,95
95.0,95
96.0,94
97.0,93
98.0,91
99.0,91
100.0,90
101.0,90
102.0,90
103.0,90
104.0,89
105.0,89
106.0,89
107.0,88
108.0,88
109.0,87
110.0,87
111.0,85
112.0,84
113.0,84
114.0,83
115.0,83
116.0,83
117.0,82
118.0,82
119.0,81
120.0,80
121.0,78
122.0,78
123.0,77
124.0,76
125.0,76
126.0,76
127.0,76
128.0,85
129.0,84
130.0,84
131.0,84
132.0,84
133.0,83
134.0,82
135.0,82
136.0,82
137.0,82
138.0,82
139.0,81
140.0,81
141.0,80
142.0,79
143.0,79
144.0,78
145.0,78
146.0,87
147.0,86
148.0,86
149.0,86
150.0,86
151.0,86
152.0,86
153.0,85
154.0,85
155.0,84
156.0,84
157.0,84
158.0,84
159.0,94
160.0,94
161.0,94
162.0,93
163.0,93
164.0,92
165.0,92
166.0,91
167.0,91
168.0,91
169.0,91
170.0,91
171.0,91
172.0,91
173.0,91
174.0,90
175.0,99
176.0,99
177.0,99
178.0,99
179.0,107
180.0,106
181.0,105
182.0,102
183.0,121
184.0,121
185.0,119
186.0,119
187.0,119
188.0,118
189.0,127
190.0,127
191.0,136
192.0,135
193.0,135
194.0,133
195.0,141
196.0,141
197.0,141
198.0,140
199.0,139
200.0,139
201.0,138
202.0,138
203.0,138
204.0,137
205.0,137
206.0,137
207.0,137
208.0,137
209.0,137
210.0,137
211.0,137
212.0,136
213.0,136
214.0,146
215.0,145
216.0,144
217.0,144
218.0,144
219.0,144
220.0,144
221.0,143
222.0,153
223.0,153
224.0,151
225.0,150
226.0,150
227.0,148
228.0,148
229.0,156
230.0,156
231.0,156
232.0,154
233.0,154
234.0,154
235.0,153
236.0,162
237.0,161
238.0,161
239.0,160
240.0,160
241.0,160
242.0,160
243.0,159
244.0,159
245.0,159
246.0,159
247.0,159
248.0,158
249.0,158
250.0,157
251.0,157
252.0,156
253.0,155
254.0,155
255.0,155
256.0,155
257.0,155
258.0,155
259.0,154
260.0,154
261.0,154
262.0,152
263.0,152
264.0,151
265.0,151
266.0,151
267.0,151
268.0,151
269.0,150
270.0,150
271.0,150
272.0,150
273.0,159
274.0,159
275.0,159
276.0,159
277.0,159
278.0,158
279.0,157
280.0,157
281.0,157
282.0,157
283.0,156
284.0,156
285.0,166
286.0,166
287.0,166
288.0,166
289.0,165
290.0,163
291.0,163
292.0,162
293.0,162
294.0,162
295.0,162
296.0,162
297.0,162
298.0,161
299.0,160
300.0,160
301.0,160
302.0,160
303.0,159
304.0,158
305.0,158
306.0,168
307.0,166
308.0,176
309.0,175
310.0,175
311.0,173
312.0,173
313.0,173
314.0,172
315.0,171
316.0,170
317.0,169
318.0,168
319.0,166
320.0,166
321.0,166
322.0,166
323.0,166
324.0,176
325.0,176
326.0,176
327.0,175
328.0,174
329.0,174
330.0,173
331.0,173
332.0,172
333.0,171
334.0,171
335.0,171
336.0,171
337.0,169
338.0,169
339.0,178
340.0,178
341.0,178
342.0,187
343.0,187
344.0,185
345.0,185
346.0,184
347.0,184
348.0,183
349.0,183
350.0,192
351.0,191
352.0,191
353.0,189
354.0,199
355.0,199
356.0,207
357.0,217
358.0,217
359.0,226
360.0,226
361.0,225
362.0,224
363.0,224
364.0,223
365.0,223
366.0,223
367.0,233
368.0,232
369.0,232
370.0,231
371.0,230
372.0,228
373.0,228
374.0,228
375.0,227
376.0,227
377.0,227
378.0,227
379.0,227
380.0,227
381.0,227
382.0,227
383.0,225
384.0,225
385.0,225
386.0,225
387.0,225
388.0,225
389.0,224
390.0,234
391.0,234
392.0,234
393.0,234
394.0,233
395.0,242
396.0,242
397.0,241
398.0,240
399.0,239
400.0,239
401.0,239
402.0,248
403.0,248
404.0,248
405.0,246
406.0,245
407.0,245
408.0,244
409.0,243
410.0,243
411.0,243
412.0,243
413.0,243
414.0,242
415.0,241
416.0,240
417.0,239
418.0,238
419.0,237
420.0,247
421.0,247
422.0,246
423.0,245
424.0,245
425.0,245
426.0,243
427.0,243
428.0,243
429.0,242
430.0,242
431.0,242
432.0,241
433.0,240
434.0,240
435.0,240
436.0,248
437.0,248
438.0,248
439.0,248
440.0,247
441.0,247
442.0,247
443.0,247
444.0,245
445.0,245
446.0,245
447.0,245
448.0,245
449.0,245
450.0,245
451.0,243
452.0,243
453.0,243
454.0,252
455.0,251
456.0,251
457.0,251
458.0,250
459.0,250
460.0,250
461.0,249
462.0,249
463.0,249
464.0,249
465.0,248
466.0,248
467.0,248
468.0,247
469.0,247
470.0,246
471.0,244
472.0,243
473.0,243
474.0,241
475.0,240
476.0,249
477.0,259
478.0,268
479.0,265
480.0,264
481.0,264
482.0,264
483.0,263
484.0,262
485.0,260
486.0,260
487.0,270
488.0,270
489.0,270
490.0,270
491.0,270
492.0,269
493.0,269
494.0,269
495.0,269
496.0,269
497.0,269
498.0,268
499.0,268
500.0,268
501.0,268
502.0,268
503.0,268
504.0,267
505.0,267
506.0,265
507.0,264
508.0,263
509.0,262
510.0,261
511.0,259
512.0,259
513.0,257
514.0,255
515.0,255
516.0,253
517.0,261
518.0,261
519.0,261
520.0,260
521.0,259
522.0,258
523.0,257
524.0,257
525.0,267
526.0,266
527.0,266
528.0,266
529.0,266
530.0,266
531.0,266
532.0,266
533.0,266
534.0,265
535.0,265
536.0,265
537.0,265
538.0,272
539.0,272
540.0,271
541.0,271
542.0,271
543.0,271
544.0,270
545.0,270
546.0,270
547.0,270
548.0,270
549.0,269
550.0,279
551.0,279
552.0,279
553.0,279
554.0,279
555.0,278
556.0,277
557.0,277
558.0,277
559.0,276
560.0,276
561.0,276
562.0,284
563.0,284
564.0,284
565.0,283
566.0,282
567.0,281
568.0,280
569.0,278
570.0,278
571.0,278
572.0,278
573.0,277
574.0,275
575.0,275
576.0,274
577.0,274
578.0,272
579.0,270
580.0,270
581.0,270
582.0,278
583.0,276
584.0,284
585.0,284
586.0,283
587.0,282
588.0,281
589.0,281
590.0,281
591.0,280
592.0,280
593.0,279
594.0,276
595.0,275
596.0,274
597.0,274
598.0,274
599.0,271
600.0,271
601.0,270
602.0,270
603.0,270
604.0,270
605.0,270
606.0,270
607.0,278
608.0,276
609.0,276
610.0,276
611.0,286
612.0,286
613.0,286
614.0,286
615.0,286
616.0,286
617.0,285
618.0,285
619.0,285
620.0,285
621.0,285
622.0,285
623.0,283
624.0,283
625.0,282
626.0,291
627.0,290
628.0,288
629.0,287
630.0,287
631.0,287
632.0,287
633.0,287
634.0,287
635.0,286
636.0,284
637.0,293
638.0,293
639.0,292
640.0,292
641.0,292
642.0,292
643.0,291
644.0,290
645.0,290
646.0,289
647.0,289
648.0,288
649.0,287
650.0,287
651.0,287
652.0,285
653.0,295
654.0,314
655.0,313
656.0,313
657.0,313
658.0,321
659.0,321
660.0,320
661.0,320
662.0,318
663.0,316
664.0,325
665.0,323
666.0,323
667.0,323
668.0,322
669.0,322
670.0,321
671.0,320
672.0,320
673.0,318
674.0,317
675.0,316
676.0,315
677.0,314
678.0,324
679.0,323
680.0,323
681.0,323
682.0,322
683.0,331
684.0,331
685.0,331
686.0,329
687.0,329
688.0,329
689.0,329
690.0,327
691.0,326
692.0,326
693.0,324
694.0,323
695.0,323
696.0,323
697.0,323
698.0,323
699.0,332
700.0,332
701.0,331
702.0,331
703.0,331
704.0,330
705.0,330
706.0,340
707.0,340
708.0,339
709.0,338
710.0,338
711.0,338
712.0,337
713.0,336
714.0,336
715.0,336
716.0,336
717.0,336
718.0,336
719.0,334
720.0,334
721.0,333
722.0,332
723.0,331
724.0,330
725.0,329
726.0,329
727.0,329
728.0,329
729.0,327
730.0,324
731.0,324
732.0,323
733.0,323
734.0,320
735.0,320
736.0,320
737.0,320
738.0,320
739.0,320
740.0,329
741.0,329
742.0,327
743.0,326
744.0,325
745.0,324
746.0,324
747.0,324
748.0,324
749.0,334
750.0,334
751.0,332
752.0,331
753.0,329
754.0,329
755.0,328
756.0,328
757.0,326
758.0,326
759.0,324
760.0,323
761.0,331
762.0,341
763.0,341
764.0,340
765.0,338
766.0,337
767.0,345
768.0,345
769.0,344
770.0,344
771.0,343
772.0,352
773.0,351
774.0,351
775.0,350
776.0,349
777.0,347
778.0,347
779.0,346
780.0,345
781.0,345
782.0,344
783.0,344
784.0,342
785.0,341
786.0,341
787.0,340
788.0,350
789.0,350
790.0,350
791.0,360
792.0,369
793.0,369
794.0,369
795.0,368
796.0,368
797.0,368
798.0,366
799.0,365
800.0,364
801.0,363
802.0,361
803.0,368
804.0,367
805.0,367
806.0,367
807.0,367
808.0,366
809.0,366
810.0,366
811.0,365
812.0,365
813.0,363
814.0,361
815.0,361
816.0,361
817.0,360
818.0,358
819.0,356
820.0,356
821.0,356
822.0,356
823.0,356
824.0,356
825.0,354
826.0,353
827.0,353
828.0,353
829.0,352
830.0,351
831.0,350
832.0,348
833.0,348
834.0,347
835.0,355
836.0,355
837.0,355
838.0,355
839.0,354
840.0,363
841.0,362
842.0,362
843.0,361
844.0,361
845.0,360
846.0,360
847.0,359
848.0,359
849.0,358
850.0,358
851.0,358
852.0,358
853.0,357
854.0,356
855.0,356
856.0,355
857.0,354
858.0,354
859.0,352
860.0,352
861.0,351
862.0,349
863.0,348
864.0,348
865.0,358
866.0,358
867.0,358
868.0,358
869.0,358
870.0,358
871.0,358
872.0,366
873.0,366
874.0,366
875.0,366
876.0,366
877.0,366
878.0,366
879.0,366
880.0,366
881.0,365
882.0,364
883.0,364
884.0,364
885.0,364
886.0,364
887.0,363
888.0,363
889.0,362
890.0,361
891.0,361
892.0,360
893.0,369
894.0,368
895.0,368
896.0,367
897.0,366
898.0,375
899.0,385
900.0,385
901.0,385
902.0,383
903.0,382
904.0,381
905.0,379
906.0,378
907.0,378
908.0,378
909.0,378
910.0,386
911.0,385
912.0,385
913.0,384
914.0,383
915.0,391
916.0,391
917.0,401
918.0,401
919.0,400
920.0,400
921.0,400
922.0,399
923.0,399
924.0,409
925.0,409
926.0,408
927.0,408
928.0,407
929.0,405
930.0,404
931.0,403
932.0,402
933.0,402
934.0,401
935.0,401
936.0,400
937.0,410
938.0,410
939.0,410
940.0,410
941.0,409
942.0,407
943.0,407
944.0,407
945.0,406
946.0,415
947.0,414
948.0,413
949.0,411
950.0,421
951.0,420
952.0,420
953.0,420
954.0,419
955.0,419
956.0,419
957.0,419
958.0,418
959.0,418
960.0,418
961.0,418
962.0,418
963.0,427
964.0,426
965.0,425
966.0,424
967.0,423
968.0,421
969.0,430
970.0,430
971.0,430
972.0,429
973.0,428
974.0,436
975.0,436
976.0,435
977.0,435
978.0,434
979.0,434
980.0,432
981.0,431
982.0,430
983.0,430
984.0,430
985.0,449
986.0,449
987.0,449
988.0,448
989.0,446
990.0,444
991.0,451
992.0,451
993.0,451
994.0,450
995.0,449
996.0,447
997.0,466
998.0,475
999.0,473
1000.0,473
1001.0,471
1002.0,471
1003.0,471
1004.0,471
1005.0,469
1006.0,469
1007.0,468
1008.0,467
1009.0,474
1010.0,472
1011.0,472
1012.0,472
1013.0,471
1014.0,481
1015.0,480
1016.0,476
1017.0,476
1018.0,475
1019.0,474
1020.0,473
1021.0,473
1022.0,473
1023.0,472
1024.0,471
1025.0,471
1026.0,471
1027.0,469
1028.0,469
1029.0,468
1030.0,468
1031.0,467
1032.0,467
1033.0,467
1034.0,466
1035.0,465
1036.0,465
1037.0,465
1038.0,465
1039.0,465
1040.0,464
1041.0,463
1042.0,463
1043.0,463
1044.0,462
1045.0,462
1046.0,462
1047.0,462
1048.0,461
1049.0,461
1050.0,460
1051.0,460
1052.0,460
1053.0,459
1054.0,459
1055.0,458
1056.0,476
1057.0,496
1058.0,494
1059.0,494
1060.0,491
1061.0,501
1062.0,501
1063.0,501
1064.0,501
1065.0,499
1066.0,498
1067.0,497
1068.0,497
1069.0,497
1070.0,496
1071.0,495
1072.0,494
1073.0,494
1074.0,493
1075.0,493
1076.0,493
1077.0,491
1078.0,491
1079.0,490
1080.0,490
1081.0,490
1082.0,489
1083.0,489
1084.0,489
1085.0,489
1086.0,489
1087.0,487
1088.0,487
1089.0,487
1090.0,487
1091.0,487
1092.0,486
1093.0,486
1094.0,486
1095.0,485
1096.0,485
1097.0,485
1098.0,495
1099.0,495
1100.0,495
1101.0,495
1102.0,494
1103.0,493
1104.0,493
1105.0,493
1106.0,493
1107.0,502
1108.0,501
1109.0,500
1110.0,500
1111.0,499
1112.0,499
1113.0,499
1114.0,498
1115.0,498
1116.0,498
1117.0,498
1118.0,517
1119.0,527
1120.0,527
1121.0,526
1122.0,526
1123.0,525
1124.0,525
1125.0,523
1126.0,522
1127.0,522
1128.0,531
1129.0,531
1130.0,530
1131.0,528
1132.0,527
1133.0,525
1134.0,525
1135.0,525
1136.0,534
1137.0,533
1138.0,532
1139.0,531
1140.0,529
1141.0,536
1142.0,536
1143.0,536
1144.0,535
1145.0,534
1146.0,534
1147.0,542
1148.0,542
1149.0,542
1150.0,550
1151.0,550
1152.0,549
1153.0,549
1154.0,568
1155.0,567
1156.0,565
1157.0,565
1158.0,565
1159.0,564
1160.0,564
1161.0,564
1162.0,564
1163.0,574
1164.0,574
1165.0,573
1166.0,572
1167.0,572
1168.0,571
1169.0,571
1170.0,570
1171.0,569
1172.0,569
1173.0,569
1174.0,568
1175.0,578
1176.0,577
1177.0,577
1178.0,576
1179.0,576
1180.0,595
1181.0,603
1182.0,619
1183.0,619
1184.0,618
1185.0,627
1186.0,626
1187.0,636
1188.0,636
1189.0,636
1190.0,635
1191.0,633
1192.0,633
1193.0,633
1194.0,633
1195.0,633
1196.0,643
1197.0,642
1198.0,642
1199.0,651
1200.0,650
1201.0,649
1202.0,649
1203.0,648
1204.0,648
1205.0,647
1206.0,646
1207.0,646
1208.0,646
1209.0,646
1210.0,646
1211.0,645
1212.0,644
1213.0,644
1214.0,643
1215.0,643
1216.0,642
1217.0,641
1218.0,640
1219.0,640
1220.0,636
1221.0,636
1222.0,635
1223.0,634
1224.0,634
1225.0,633
1226.0,632
1227.0,632
1228.0,642
1229.0,642
1230.0,641
1231.0,639
1232.0,638
1233.0,638
1234.0,638
1235.0,638
1236.0,638
1237.0,636
1238.0,636
1239.0,636
1240.0,644
1241.0,644
1242.0,642
1243.0,641
1244.0,640
1245.0,640
1246.0,637
1247.0,637
1248.0,637
1249.0,637
1250.0,636
1251.0,634
1252.0,634
1253.0,634
1254.0,634
1255.0,633
1256.0,632
1257.0,632
1258.0,629
1259.0,629
1260.0,628
1261.0,628
1262.0,628
1263.0,628
1264.0,628
1265.0,628
1266.0,638
1267.0,637
1268.0,637
1269.0,636
1270.0,636
1271.0,635
1272.0,635
1273.0,634
1274.0,634
1275.0,633
1276.0,633
1277.0,632
1278.0,631
1279.0,629
1280.0,629
1281.0,637
1282.0,637
1283.0,635
1284.0,635
1285.0,632
1286.0,632
1287.0,632
1288.0,632
1289.0,632
1290.0,631
1291.0,631
1292.0,630
1293.0,630
1294.0,630
1295.0,630
1296.0,629
1297.0,629
1298.0,629
1299.0,629
1300.0,629
1301.0,628
1302.0,628
1303.0,627
1304.0,627
1305.0,627
1306.0,627
1307.0,647
1308.0,647
1309.0,646
1310.0,646
1311.0,646
1312.0,646
1313.0,645
1314.0,645
1315.0,645
1316.0,645
1317.0,643
1318.0,643
1319.0,643
1320.0,642
1321.0,641
1322.0,641
1323.0,640
1324.0,640
1325.0,640
1326.0,639
1327.0,638
1328.0,638
1329.0,638
1330.0,637
1331.0,636
1332.0,636
1333.0,635
1334.0,635
1335.0,635
1336.0,635
1337.0,634
1338.0,633
1339.0,642
1340.0,641
1341.0,641
1342.0,641
1343.0,640
1344.0,650
1345.0,650
1346.0,650
1347.0,650
1348.0,649
1349.0,648
1350.0,658
1351.0,658
1352.0,658
1353.0,658
1354.0,656
1355.0,656
1356.0,656
1357.0,656
1358.0,655
1359.0,655
1360.0,655
1361.0,655
1362.0,655
1363.0,663
1364.0,663
1365.0,663
1366.0,663
1367.0,662
1368.0,662
1369.0,661
1370.0,661
1371.0,660
1372.0,660
1373.0,659
1374.0,659
1375.0,659
1376.0,659
1377.0,658
1378.0,658
1379.0,657
1380.0,657
1381.0,657
1382.0,657
1383.0,657
1384.0,657
1385.0,656
1386.0,656
1387.0,656
1388.0,656
1389.0,656
1390.0,655
1391.0,655
1392.0,654
1393.0,653
1394.0,651
1395.0,651
1396.0,651
1397.0,651
1398.0,651
1399.0,651
1400.0,651
1401.0,651
1402.0,648
1403.0,648
1404.0,648
1405.0,647
1406.0,646
1407.0,646
1408.0,645
1409.0,655
1410.0,655
1411.0,655
1412.0,654
1413.0,654
1414.0,653
1415.0,652
1416.0,651
1417.0,651
1418.0,651
1419.0,651
1420.0,650
1421.0,649
1422.0,649
1423.0,648
1424.0,648
1425.0,648
1426.0,646
1427.0,645
1428.0,645
1429.0,645
1430.0,645
1431.0,645
1432.0,654
1433.0,653
1434.0,653
1435.0,653
1436.0,663
1437.0,662
1438.0,662
1439.0,662
1440.0,671
1441.0,669
1442.0,668
1443.0,668
1444.0,666
1445.0,666
1446.0,664
1447.0,664
1448.0,662
1449.0,661
1450.0,660
1451.0,660
1452.0,660
1453.0,660
1454.0,670
1455.0,669
1456.0,668
1457.0,678
1458.0,678
1459.0,678
1460.0,678
1461.0,678
1462.0,678
1463.0,677
1464.0,677
1465.0,677
1466.0,676
1467.0,675
1468.0,675
1469.0,674
1470.0,674
1471.0,674
1472.0,673
1473.0,673
1474.0,673
1475.0,673
1476.0,672
1477.0,671
1478.0,671
1479.0,669
1480.0,668
1481.0,668
1482.0,667
1483.0,667
1484.0,664
1485.0,672
1486.0,672
1487.0,670
1488.0,670
1489.0,670
1490.0,670
1491.0,669
1492.0,669
1493.0,669
1494.0,667
1495.0,666
1496.0,666
1497.0,666
1498.0,666
1499.0,666
1500.0,665
1501.0,664
1502.0,664
1503.0,673
1504.0,683
1505.0,682
1506.0,682
1507.0,681
1508.0,681
1509.0,691
1510.0,691
1511.0,701
1512.0,700
1513.0,710
1514.0,709
1515.0,709
1516.0,709
1517.0,709
1518.0,709
1519.0,708
1520.0,708
1521.0,708
1522.0,706
1523.0,706
1524.0,706
1525.0,706
1526.0,706
1527.0,706
1528.0,705
1529.0,705
1530.0,705
1531.0,704
1532.0,704
1533.0,704
1534.0,704
1535.0,703
1536.0,703
1537.0,703
1538.0,702
1539.0,701
1540.0,699
1541.0,699
1542.0,699
1543.0,698
1544.0,698
1545.0,697
1546.0,696
1547.0,694
1548.0,694
1549.0,693
1550.0,693
1551.0,692
1552.0,692
1553.0,691
1554.0,690
1555.0,690
1556.0,690
1557.0,690
1558.0,689
1559.0,689
1560.0,689
1561.0,688
1562.0,688
1563.0,688
1564.0,687
1565.0,687
1566.0,687
1567.0,687
1568.0,697
1569.0,696
1570.0,694
1571.0,693
1572.0,690
1573.0,689
1574.0,688
1575.0,687
1576.0,687
1577.0,686
1578.0,685
1579.0,684
1580.0,683
1581.0,683
1582.0,692
1583.0,692
1584.0,690
1585.0,690
1586.0,690
1587.0,689
1588.0,687
1589.0,686
1590.0,685
1591.0,685
1592.0,683
1593.0,683
1594.0,683
1595.0,683
1596.0,683
1597.0,683
1598.0,682
1599.0,682
1600.0,682
1601.0,681
1602.0,681
1603.0,681
1604.0,679
1605.0,679
1606.0,678
1607.0,678
1608.0,677
1609.0,677
1610.0,676
1611.0,676
1612.0,676
1613.0,676
1614.0,676
1615.0,675
1616.0,685
1617.0,685
1618.0,685
1619.0,685
1620.0,684
1621.0,684
1622.0,684
1623.0,684
1624.0,693
1625.0,693
1626.0,693
1627.0,693
1628.0,693
1629.0,692
1630.0,691
1631.0,690
1632.0,688
1633.0,688
1634.0,698
1635.0,696
1636.0,694
1637.0,694
1638.0,694
1639.0,694
1640.0,694
1641.0,692
1642.0,692
1643.0,691
1644.0,690
1645.0,699
1646.0,699
1647.0,709
1648.0,708
1649.0,708
1650.0,707
1651.0,705
1652.0,704
1653.0,701
1654.0,699
1655.0,698
1656.0,698
1657.0,698
1658.0,697
1659.0,697
1660.0,696
1661.0,696
1662.0,696
1663.0,695
1664.0,693
1665.0,693
1666.0,693
1667.0,693
1668.0,693
1669.0,693
1670.0,691
1671.0,701
1672.0,701
1673.0,700
1674.0,700
1675.0,699
1676.0,699
1677.0,699
1678.0,698
1679.0,698
1680.0,696
1681.0,696
1682.0,696
1683.0,696
1684.0,706
1685.0,706
1686.0,705
1687.0,704
1688.0,703
1689.0,701
1690.0,701
1691.0,700
1692.0,699
1693.0,707
1694.0,725
1695.0,725
1696.0,725
1697.0,723
1698.0,721
1699.0,720
1700.0,720
1701.0,719
1702.0,717
1703.0,716
1704.0,716
1705.0,716
1706.0,715
1707.0,715
1708.0,715
1709.0,715
1710.0,715
1711.0,723
1712.0,723
1713.0,722
1714.0,732
1715.0,742
1716.0,740
1717.0,739
1718.0,737
1719.0,737
1720.0,736
1721.0,735
1722.0,735
1723.0,735
1724.0,735
1725.0,735
1726.0,735
1727.0,734
1728.0,734
1729.0,733
1730.0,733
1731.0,732
1732.0,732
1733.0,732
1734.0,731
1735.0,731
1736.0,748
1737.0,748
1738.0,755
1739.0,754
1740.0,752
1741.0,750
1742.0,748
1743.0,748
1744.0,747
1745.0,747
1746.0,747
1747.0,746
1748.0,745
1749.0,745
1750.0,754
1751.0,753
1752.0,752
1753.0,752
1754.0,752
1755.0,752
1756.0,761
1757.0,757
1758.0,757
1759.0,756
1760.0,765
1761.0,765
1762.0,765
1763.0,765
1764.0,764
1765.0,773
1766.0,772
1767.0,771
1768.0,771
1769.0,770
1770.0,769
1771.0,769
1772.0,769
1773.0,768
1774.0,768
1775.0,766
1776.0,766
1777.0,763
1778.0,762
1779.0,761
1780.0,761
1781.0,761
1782.0,760
1783.0,769
1784.0,769
1785.0,765
1786.0,775
1787.0,774
1788.0,774
1789.0,774
1790.0,774
1791.0,773
1792.0,772
1793.0,772
1794.0,772
1795.0,771
1796.0,770
1797.0,769
1798.0,769
1799.0,768
1800.0,768
1801.0,777
1802.0,777
1803.0,777
1804.0,777
1805.0,776
1806.0,775
1807.0,775
1808.0,774
1809.0,773
1810.0,773
1811.0,773
1812.0,772
1813.0,771
1814.0,771
1815.0,771
1816.0,771
1817.0,770
1818.0,770
1819.0,770
1820.0,770
1821.0,770
1822.0,770
1823.0,769
1824.0,769
1825.0,768
1826.0,768
1827.0,767
1828.0,767
1829.0,766
1830.0,766
1831.0,775
1832.0,774
1833.0,773
1834.0,772
1835.0,772
1836.0,770
1837.0,770
1838.0,769
1839.0,769
1840.0,768
1841.0,767
1842.0,775
1843.0,775
1844.0,774
1845.0,773
1846.0,771
1847.0,781
1848.0,781
1849.0,780
1850.0,780
1851.0,778
1852.0,777
1853.0,776
1854.0,776
1855.0,776
1856.0,776
1857.0,776
1858.0,776
1859.0,776
1860.0,776
1861.0,775
1862.0,775
1863.0,775
1864.0,775
1865.0,775
1866.0,775
1867.0,774
1868.0,774
1869.0,773
1870.0,772
1871.0,772
1872.0,772
1873.0,772
1874.0,771
1875.0,771
1876.0,771
1877.0,770
1878.0,770
1879.0,770
1880.0,769
1881.0,768
1882.0,768
1883.0,768
1884.0,768
1885.0,767
1886.0,766
1887.0,765
1888.0,765
1889.0,765
1890.0,765
1891.0,765
1892.0,762
1893.0,762
1894.0,761
1895.0,761
1896.0,761
1897.0,761
1898.0,761
1899.0,761
1900.0,760
1901.0,760
1902.0,760
1903.0,759
1904.0,759
1905.0,758
1906.0,758
1907.0,758
1908.0,757
1909.0,755
1910.0,755
1911.0,754
1912.0,754
1913.0,754
1914.0,754
1915.0,753
1916.0,752
1917.0,752
1918.0,752
1919.0,751
1920.0,751
1921.0,751
1922.0,751
1923.0,750
1924.0,750
1925.0,750
1926.0,749
1927.0,747
1928.0,757
1929.0,755
1930.0,753
1931.0,753
1932.0,753
1933.0,751
1934.0,751
1935.0,761
1936.0,758
1937.0,764
1938.0,762
1939.0,759
1940.0,759
1941.0,767
1942.0,766
1943.0,765
1944.0,764
1945.0,763
1946.0,762
1947.0,761
1948.0,760
1949.0,759
1950.0,768
1951.0,768
1952.0,768
1953.0,767
1954.0,767
1955.0,766
1956.0,766
1957.0,766
1958.0,765
1959.0,765
1960.0,762
1961.0,761
1962.0,760
1963.0,760
1964.0,769
1965.0,778
1966.0,787
1967.0,786
1968.0,784
1969.0,784
1970.0,781
1971.0,779
1972.0,777
1973.0,785
1974.0,793
1975.0,793
1976.0,793
1977.0,793
1978.0,791
1979.0,789
1980.0,797
1981.0,795
1982.0,794
1983.0,793
1984.0,793
1985.0,803
1986.0,803
1987.0,802
1988.0,799
1989.0,798
1990.0,796
1991.0,795
1992.0,792
1993.0,790
1994.0,790
1995.0,789
1996.0,788
1997.0,786
1998.0,785
1999.0,785
2000.0,785
2001.0,785
2002.0,785
2003.0,785
2004.0,785
2005.0,783
2006.0,783
2007.0,783
2008.0,783
2009.0,783
2010.0,783
2011.0,783
2012.0,783
2013.0,783
2014.0,783
2015.0,782
2016.0,782
2017.0,782
2018.0,781
2019.0,781
2020.0,781
2021.0,780
2022.0,778
2023.0,777
2024.0,777
2025.0,776
2026.0,776
2027.0,786
2028.0,785
2029.0,784
2030.0,782
2031.0,782
2032.0,780
2033.0,789
2034.0,788
2035.0,784
2036.0,782
2037.0,781
2038.0,780
2039.0,778
2040.0,778
2041.0,777
2042.0,777
2043.0,777
2044.0,777
2045.0,776
2046.0,776
2047.0,775
2048.0,774
2049.0,774
2050.0,773
2051.0,772
2052.0,772
2053.0,771
2054.0,771
2055.0,770
2056.0,769
2057.0,769
2058.0,768
2059.0,777
2060.0,776
2061.0,786
2062.0,783
2063.0,782
2064.0,780
2065.0,780
2066.0,776
2067.0,772
2068.0,781
2069.0,778
2070.0,777
2071.0,775
2072.0,773
2073.0,772
2074.0,772
2075.0,772
2076.0,770
2077.0,769
2078.0,769
2079.0,769
2080.0,769
2081.0,769
2082.0,769
2083.0,768
2084.0,767
2085.0,767
2086.0,766
2087.0,766
2088.0,766
2089.0,764
2090.0,763
2091.0,763
2092.0,763
2093.0,763
2094.0,763
2095.0,762
2096.0,771
2097.0,770
2098.0,766
2099.0,764
2100.0,764
2101.0,763
2102.0,762
2103.0,762
2104.0,762
2105.0,762
2106.0,771
2107.0,771
2108.0,769
2109.0,769
2110.0,769
2111.0,779
2112.0,779
2113.0,777
2114.0,777
2115.0,777
2116.0,777
2117.0,777
2118.0,776
2119.0,775
2120.0,775
2121.0,775
2122.0,775
2123.0,775
2124.0,775
2125.0,773
2126.0,772
2127.0,772
2128.0,771
2129.0,771
2130.0,770
2131.0,770
2132.0,770
2133.0,770
2134.0,769
2135.0,768
2136.0,776
2137.0,776
2138.0,775
2139.0,784
2140.0,781
2141.0,780
2142.0,778
2143.0,775
2144.0,773
2145.0,773
2146.0,772
2147.0,771
2148.0,769
2149.0,768
2150.0,767
2151.0,767
2152.0,766
2153.0,765
2154.0,775
2155.0,784
2156.0,784
2157.0,783
2158.0,781
2159.0,778
2160.0,776
2161.0,774
2162.0,773
2163.0,773
2164.0,770
2165.0,779
2166.0,776
2167.0,776
2168.0,773
2169.0,771
2170.0,769
2171.0,769
2172.0,768
2173.0,768
2174.0,767
2175.0,767
2176.0,775
2177.0,774
2178.0,773
2179.0,772
2180.0,770
2181.0,768
2182.0,766
2183.0,765
2184.0,765
2185.0,764
2186.0,764
2187.0,762
2188.0,762
2189.0,762
2190.0,762
2191.0,762
2192.0,771
2193.0,770
2194.0,770
2195.0,768
2196.0,768
2197.0,767
2198.0,767
2199.0,767
2200.0,766
2201.0,766
2202.0,766
2203.0,765
2204.0,764
2205.0,764
2206.0,764
2207.0,763
2208.0,762
2209.0,762
2210.0,762
2211.0,761
2212.0,761
2213.0,761
2214.0,761
2215.0,759
2216.0,759
2217.0,758
2218.0,758
2219.0,757
2220.0,757
2221.0,757
2222.0,757
2223.0,757
2224.0,755
2225.0,753
2226.0,763
2227.0,763
2228.0,762
2229.0,762
2230.0,762
2231.0,772
2232.0,780
2233.0,777
2234.0,776
2235.0,775
2236.0,771
2237.0,779
2238.0,779
2239.0,778
2240.0,786
2241.0,782
2242.0,782
2243.0,779
2244.0,779
2245.0,778
2246.0,776
2247.0,774
2248.0,772
2249.0,772
2250.0,782
2251.0,781
2252.0,778
2253.0,777
2254.0,777
2255.0,775
2256.0,773
2257.0,772
2258.0,769
2259.0,767
2260.0,765
2261.0,763
2262.0,762
2263.0,761
2264.0,760
2265.0,760
2266.0,759
2267.0,759
2268.0,759
2269.0,759
2270.0,768
2271.0,766
2272.0,763
2273.0,762
2274.0,761
2275.0,760
2276.0,757
2277.0,757
2278.0,757
2279.0,757
2280.0,756
2281.0,754
2282.0,764
2283.0,763
2284.0,762
2285.0,761
2286.0,761
2287.0,761
2288.0,759
2289.0,759
2290.0,758
2291.0,758
2292.0,756
2293.0,756
2294.0,756
2295.0,755
2296.0,754
2297.0,753
2298.0,752
2299.0,752
2300.0,752
2301.0,752
2302.0,760
2303.0,760
2304.0,757
2305.0,756
2306.0,751
2307.0,751
2308.0,750
2309.0,750
2310.0,750
2311.0,749
2312.0,748
2313.0,748
2314.0,747
2315.0,747
2316.0,747
2317.0,746
2318.0,745
2319.0,754
2320.0,764
2321.0,762
2322.0,762
2323.0,759
2324.0,759
2325.0,757
2326.0,754
2327.0,753
2328.0,750
2329.0,749
2330.0,747
2331.0,755
2332.0,755
2333.0,755
2334.0,755
2335.0,755
2336.0,751
2337.0,751
2338.0,750
2339.0,757
2340.0,755
2341.0,754
2342.0,764
2343.0,770
2344.0,769
2345.0,767
2346.0,765
2347.0,764
2348.0,762
2349.0,771
2350.0,771
2351.0,770
2352.0,769
2353.0,769
2354.0,769
2355.0,768
2356.0,777
2357.0,776
2358.0,774
2359.0,770
2360.0,766
2361.0,764
2362.0,763
2363.0,772
2364.0,772
2365.0,771
2366.0,770
2367.0,769
2368.0,766
2369.0,773
2370.0,770
2371.0,767
2372.0,766
2373.0,764
2374.0,763
2375.0,762
2376.0,762
2377.0,759
2378.0,767
2379.0,763
2380.0,760
2381.0,760
2382.0,759
2383.0,756
2384.0,755
2385.0,755
2386.0,755
2387.0,754
2388.0,762
2389.0,762
2390.0,762
2391.0,759
2392.0,758
2393.0,756
2394.0,755
2395.0,753
2396.0,753
2397.0,752
2398.0,752
2399.0,751
2400.0,750
2401.0,748
2402.0,747
2403.0,747
2404.0,747
2405.0,747
2406.0,746
2407.0,746
2408.0,745
2409.0,755
2410.0,755
2411.0,755
2412.0,754
2413.0,753
2414.0,752
2415.0,751
2416.0,761
2417.0,759
2418.0,759
2419.0,757
2420.0,767
2421.0,765
2422.0,762
2423.0,769
2424.0,764
2425.0,760
2426.0,757
2427.0,755
2428.0,753
2429.0,752
2430.0,749
2431.0,746
2432.0,744
2433.0,742
2434.0,741
2435.0,739
2436.0,738
2437.0,737
2438.0,736
2439.0,736
2440.0,746
2441.0,746
2442.0,744
2443.0,744
2444.0,744
2445.0,743
2446.0,743
2447.0,743
2448.0,743
2449.0,753
2450.0,752
2451.0,761
2452.0,759
2453.0,757
2454.0,755
2455.0,754
2456.0,753
2457.0,752
2458.0,749
2459.0,748
2460.0,747
2461.0,744
2462.0,742
2463.0,741
2464.0,740
2465.0,739
2466.0,739
2467.0,738
2468.0,738
2469.0,738
2470.0,736
2471.0,736
2472.0,736
2473.0,736
2474.0,735
2475.0,735
2476.0,735
2477.0,735
2478.0,735
2479.0,735
2480.0,732
2481.0,730
2482.0,730
2483.0,729
2484.0,729
2485.0,729
2486.0,729
2487.0,729
2488.0,729
2489.0,729
2490.0,738
2491.0,736
2492.0,733
2493.0,732
2494.0,730
2495.0,727
2496.0,726
2497.0,726
2498.0,725
2499.0,744
2500.0,743
2501.0,742
2502.0,741
2503.0,741
2504.0,739
2505.0,736
2506.0,734
2507.0,730
2508.0,729
2509.0,728
2510.0,727
2511.0,727
2512.0,727
2513.0,726
2514.0,725
2515.0,724
2516.0,724
2517.0,723
2518.0,722
2519.0,732
2520.0,732
2521.0,740
2522.0,738
2523.0,740
2524.0,739
2525.0,736
2526.0,754
2527.0,750
2528.0,746
2529.0,745
2530.0,742
2531.0,740
2532.0,740
2533.0,739
2534.0,738
2535.0,737
2536.0,736
2537.0,736
2538.0,735
2539.0,735
2540.0,735
2541.0,734
2542.0,732
2543.0,732
2544.0,730
2545.0,730
2546.0,740
2547.0,739
2548.0,735
2549.0,734
2550.0,732
2551.0,739
2552.0,735
2553.0,735
2554.0,733
2555.0,733
2556.0,732
2557.0,730
2558.0,729
2559.0,727
2560.0,727
2561.0,726
2562.0,725
2563.0,724
2564.0,723
2565.0,723
2566.0,731
2567.0,730
2568.0,729
2569.0,729
2570.0,728
2571.0,738
2572.0,738
2573.0,738
2574.0,737
2575.0,735
2576.0,734
2577.0,734
2578.0,733
2579.0,733
2580.0,733
2581.0,733
2582.0,733
2583.0,731
2584.0,731
2585.0,730
2586.0,730
2587.0,730
2588.0,729
2589.0,729
2590.0,729
2591.0,729
2592.0,729
2593.0,728
2594.0,728
2595.0,727
2596.0,737
2597.0,747
2598.0,746
2599.0,744
2600.0,743
2601.0,741
2602.0,739
2603.0,738
2604.0,736
2605.0,735
2606.0,734
2607.0,730
2608.0,729
2609.0,729
2610.0,729
2611.0,728
2612.0,726
2613.0,726
2614.0,726
2615.0,726
2616.0,726
2617.0,725
2618.0,725
2619.0,722
2620.0,722
2621.0,722
2622.0,722
2623.0,722
2624.0,721
2625.0,720
2626.0,719
2627.0,718
2628.0,718
2629.0,718
2630.0,718
2631.0,728
2632.0,727
2633.0,727
2634.0,726
2635.0,726
2636.0,723
2637.0,722
2638.0,722
2639.0,718
2640.0,716
2641.0,716
2642.0,716
2643.0,714
2644.0,714
2645.0,713
2646.0,713
2647.0,713
2648.0,712
2649.0,712
2650.0,712
2651.0,722
2652.0,722
2653.0,721
2654.0,718
2655.0,718
2656.0,717
2657.0,716
2658.0,715
2659.0,711
2660.0,710
2661.0,708
2662.0,707
2663.0,705
2664.0,705
2665.0,705
2666.0,704
2667.0,703
2668.0,703
2669.0,703
2670.0,703
2671.0,712
2672.0,710
2673.0,709
2674.0,709
2675.0,709
2676.0,719
2677.0,719
2678.0,719
2679.0,717
2680.0,716
2681.0,716
2682.0,716
2683.0,716
2684.0,714
2685.0,713
2686.0,713
2687.0,713
2688.0,713
2689.0,712
2690.0,721
2691.0,720
2692.0,720
2693.0,719
2694.0,719
2695.0,719
2696.0,719
2697.0,718
2698.0,717
2699.0,727
2700.0,726
2701.0,725
2702.0,724
2703.0,724
2704.0,722
2705.0,721
2706.0,721
2707.0,719
2708.0,719
2709.0,719
2710.0,718
2711.0,717
2712.0,717
2713.0,717
2714.0,717
2715.0,717
2716.0,717
2717.0,726
2718.0,725
2719.0,722
2720.0,731
2721.0,728
2722.0,723
2723.0,720
2724.0,715
2725.0,714
2726.0,713
2727.0,711
2728.0,711
2729.0,711
2730.0,721
2731.0,720
2732.0,718
2733.0,717
2734.0,717
2735.0,715
2736.0,715
2737.0,715
2738.0,714
2739.0,714
2740.0,714
2741.0,724
2742.0,724
2743.0,723
2744.0,722
2745.0,721
2746.0,721
2747.0,721
2748.0,720
2749.0,719
2750.0,719
2751.0,719
2752.0,719
2753.0,719
2754.0,717
2755.0,717
2756.0,717
2757.0,726
2758.0,726
2759.0,724
2760.0,722
2761.0,726
2762.0,726
2763.0,734
2764.0,732
2765.0,731
2766.0,728
2767.0,734
2768.0,730
2769.0,726
2770.0,723
2771.0,719
2772.0,716
2773.0,723
2774.0,723
2775.0,723
2776.0,720
2777.0,718
2778.0,716
2779.0,715
2780.0,715
2781.0,714
2782.0,712
2783.0,711
2784.0,709
2785.0,718
2786.0,717
2787.0,716
2788.0,715
2789.0,714
2790.0,713
2791.0,713
2792.0,712
2793.0,712
2794.0,712
2795.0,711
2796.0,710
2797.0,710
2798.0,710
2799.0,710
2800.0,719
2801.0,716
2802.0,716
2803.0,716
2804.0,716
2805.0,715
2806.0,713
2807.0,711
2808.0,707
2809.0,716
2810.0,714
2811.0,722
2812.0,721
2813.0,720
2814.0,719
2815.0,718
2816.0,718
2817.0,717
2818.0,717
2819.0,717
2820.0,716
2821.0,716
2822.0,716
2823.0,716
2824.0,716
2825.0,716
2826.0,724
2827.0,724
2828.0,724
2829.0,722
2830.0,721
2831.0,740
2832.0,737
2833.0,730
2834.0,725
2835.0,719
2836.0,714
2837.0,709
2838.0,707
2839.0,706
2840.0,706
2841.0,706
2842.0,705
2843.0,704
2844.0,703
2845.0,703
2846.0,703
2847.0,703
2848.0,703
2849.0,703
2850.0,703
2851.0,703
2852.0,713
2853.0,712
2854.0,710
2855.0,710
2856.0,710
2857.0,708
2858.0,707
2859.0,716
2860.0,716
2861.0,715
2862.0,714
2863.0,714
2864.0,713
2865.0,713
2866.0,712
2867.0,711
2868.0,711
2869.0,711
2870.0,711
2871.0,710
2872.0,710
2873.0,708
2874.0,708
2875.0,707
2876.0,707
2877.0,707
2878.0,706
2879.0,705
2880.0,705
2881.0,705
2882.0,703
2883.0,703
2884.0,702
2885.0,702
2886.0,702
2887.0,702
2888.0,712
2889.0,711
2890.0,709
2891.0,708
2892.0,708
2893.0,704
2894.0,703
2895.0,703
2896.0,703
2897.0,702
2898.0,712
2899.0,711
2900.0,718
2901.0,717
2902.0,715
2903.0,712
2904.0,709
2905.0,708
2906.0,708
2907.0,706
2908.0,706
2909.0,704
2910.0,702
2911.0,701
2912.0,699
2913.0,698
2914.0,698
2915.0,695
2916.0,695
2917.0,694
2918.0,694
2919.0,692
2920.0,691
2921.0,690
2922.0,690
2923.0,700
2924.0,698
2925.0,698
2926.0,696
2927.0,693
2928.0,691
2929.0,689
2930.0,689
2931.0,689
2932.0,689
2933.0,689
2934.0,689
2935.0,689
2936.0,688
2937.0,688
2938.0,688
2939.0,688
2940.0,687
2941.0,687
2942.0,686
2943.0,686
2944.0,686
2945.0,686
2946.0,685
2947.0,685
2948.0,684
2949.0,684
2950.0,683
2951.0,683
2952.0,683
2953.0,681
2954.0,680
2955.0,680
2956.0,680
2957.0,680
2958.0,680
2959.0,678
2960.0,677
2961.0,677
2962.0,677
2963.0,676
2964.0,676
2965.0,676
2966.0,686
2967.0,686
2968.0,686
2969.0,686
2970.0,685
2971.0,685
2972.0,685
2973.0,683
2974.0,683
2975.0,683
2976.0,682
2977.0,681
2978.0,678
2979.0,676
2980.0,676
2981.0,675
2982.0,675
2983.0,673
2984.0,673
2985.0,682
2986.0,682
2987.0,691
2988.0,689
2989.0,687
2990.0,685
2991.0,685
2992.0,681
2993.0,679
2994.0,677
2995.0,676
2996.0,674
2997.0,671
2998.0,671
2999.0,670
3000.0,670
3001.0,669
3002.0,667
3003.0,667
3004.0,667
3005.0,676
3006.0,686
3007.0,686
3008.0,684
3009.0,690
3010.0,687
3011.0,685
3012.0,683
3013.0,681
3014.0,674
3015.0,673
3016.0,670
3017.0,667
3018.0,664
3019.0,663
3020.0,662
3021.0,661
3022.0,670
3023.0,669
3024.0,666
3025.0,661
3026.0,657
3027.0,655
3028.0,654
3029.0,652
3030.0,652
3031.0,651
3032.0,661
3033.0,661
3034.0,661
3035.0,660
3036.0,659
3037.0,656
3038.0,655
3039.0,653
3040.0,662
3041.0,658
3042.0,657
3043.0,656
3044.0,654
3045.0,653
3046.0,652
3047.0,652
3048.0,651
3049.0,651
3050.0,650
3051.0,650
3052.0,649
3053.0,649
3054.0,659
3055.0,659
3056.0,657
3057.0,654
3058.0,649
3059.0,647
3060.0,647
3061.0,646
3062.0,646
3063.0,645
3064.0,654
3065.0,653
3066.0,651
3067.0,648
3068.0,644
3069.0,643
3070.0,642
3071.0,642
3072.0,639
3073.0,638
3074.0,638
3075.0,638
3076.0,638
3077.0,638
3078.0,638
3079.0,636
3080.0,634
3081.0,642
3082.0,640
3083.0,636
3084.0,635
3085.0,633
3086.0,630
3087.0,630
3088.0,630
3089.0,629
3090.0,629
3091.0,629
3092.0,629
3093.0,628
3094.0,627
3095.0,637
3096.0,637
3097.0,636
3098.0,634
3099.0,631
3100.0,629
3101.0,638
3102.0,637
3103.0,634
3104.0,632
3105.0,629
3106.0,635
3107.0,631
3108.0,631
3109.0,629
3110.0,627
3111.0,626
3112.0,622
3113.0,621
3114.0,621
3115.0,621
3116.0,620
3117.0,620
3118.0,620
3119.0,620
3120.0,620
3121.0,628
3122.0,628
3123.0,627
3124.0,625
3125.0,624
3126.0,622
3127.0,620
3128.0,620
3129.0,619
3130.0,618
3131.0,617
3132.0,624
3133.0,623
3134.0,622
3135.0,620
3136.0,618
3137.0,616
3138.0,624
3139.0,623
3140.0,619
3141.0,618
3142.0,615
3143.0,612
3144.0,612
3145.0,611
3146.0,611
3147.0,611
3148.0,609
3149.0,609
3150.0,619
3151.0,617
3152.0,617
3153.0,615
3154.0,611
3155.0,608
3156.0,606
3157.0,606
3158.0,606
3159.0,606
3160.0,605
3161.0,604
3162.0,604
3163.0,603
3164.0,610
3165.0,610
3166.0,605
3167.0,603
3168.0,601
3169.0,601
3170.0,611
3171.0,611
3172.0,610
3173.0,609
3174.0,607
3175.0,606
3176.0,605
3177.0,604
3178.0,612
3179.0,610
3180.0,607
3181.0,605
3182.0,602
3183.0,608
3184.0,607
3185.0,607
3186.0,606
3187.0,615
3188.0,614
3189.0,609
3190.0,607
3191.0,604
3192.0,601
3193.0,598
3194.0,607
3195.0,606
3196.0,606
3197.0,604
3198.0,602
3199.0,602
3200.0,602
3201.0,600
3202.0,597
3203.0,596
3204.0,595
3205.0,591
3206.0,589
3207.0,588
3208.0,587
3209.0,587
3210.0,587
3211.0,587
3212.0,586
3213.0,585
3214.0,585
3215.0,584
3216.0,584
3217.0,584
3218.0,584
3219.0,584
3220.0,584
3221.0,583
3222.0,583
3223.0,583
3224.0,582
3225.0,582
3226.0,582
3227.0,580
3228.0,580
3229.0,580
3230.0,580
3231.0,580
3232.0,580
3233.0,580
3234.0,580
3235.0,580
3236.0,580
3237.0,580
3238.0,579
3239.0,579
3240.0,579
3241.0,579
3242.0,578
3243.0,577
3244.0,576
3245.0,575
3246.0,573
3247.0,572
3248.0,572
3249.0,582
3250.0,582
3251.0,581
3252.0,580
3253.0,579
3254.0,579
3255.0,578
3256.0,576
3257.0,576
3258.0,584
3259.0,591
3260.0,589
3261.0,587
3262.0,584
3263.0,582
3264.0,579
3265.0,578
3266.0,572
3267.0,569
3268.0,567
3269.0,565
3270.0,564
3271.0,571
3272.0,579
3273.0,578
3274.0,574
3275.0,569
3276.0,566
3277.0,563
3278.0,571
3279.0,565
3280.0,563
3281.0,561
3282.0,557
3283.0,554
3284.0,552
3285.0,551
3286.0,551
3287.0,549
3288.0,556
3289.0,556
3290.0,555
3291.0,553
3292.0,552
3293.0,550
3294.0,558
3295.0,556
3296.0,554
3297.0,550
3298.0,547
3299.0,544
3300.0,541
3301.0,540
3302.0,539
3303.0,537
3304.0,536
3305.0,534
3306.0,533
3307.0,552
3308.0,550
3309.0,544
3310.0,541
3311.0,536
3312.0,532
3313.0,529
3314.0,529
3315.0,529
3316.0,529
3317.0,527
3318.0,527
3319.0,527
3320.0,537
3321.0,536
3322.0,532
3323.0,530
3324.0,525
3325.0,525
3326.0,523
3327.0,521
3328.0,520
3329.0,518
3330.0,518
3331.0,518
3332.0,515
3333.0,515
3334.0,514
3335.0,514
3336.0,514
3337.0,513
3338.0,512
3339.0,512
3340.0,511
3341.0,510
3342.0,509
3343.0,508
3344.0,506
3345.0,506
3346.0,506
3347.0,502
3348.0,502
3349.0,501
3350.0,501
3351.0,501
3352.0,501
3353.0,499
3354.0,507
3355.0,506
3356.0,506
3357.0,505
3358.0,503
3359.0,501
3360.0,501
3361.0,499
3362.0,497
3363.0,494
3364.0,493
3365.0,492
3366.0,491
3367.0,491
3368.0,491
3369.0,488
3370.0,488
3371.0,488
3372.0,487
3373.0,497
3374.0,497
3375.0,496
3376.0,494
3377.0,493
3378.0,490
3379.0,488
3380.0,486
3381.0,483
3382.0,481
3383.0,481
3384.0,479
3385.0,477
3386.0,477
3387.0,476
3388.0,476
3389.0,475
3390.0,475
3391.0,475
3392.0,475
3393.0,473
3394.0,473
3395.0,473
3396.0,473
3397.0,473
3398.0,472
3399.0,470
3400.0,469
3401.0,469
3402.0,467
3403.0,467
3404.0,466
3405.0,465
3406.0,465
3407.0,465
3408.0,465
3409.0,465
3410.0,462
3411.0,462
3412.0,471
3413.0,470
3414.0,470
3415.0,468
3416.0,466
3417.0,465
3418.0,465
3419.0,463
3420.0,462
3421.0,459
3422.0,456
3423.0,465
3424.0,462
3425.0,458
3426.0,454
3427.0,452
3428.0,450
3429.0,449
3430.0,446
3431.0,446
3432.0,445
3433.0,444
3434.0,444
3435.0,444
3436.0,443
3437.0,443
3438.0,442
3439.0,440
3440.0,439
3441.0,438
3442.0,438
3443.0,438
3444.0,436
3445.0,434
3446.0,442
3447.0,439
3448.0,439
3449.0,438
3450.0,445
3451.0,442
3452.0,438
3453.0,436
3454.0,432
3455.0,427
3456.0,425
3457.0,423
3458.0,422
3459.0,441
3460.0,441
3461.0,439
3462.0,435
3463.0,433
3464.0,429
3465.0,427
3466.0,423
3467.0,420
3468.0,416
3469.0,414
3470.0,413
3471.0,409
3472.0,409
3473.0,407
3474.0,406
3475.0,415
3476.0,414
3477.0,412
3478.0,410
3479.0,408
3480.0,406
3481.0,403
3482.0,401
3483.0,410
3484.0,409
3485.0,407
3486.0,406
3487.0,405
3488.0,405
3489.0,405
3490.0,401
3491.0,411
3492.0,408
3493.0,405
3494.0,401
3495.0,397
3496.0,395
3497.0,403
3498.0,400
3499.0,398
3500.0,395
3501.0,393
3502.0,392
3503.0,391
3504.0,390
3505.0,389
3506.0,389
3507.0,388
3508.0,387
3509.0,385
3510.0,384
3511.0,384
3512.0,383
3513.0,382
3514.0,381
3515.0,381
3516.0,380
3517.0,380
3518.0,379
3519.0,379
3520.0,378
3521.0,378
3522.0,386
3523.0,386
3524.0,386
3525.0,386
3526.0,385
3527.0,383
3528.0,381
3529.0,378
3530.0,377
3531.0,375
3532.0,374
3533.0,374
3534.0,373
3535.0,373
3536.0,372
3537.0,371
3538.0,371
3539.0,369
3540.0,368
3541.0,368
3542.0,367
3543.0,367
3544.0,365
3545.0,364
3546.0,364
3547.0,363
3548.0,363
3549.0,363
3550.0,362
3551.0,361
3552.0,361
3553.0,371
3554.0,371
3555.0,370
3556.0,369
3557.0,379
3558.0,377
3559.0,372
3560.0,370
3561.0,370
3562.0,367
3563.0,365
3564.0,362
3565.0,361
3566.0,356
3567.0,353
3568.0,353
3569.0,352
3570.0,350
3571.0,349
3572.0,347
3573.0,346
3574.0,355
3575.0,355
3576.0,352
3577.0,350
3578.0,348
3579.0,355
3580.0,349
3581.0,346
3582.0,344
3583.0,341
3584.0,348
3585.0,347
3586.0,345
3587.0,342
3588.0,340
3589.0,337
3590.0,333
3591.0,333
3592.0,332
3593.0,332
3594.0,341
3595.0,339
3596.0,338
3597.0,337
3598.0,335
3599.0,334
3600.0,344
3601.0,342
3602.0,340
3603.0,335
3604.0,329
3605.0,326
3606.0,324
3607.0,322
3608.0,321
3609.0,319
3610.0,319
3611.0,319
3612.0,319
3613.0,319
3614.0,319
3615.0,319
3616.0,319
3617.0,318
3618.0,317
3619.0,317
3620.0,317
3621.0,317
3622.0,316
3623.0,315
3624.0,315
3625.0,315
3626.0,314
3627.0,313
3628.0,313
3629.0,311
3630.0,311
3631.0,311
3632.0,308
3633.0,308
3634.0,308
3635.0,306
3636.0,304
3637.0,304
3638.0,302
3639.0,301
3640.0,301
3641.0,301
3642.0,301
3643.0,299
3644.0,308
3645.0,306
3646.0,305
3647.0,303
3648.0,302
3649.0,300
3650.0,299
3651.0,299
3652.0,297
3653.0,296
3654.0,296
3655.0,293
3656.0,293
3657.0,291
3658.0,291
3659.0,289
3660.0,289
3661.0,288
3662.0,298
3663.0,298
3664.0,297
3665.0,305
3666.0,304
3667.0,302
3668.0,299
3669.0,295
3670.0,293
3671.0,287
3672.0,286
3673.0,283
3674.0,291
3675.0,291
3676.0,300
3677.0,296
3678.0,292
3679.0,289
3680.0,287
3681.0,283
3682.0,283
3683.0,280
3684.0,279
3685.0,276
3686.0,275
3687.0,273
3688.0,273
3689.0,272
3690.0,271
3691.0,271
3692.0,281
3693.0,280
3694.0,280
3695.0,278
3696.0,277
3697.0,275
3698.0,274
3699.0,272
3700.0,271
3701.0,269
3702.0,266
3703.0,263
3704.0,261
3705.0,261
3706.0,259
3707.0,259
3708.0,258
3709.0,258
3710.0,255
3711.0,264
3712.0,262
3713.0,259
3714.0,258
3715.0,256
3716.0,253
3717.0,252
3718.0,251
3719.0,251
3720.0,250
3721.0,250
3722.0,250
3723.0,250
3724.0,269
3725.0,267
3726.0,265
3727.0,262
3728.0,257
3729.0,250
3730.0,244
3731.0,244
3732.0,243
3733.0,242
3734.0,242
3735.0,241
3736.0,238
3737.0,238
3738.0,237
3739.0,237
3740.0,237
3741.0,236
3742.0,236
3743.0,235
3744.0,233
3745.0,233
3746.0,231
3747.0,229
3748.0,229
3749.0,229
3750.0,229
3751.0,228
3752.0,228
3753.0,227
3754.0,227
3755.0,227
3756.0,227
3757.0,226
3758.0,224
3759.0,224
3760.0,223
3761.0,221
3762.0,220
3763.0,220
3764.0,219
3765.0,219
3766.0,218
3767.0,217
3768.0,226
3769.0,225
3770.0,224
3771.0,222
3772.0,220
3773.0,218
3774.0,216
3775.0,216
3776.0,214
3777.0,211
3778.0,209
3779.0,208
3780.0,206
3781.0,205
3782.0,203
3783.0,200
3784.0,200
3785.0,200
3786.0,199
3787.0,199
3788.0,198
3789.0,208
3790.0,208
3791.0,204
3792.0,200
3793.0,195
3794.0,204
3795.0,202
3796.0,202
3797.0,201
3798.0,200
3799.0,199
3800.0,196
3801.0,195
3802.0,194
3803.0,202
3804.0,200
3805.0,198
3806.0,197
3807.0,195
3808.0,194
3809.0,192
3810.0,200
3811.0,200
3812.0,208
3813.0,205
3814.0,203
3815.0,205
3816.0,199
3817.0,196
3818.0,191
3819.0,188
3820.0,197
3821.0,197
3822.0,196
3823.0,194
3824.0,192
3825.0,188
3826.0,186
3827.0,186
3828.0,183
3829.0,183
3830.0,182
3831.0,182
3832.0,179
3833.0,176
3834.0,175
3835.0,174
3836.0,174
3837.0,173
3838.0,171
3839.0,170
3840.0,170
3841.0,170
3842.0,169
3843.0,169
3844.0,169
3845.0,169
3846.0,169
3847.0,169
3848.0,167
3849.0,167
3850.0,177
3851.0,176
3852.0,186
3853.0,186
3854.0,184
3855.0,180
3856.0,178
3857.0,175
3858.0,172
3859.0,169
3860.0,166
3861.0,163
3862.0,161
3863.0,159
3864.0,156
3865.0,156
3866.0,173
3867.0,170
3868.0,176
3869.0,172
3870.0,166
3871.0,162
3872.0,160
3873.0,167
3874.0,166
3875.0,166
3876.0,161
3877.0,158
3878.0,156
3879.0,165
3880.0,160
3881.0,169
3882.0,168
3883.0,167
3884.0,174
3885.0,171
3886.0,170
3887.0,165
3888.0,160
3889.0,159
3890.0,167
3891.0,163
3892.0,163
3893.0,167
3894.0,164
3895.0,171
3896.0,169
3897.0,167
3898.0,163
3899.0,160
3900.0,154
3901.0,151
3902.0,148
3903.0,144
3904.0,141
3905.0,140
3906.0,138
3907.0,136
3908.0,133
3909.0,132
3910.0,131
3911.0,131
3912.0,128
3913.0,126
3914.0,126
3915.0,125
3916.0,123
3917.0,133
3918.0,133
3919.0,132
3920.0,131
3921.0,131
3922.0,128
3923.0,125
3924.0,125
3925.0,122
3926.0,120
3927.0,119
3928.0,119
3929.0,118
3930.0,117
3931.0,117
3932.0,126
3933.0,125
3934.0,135
3935.0,144
3936.0,142
3937.0,137
3938.0,130
3939.0,125
3940.0,124
3941.0,120
3942.0,129
3943.0,123
3944.0,119
3945.0,115
3946.0,112
3947.0,109
3948.0,117
3949.0,115
3950.0,115
3951.0,112
3952.0,108
3953.0,104
3954.0,103
3955.0,100
3956.0,100
3957.0,99
3958.0,98
3959.0,97
3960.0,96
3961.0,94
3962.0,93
3963.0,91
3964.0,91
3965.0,90
3966.0,97
3967.0,97
3968.0,96
3969.0,93
3970.0,101
3971.0,98
3972.0,107
3973.0,103
3974.0,101
3975.0,96
3976.0,90
3977.0,83
3978.0,80
3979.0,77
3980.0,75
3981.0,74
3982.0,83
3983.0,83
3984.0,83
3985.0,79
3986.0,79
3987.0,78
3988.0,75
3989.0,73
3990.0,71
3991.0,69
3992.0,68
3993.0,76
3994.0,74
3995.0,74
3996.0,72
3997.0,70
3998.0,70
3999.0,66
4000.0,64
4001.0,61
4002.0,60
4003.0,69
4004.0,65
4005.0,61
4006.0,58
4007.0,56
4008.0,56
4009.0,55
4010.0,55
4011.0,63
4012.0,73
4013.0,68
4014.0,66
4015.0,57
4016.0,56
4017.0,54
4018.0,53
4019.0,62
4020.0,61
4021.0,57
4022.0,53
4023.0,51
4024.0,57
4025.0,57
4026.0,51
4027.0,47
4028.0,40
4029.0,39
4030.0,37
4031.0,36
4032.0,35
4033.0,43
4034.0,43
4035.0,41
4036.0,40
4037.0,39
4038.0,36
4039.0,35
4040.0,34
4041.0,33
4042.0,31
4043.0,30
4044.0,28
4045.0,27
4046.0,26
4047.0,26
4048.0,24
4049.0,24
4050.0,24
4051.0,23
4052.0,23
4053.0,23
4054.0,23
4055.0,21
4056.0,20
4057.0,20
4058.0,20
4059.0,19
4060.0,19
4061.0,19
4062.0,18
4063.0,18
4064.0,18
4065.0,17
4066.0,17
4067.0,36
4068.0,36
4069.0,35
4070.0,31
4071.0,28
4072.0,27
4073.0,25
4074.0,33
4075.0,31
4076.0,26
4077.0,19
4078.0,13
4079.0,5
4080.0,5
4081.0,5
4082.0,5
4083.0,4
4084.0,4
4085.0,3
4086.0,2
4087.0,2
4088.0,2
4089.0,2
4090.0,1
4091.0,1
4092.0,1
4093.0,1
4094.0,1
4095.0,1
4096.0,11
4097.0,11
4098.0,8
4099.0,4
4100.0,2
4101.0,2
4102.0,1
4103.0,1
4104.0,1
4105.0,1
4106.0,1
4107.0,30
4108.0,30
4109.0,30
4110.0,27
4111.0,25
4112.0,21
4113.0,19
4114.0,15
4115.0,11
4116.0,8
4117.0,7
4118.0,4
4119.0,1
4120.0,1
4121.0,11
4122.0,21
4123.0,21
4124.0,20
4125.0,19
4126.0,17
4127.0,15
4128.0,12
4129.0,12
4130.0,11
4131.0,10
4132.0,10
4133.0,9
4134.0,7
4135.0,6
4136.0,6
4137.0,4
4138.0,4
4139.0,2
4140.0,2
4141.0,12
4142.0,12
4143.0,10
4144.0,8
4145.0,6
4146.0,4
4147.0,2
4148.0,2
4149.0,2
4150.0,2
4151.0,2
4152.0,2
4153.0,2
4154.0,1
4155.0,1
4156.0,1
4157.0,1
4158.0,1
4159.0,1
4160.0,1
4161.0,1
4162.0,1
4163.0,1
4164.0,1
4165.0,1
4166.0,1
4167.0,1
4168.0,1
4169.0,1
4170.0,1
4171.0,1
4172.0,1
4173.0,1
4174.0,1
4175.0,10
4176.0,10
4177.0,20
4178.0,19
4179.0,15
4180.0,14
4181.0,7
4182.0,6
4183.0,4
4184.0,13
4185.0,12
4186.0,9
4187.0,6
4188.0,5
4189.0,2
4190.0,1
4191.0,1
4192.0,11
4193.0,11
4194.0,11
4195.0,10
4196.0,8
4197.0,16
4198.0,16
4199.0,15
4200.0,13
4201.0,21
4202.0,20
4203.0,17
4204.0,15
4205.0,24
4206.0,20
4207.0,19
4208.0,18
4209.0,14
4210.0,11
4211.0,9
4212.0,8
4213.0,4
4214.0,3
4215.0,2
4216.0,1
4217.0,10
4218.0,10
4219.0,10
4220.0,9
4221.0,8
4222.0,8
4223.0,6
4224.0,5
4225.0,4
4226.0,3
4227.0,3
4228.0,2
4229.0,1
4230.0,11
4231.0,10
4232.0,7
4233.0,6
4234.0,4
4235.0,2
4236.0,1
4237.0,1
4238.0,1
4239.0,1
4240.0,1
4241.0,1
4242.0,1
4243.0,1
4244.0,1
4245.0,1
4246.0,1
4247.0,1
4248.0,1
4249.0,1
4250.0,1
4251.0,11
4252.0,11
4253.0,11
4254.0,11
4255.0,11
4256.0,10
4257.0,8
4258.0,7
4259.0,4
4260.0,3
4261.0,2
4262.0,1
4263.0,1
4264.0,1
4265.0,1
4266.0,1
4267.0,1
4268.0,1
4269.0,1
4270.0,11
4271.0,11
4272.0,11
4273.0,10
4274.0,9
4275.0,8
4276.0,8
4277.0,6
4278.0,6
4279.0,5
4280.0,4
4281.0,2
4282.0,1
4283.0,1
4284.0,1
4285.0,1
4286.0,1
4287.0,1
4288.0,1
4289.0,1
4290.0,1
4291.0,1
4292.0,1
4293.0,11
4294.0,11
4295.0,20
4296.0,20
4297.0,20
4298.0,16
4299.0,14
4300.0,12
4301.0,8
4302.0,6
4303.0,5
4304.0,4
4305.0,3
4306.0,1
4307.0,1
4308.0,1
4309.0,1
4310.0,11
4311.0,10
4312.0,7
4313.0,6
4314.0,4
4315.0,11
4316.0,19
4317.0,18
4318.0,17
4319.0,14
4320.0,12
4321.0,10
4322.0,8
4323.0,7
4324.0,5
4325.0,5
4326.0,15
4327.0,25
4328.0,21
4329.0,15
4330.0,11
4331.0,7
4332.0,4
4333.0,1
4334.0,1
4335.0,1
4336.0,1
4337.0,1
4338.0,1
4339.0,1
4340.0,1
4341.0,1
4342.0,1
4343.0,1
4344.0,1
4345.0,1
4346.0,1
4347.0,1
4348.0,1
4349.0,10
4350.0,9
4351.0,6
4352.0,5
4353.0,3
4354.0,1
4355.0,1
4356.0,1
4357.0,1
4358.0,1
4359.0,1
4360.0,1
4361.0,1
4362.0,1
4363.0,1
4364.0,1
4365.0,1
4366.0,1
4367.0,1
4368.0,1
4369.0,1
4370.0,1
4371.0,1
4372.0,1
4373.0,1
4374.0,1
4375.0,1
4376.0,1
4377.0,1
4378.0,11
4379.0,11
4380.0,11
4381.0,11
4382.0,10
4383.0,8
4384.0,7
4385.0,4
4386.0,3
4387.0,22
4388.0,22
4389.0,31
4390.0,29
4391.0,28
4392.0,21
4393.0,16
4394.0,14
4395.0,7
4396.0,4
4397.0,3
4398.0,2
4399.0,1
4400.0,1
4401.0,1
4402.0,1
4403.0,1
4404.0,1
4405.0,1
4406.0,1
4407.0,1
4408.0,1
4409.0,1
4410.0,1
4411.0,1
4412.0,1
4413.0,1
4414.0,1
4415.0,1
4416.0,1
4417.0,1
4418.0,1
4419.0,1
4420.0,1
4421.0,1
4422.0,1
4423.0,1
4424.0,11
4425.0,9
4426.0,9
4427.0,18
4428.0,15
4429.0,13
4430.0,11
4431.0,11
4432.0,8
4433.0,7
4434.0,7
4435.0,4
4436.0,2
4437.0,2
4438.0,2
4439.0,11
4440.0,11
4441.0,11
4442.0,10
4443.0,9
4444.0,8
4445.0,8
4446.0,6
4447.0,6
4448.0,5
4449.0,13
4450.0,10
4451.0,6
4452.0,5
4453.0,3
4454.0,11
4455.0,11
4456.0,18
4457.0,12
4458.0,9
4459.0,8
4460.0,4
4461.0,2
4462.0,1
4463.0,1
4464.0,1
4465.0,1
4466.0,1
4467.0,1
4468.0,1
4469.0,1
4470.0,1
4471.0,1
4472.0,1
4473.0,1
4474.0,1
4475.0,11
4476.0,10
4477.0,7
4478.0,16
4479.0,14
4480.0,11
4481.0,8
4482.0,6
4483.0,4
4484.0,1
4485.0,1
4486.0,1
4487.0,1
4488.0,1
4489.0,1
4490.0,1
4491.0,1
4492.0,1
4493.0,1
4494.0,1
4495.0,1
4496.0,1
4497.0,1
4498.0,1
4499.0,1
4500.0,1
4501.0,1
4502.0,11
4503.0,10
4504.0,8
4505.0,6
4506.0,5
4507.0,2
4508.0,1
4509.0,1
4510.0,1
4511.0,1
4512.0,1
4513.0,1
4514.0,1
4515.0,1
4516.0,1
4517.0,1
4518.0,1
4519.0,1
4520.0,1
4521.0,1
4522.0,1
4523.0,11
4524.0,11
4525.0,11
4526.0,10
4527.0,8
4528.0,7
4529.0,7
4530.0,6
4531.0,5
4532.0,4
4533.0,3
4534.0,2
4535.0,1
4536.0,11
4537.0,9
4538.0,9
4539.0,8
4540.0,5
4541.0,3
4542.0,1
4543.0,1
4544.0,1
4545.0,1
4546.0,1
4547.0,1
4548.0,1
4549.0,1
4550.0,1
4551.0,21
4552.0,20
4553.0,16
4554.0,13
4555.0,9
4556.0,5
4557.0,1
4558.0,1
4559.0,1
4560.0,1
4561.0,1
4562.0,1
4563.0,1
4564.0,1
4565.0,1
4566.0,1
4567.0,1
4568.0,1
4569.0,1
4570.0,1
4571.0,1
4572.0,1
4573.0,1
4574.0,1
4575.0,1
4576.0,1
4577.0,11
4578.0,20
4579.0,30
4580.0,30
4581.0,37
4582.0,32
4583.0,26
4584.0,18
4585.0,15
4586.0,11
4587.0,8
4588.0,7
4589.0,3
4590.0,2
4591.0,1
4592.0,1
4593.0,1
4594.0,1
4595.0,1
4596.0,1
4597.0,1
4598.0,11
4599.0,11
4600.0,11
4601.0,10
4602.0,9
4603.0,8
4604.0,8
4605.0,6
4606.0,6
4607.0,5
4608.0,4
4609.0,12
4610.0,11
4611.0,11
4612.0,9
4613.0,19
4614.0,18
4615.0,17
4616.0,17
4617.0,15
4618.0,13
4619.0,31
4620.0,28
4621.0,23
4622.0,17
4623.0,11
4624.0,6
4625.0,2
4626.0,2
4627.0,1
4628.0,11
4629.0,11
4630.0,8
4631.0,4
4632.0,2
4633.0,2
4634.0,1
4635.0,1
4636.0,1
4637.0,1
4638.0,1
4639.0,1
4640.0,1
4641.0,1
4642.0,1
4643.0,1
4644.0,1
4645.0,1
4646.0,1
4647.0,1
4648.0,1
4649.0,1
4650.0,1
4651.0,1
4652.0,1
4653.0,1
4654.0,1
4655.0,1
4656.0,1
4657.0,11
4658.0,11
4659.0,11
4660.0,9
4661.0,9
4662.0,9
4663.0,19
4664.0,26
4665.0,22
4666.0,31
4667.0,30
4668.0,38
4669.0,32
4670.0,24
4671.0,19
4672.0,17
4673.0,14
4674.0,13
4675.0,11
4676.0,11
4677.0,10
4678.0,8
4679.0,17
4680.0,13
4681.0,10
4682.0,9
4683.0,6
4684.0,4
4685.0,4
4686.0,4
4687.0,13
4688.0,13
4689.0,22
4690.0,18
4691.0,16
4692.0,13
4693.0,8
4694.0,7
4695.0,16
4696.0,15
4697.0,14
4698.0,12
4699.0,10
4700.0,19
4701.0,16
4702.0,14
4703.0,10
4704.0,5
4705.0,3
4706.0,2
4707.0,1
4708.0,1
4709.0,1
4710.0,11
4711.0,19
4712.0,17
4713.0,15
4714.0,11
4715.0,6
4716.0,11
4717.0,9
4718.0,16
4719.0,15
4720.0,13
4721.0,9
4722.0,9
4723.0,9
4724.0,9
4725.0,8
4726.0,6
4727.0,5
4728.0,4
4729.0,3
4730.0,1
4731.0,1
4732.0,1
4733.0,10
4734.0,10
4735.0,20
4736.0,17
4737.0,16
4738.0,13
4739.0,9
4740.0,7
4741.0,4
4742.0,3
4743.0,3
4744.0,1
4745.0,1
4746.0,1
4747.0,1
4748.0,1
4749.0,1
4750.0,1
4751.0,1
4752.0,1
4753.0,1
4754.0,1
4755.0,1
4756.0,1
4757.0,1
4758.0,1
4759.0,1
4760.0,1
4761.0,1
4762.0,1
4763.0,1
4764.0,1
4765.0,1
4766.0,1
4767.0,10
4768.0,20
4769.0,20
4770.0,16
4771.0,14
4772.0,7
4773.0,26
4774.0,25
4775.0,24
4776.0,20
4777.0,18
4778.0,14
4779.0,13
4780.0,12
4781.0,10
4782.0,7
4783.0,4
4784.0,3
4785.0,1
4786.0,1
4787.0,1
4788.0,1
4789.0,1
4790.0,1
4791.0,1
4792.0,1
4793.0,1
4794.0,10
4795.0,10
4796.0,10
4797.0,9
4798.0,8
4799.0,8
4800.0,6
4801.0,5
4802.0,4
4803.0,3
4804.0,3
4805.0,2
4806.0,1
4807.0,1
4808.0,1
4809.0,11
4810.0,11
4811.0,11
4812.0,20
4813.0,19
4814.0,18
4815.0,25
4816.0,23
4817.0,23
4818.0,21
4819.0,18
4820.0,12
4821.0,19
4822.0,18
4823.0,26
4824.0,22
4825.0,20
4826.0,16
4827.0,15
4828.0,13
4829.0,12
4830.0,9
4831.0,8
4832.0,6
4833.0,4
4834.0,2
4835.0,1
4836.0,1
4837.0,1
4838.0,11
4839.0,11
4840.0,11
4841.0,11
4842.0,11
4843.0,8
4844.0,7
4845.0,7
4846.0,4
4847.0,2
4848.0,2
4849.0,2
4850.0,1
4851.0,1
4852.0,1
4853.0,11
4854.0,10
4855.0,7
4856.0,6
4857.0,14
4858.0,12
4859.0,11
4860.0,10
4861.0,9
4862.0,8
4863.0,8
4864.0,6
4865.0,6
4866.0,5
4867.0,4
4868.0,2
4869.0,1
4870.0,1
4871.0,1
4872.0,1
4873.0,11
4874.0,11
4875.0,20
4876.0,19
4877.0,18
4878.0,14
4879.0,10
4880.0,18
4881.0,14
4882.0,13
4883.0,10
4884.0,19
4885.0,19
4886.0,19
4887.0,16
4888.0,14
4889.0,13
4890.0,12
4891.0,11
4892.0,8
4893.0,8
4894.0,8
4895.0,16
4896.0,15
4897.0,25
4898.0,23
4899.0,21
4900.0,17
4901.0,14
4902.0,12
4903.0,6
4904.0,4
4905.0,2
4906.0,2
4907.0,1
4908.0,1
4909.0,1
4910.0,1
4911.0,1
4912.0,1
4913.0,1
4914.0,1
4915.0,1
4916.0,1
4917.0,1
4918.0,1
4919.0,1
4920.0,1
4921.0,1
4922.0,1
4923.0,1
4924.0,1
4925.0,1
4926.0,1
4927.0,20
4928.0,20
4929.0,20
4930.0,19
4931.0,17
4932.0,15
4933.0,12
4934.0,8
4935.0,6
4936.0,4
4937.0,4
4938.0,3
4939.0,11
4940.0,11
4941.0,10
4942.0,8
4943.0,15
4944.0,13
4945.0,10
4946.0,9
4947.0,8
4948.0,8
4949.0,6
4950.0,5
4951.0,4
4952.0,3
4953.0,3
4954.0,2
4955.0,1
4956.0,1
4957.0,1
4958.0,1
4959.0,1
4960.0,1
4961.0,1
4962.0,1
4963.0,1
4964.0,1
4965.0,1
4966.0,21
4967.0,21
4968.0,19
4969.0,14
4970.0,9
4971.0,5
4972.0,2
4973.0,2
4974.0,12
4975.0,11
4976.0,7
4977.0,6
4978.0,4
4979.0,12
4980.0,9
4981.0,9
4982.0,8
4983.0,5
4984.0,3
4985.0,1
4986.0,1
4987.0,1
4988.0,10
4989.0,9
4990.0,8
4991.0,5
4992.0,3
4993.0,2
4994.0,1
4995.0,1
4996.0,1
4997.0,1
4998.0,1
4999.0,1
5000.0,1
5001.0,1
5002.0,1
5003.0,1
5004.0,1
5005.0,1
5006.0,1
5007.0,1
5008.0,1
5009.0,1
5010.0,1
5011.0,1
5012.0,1
5013.0,1
5014.0,1
5015.0,1
5016.0,1
5017.0,1
5018.0,1
5019.0,1
5020.0,1
5021.0,1
5022.0,1
5023.0,1
5024.0,1
5025.0,1
5026.0,1
5027.0,1
5028.0,1
5029.0,1
5030.0,1
5031.0,1
5032.0,1
5033.0,1
5034.0,1
5035.0,1
5036.0,1
5037.0,11
5038.0,11
5039.0,11
5040.0,11
5041.0,11
5042.0,8
5043.0,7
5044.0,7
5045.0,4
5046.0,2
5047.0,2
5048.0,2
5049.0,1
5050.0,1
5051.0,1
5052.0,1
5053.0,1
5054.0,11
5055.0,11
5056.0,11
5057.0,9
5058.0,9
5059.0,9
5060.0,9
5061.0,8
5062.0,6
5063.0,5
5064.0,4
5065.0,3
5066.0,1
5067.0,1
5068.0,1
5069.0,1
5070.0,11
5071.0,11
5072.0,21
5073.0,21
5074.0,21
5075.0,18
5076.0,16
5077.0,16
5078.0,13
5079.0,9
5080.0,9
5081.0,7
5082.0,5
5083.0,4
5084.0,1
5085.0,1
5086.0,1
5087.0,1
5088.0,1
5089.0,1
5090.0,1
5091.0,1
5092.0,1
5093.0,1
5094.0,1
5095.0,1
5096.0,1
5097.0,1
5098.0,11
5099.0,9
5100.0,9
5101.0,8
5102.0,5
5103.0,3
5104.0,11
5105.0,11
5106.0,21
5107.0,19
5108.0,26
5109.0,25
5110.0,20
5111.0,19
5112.0,15
5113.0,14
5114.0,13
5115.0,10
5116.0,17
5117.0,14
5118.0,10
5119.0,8
5120.0,3
5121.0,1
5122.0,1
5123.0,1
5124.0,1
5125.0,1
5126.0,10
5127.0,10
5128.0,10
5129.0,9
5130.0,8
5131.0,18
5132.0,16
5133.0,12
5134.0,10
5135.0,4
5136.0,4
5137.0,2
5138.0,1
5139.0,1
5140.0,1
5141.0,1
5142.0,1
5143.0,1
5144.0,1
5145.0,1
5146.0,1
5147.0,1
5148.0,1
5149.0,1
5150.0,1
5151.0,1
5152.0,1
5153.0,1
5154.0,1
5155.0,1
5156.0,1
5157.0,1
5158.0,1
5159.0,1
5160.0,1
5161.0,1
5162.0,1
5163.0,1
5164.0,1
5165.0,1
5166.0,1
5167.0,1
5168.0,1
5169.0,1
5170.0,1
5171.0,1
5172.0,11
5173.0,11
5174.0,8
5175.0,4
5176.0,2
5177.0,2
5178.0,1
5179.0,1
5180.0,11
5181.0,11
5182.0,11
5183.0,21
5184.0,20
5185.0,20
5186.0,18
5187.0,16
5188.0,25
5189.0,22
5190.0,17
5191.0,13
5192.0,7
5193.0,4
5194.0,3
5195.0,1
5196.0,1
5197.0,1
5198.0,1
5199.0,11
5200.0,11
5201.0,11
5202.0,10
5203.0,9
5204.0,8
5205.0,8
5206.0,6
5207.0,6
5208.0,5
5209.0,4
5210.0,11
5211.0,10
5212.0,10
5213.0,9
5214.0,8
5215.0,6
5216.0,5
5217.0,5
5218.0,4
5219.0,3
5220.0,3
5221.0,1
5222.0,1
5223.0,1
5224.0,1
5225.0,1
5226.0,1
5227.0,1
5228.0,1
5229.0,1
5230.0,1
5231.0,1
5232.0,1
5233.0,1
5234.0,1
5235.0,1
5236.0,1
5237.0,1
5238.0,1
5239.0,1
5240.0,1
5241.0,1
5242.0,1
5243.0,1
5244.0,1
5245.0,1
5246.0,1
5247.0,1
5248.0,1
5249.0,1
5250.0,1
5251.0,1
5252.0,11
5253.0,10
5254.0,8
5255.0,16
5256.0,14
5257.0,9
5258.0,6
5259.0,6
5260.0,6
5261.0,6
5262.0,6
5263.0,16
5264.0,15
5265.0,15
5266.0,22
5267.0,20
5268.0,20
5269.0,18
5270.0,15
5271.0,12
5272.0,21
5273.0,19
5274.0,17
5275.0,14
5276.0,12
5277.0,9
5278.0,7
5279.0,4
5280.0,3
5281.0,2
5282.0,2
5283.0,2
5284.0,1
5285.0,1
5286.0,1
5287.0,1
5288.0,1
5289.0,1
5290.0,21
5291.0,31
5292.0,31
5293.0,30
5294.0,28
5295.0,24
5296.0,22
5297.0,20
5298.0,17
5299.0,13
5300.0,12
5301.0,10
5302.0,8
5303.0,6
5304.0,6
5305.0,6
5306.0,15
5307.0,15
5308.0,13
5309.0,21
5310.0,15
5311.0,23
5312.0,19
5313.0,15
5314.0,12
5315.0,8
5316.0,7
5317.0,7
5318.0,6
5319.0,5
5320.0,4
5321.0,3
5322.0,2
5323.0,1
5324.0,1
5325.0,1
5326.0,1
5327.0,1
5328.0,1
5329.0,1
5330.0,1
5331.0,1
5332.0,10
5333.0,10
5334.0,10
5335.0,9
5336.0,8
5337.0,6
5338.0,5
5339.0,5
5340.0,4
5341.0,3
5342.0,3
5343.0,1
5344.0,1
5345.0,1
5346.0,1
5347.0,1
5348.0,1
5349.0,11
5350.0,11
5351.0,11
5352.0,10
5353.0,8
5354.0,7
5355.0,7
5356.0,6
5357.0,5
5358.0,4
5359.0,3
5360.0,2
5361.0,1
5362.0,1
5363.0,1
5364.0,1
5365.0,1
5366.0,11
5367.0,11
5368.0,11
5369.0,11
5370.0,10
5371.0,10
5372.0,10
5373.0,8
5374.0,8
5375.0,6
5376.0,5
5377.0,4
5378.0,1
5379.0,1
5380.0,1
5381.0,1
5382.0,1
5383.0,1
5384.0,1
5385.0,1
5386.0,1
5387.0,1
5388.0,1
5389.0,1
5390.0,1
5391.0,1
5392.0,1
5393.0,1
5394.0,1
5395.0,1
5396.0,1
5397.0,11
5398.0,11
5399.0,11
5400.0,10
5401.0,9
5402.0,8
5403.0,8
5404.0,6
5405.0,6
5406.0,5
5407.0,14
5408.0,11
5409.0,7
5410.0,6
5411.0,4
5412.0,2
5413.0,1
5414.0,1
5415.0,1
5416.0,10
5417.0,9
5418.0,8
5419.0,5
5420.0,3
5421.0,2
5422.0,1
5423.0,1
5424.0,1
5425.0,1
5426.0,1
5427.0,1
5428.0,1
5429.0,1
5430.0,1
5431.0,1
5432.0,1
5433.0,1
5434.0,1
5435.0,1
5436.0,1
5437.0,1
5438.0,1
5439.0,11
5440.0,11
5441.0,11
5442.0,9
5443.0,9
5444.0,8
5445.0,7
5446.0,7
5447.0,6
5448.0,13
5449.0,11
5450.0,21
5451.0,19
5452.0,18
5453.0,15
5454.0,13
5455.0,12
5456.0,11
5457.0,8
5458.0,8
5459.0,15
5460.0,14
5461.0,12
5462.0,9
5463.0,9
5464.0,8
5465.0,17
5466.0,17
5467.0,16
5468.0,14
5469.0,12
5470.0,11
5471.0,8
5472.0,7
5473.0,14
5474.0,11
5475.0,9
5476.0,7
5477.0,4
5478.0,2
5479.0,1
5480.0,1
5481.0,1
5482.0,1
5483.0,1
5484.0,1
5485.0,1
5486.0,1
5487.0,10
5488.0,18
5489.0,15
5490.0,14
5491.0,11
5492.0,8
5493.0,8
5494.0,6
5495.0,5
5496.0,4
5497.0,3
5498.0,3
5499.0,2
5500.0,1
5501.0,1
5502.0,1
5503.0,1
5504.0,1
5505.0,1
5506.0,1
5507.0,1
5508.0,1
5509.0,1
5510.0,1
5511.0,1
5512.0,1
5513.0,1
5514.0,1
5515.0,1
5516.0,1
5517.0,1
5518.0,10
5519.0,19
5520.0,18
5521.0,16
5522.0,12
5523.0,8
5524.0,6
5525.0,5
5526.0,4
5527.0,3
5528.0,13
5529.0,11
5530.0,11
5531.0,9
5532.0,9
5533.0,8
5534.0,7
5535.0,7
5536.0,16
5537.0,14
5538.0,12
5539.0,22
5540.0,18
5541.0,15
5542.0,13
5543.0,7
5544.0,4
5545.0,2
5546.0,2
5547.0,2
5548.0,1
5549.0,1
5550.0,1
5551.0,1
5552.0,1
5553.0,1
5554.0,1
5555.0,1
5556.0,1
5557.0,1
5558.0,1
5559.0,1
5560.0,1
5561.0,1
5562.0,10
5563.0,19
5564.0,19
5565.0,28
5566.0,26
5567.0,25
5568.0,21
5569.0,19
5570.0,17
5571.0,13
5572.0,20
5573.0,15
5574.0,10
5575.0,6
5576.0,3
5577.0,3
5578.0,3
5579.0,3
5580.0,3
5581.0,3
5582.0,13
5583.0,11
5584.0,7
5585.0,6
5586.0,4
5587.0,2
5588.0,1
5589.0,1
5590.0,1
5591.0,1
5592.0,1
5593.0,1
5594.0,1
5595.0,1
5596.0,1
5597.0,1
5598.0,1
5599.0,1
5600.0,1
5601.0,1
5602.0,1
5603.0,1
5604.0,1
5605.0,1
5606.0,1
5607.0,1
5608.0,1
5609.0,1
5610.0,1
5611.0,1
5612.0,1
5613.0,1
5614.0,1
5615.0,1
5616.0,1
5617.0,1
5618.0,1
5619.0,1
5620.0,1
5621.0,1
5622.0,1
5623.0,1
5624.0,1
5625.0,1
5626.0,1
5627.0,1
5628.0,1
5629.0,1
5630.0,1
5631.0,1
5632.0,1
5633.0,1
5634.0,1
5635.0,1
5636.0,1
5637.0,1
5638.0,11
5639.0,11
5640.0,11
5641.0,21
5642.0,21
5643.0,15
5644.0,10
5645.0,8
5646.0,5
5647.0,2
5648.0,2
5649.0,2
5650.0,1
5651.0,1
5652.0,1
5653.0,1
5654.0,1
5655.0,1
5656.0,1
5657.0,1
5658.0,1
5659.0,1
5660.0,1
5661.0,1
5662.0,1
5663.0,1
5664.0,1
5665.0,1
5666.0,1
5667.0,1
5668.0,11
5669.0,11
5670.0,11
5671.0,11
5672.0,10
5673.0,10
5674.0,10
5675.0,18
5676.0,18
5677.0,25
5678.0,23
5679.0,21
5680.0,16
5681.0,15
5682.0,11
5683.0,10
5684.0,9
5685.0,7
5686.0,4
5687.0,3
5688.0,11
5689.0,11
5690.0,21
5691.0,19
5692.0,29
5693.0,29
5694.0,29
5695.0,25
5696.0,22
5697.0,20
5698.0,14
5699.0,10
5700.0,15
5701.0,14
5702.0,12
5703.0,11
5704.0,11
5705.0,8
5706.0,7
5707.0,7
5708.0,4
5709.0,2
5710.0,2
5711.0,11
5712.0,20
5713.0,19
5714.0,18
5715.0,16
5716.0,14
5717.0,13
5718.0,12
5719.0,19
5720.0,18
5721.0,24
5722.0,18
5723.0,13
5724.0,12
5725.0,5
5726.0,5
5727.0,3
5728.0,3
5729.0,3
5730.0,3
5731.0,1
5732.0,1
5733.0,1
5734.0,1
5735.0,1
5736.0,1
5737.0,1
5738.0,1
5739.0,1
5740.0,1
5741.0,1
5742.0,1
5743.0,1
5744.0,1
5745.0,1
5746.0,1
5747.0,1
5748.0,1
5749.0,1
5750.0,1
5751.0,1
5752.0,1
5753.0,1
5754.0,1
5755.0,11
5756.0,11
5757.0,21
5758.0,19
5759.0,28
5760.0,24
5761.0,18
5762.0,14
5763.0,13
5764.0,11
5765.0,9
5766.0,8
5767.0,6
5768.0,4
5769.0,3
5770.0,3
5771.0,2
5772.0,1
5773.0,1
5774.0,1
5775.0,1
5776.0,1
5777.0,1
5778.0,1
5779.0,1
5780.0,1
5781.0,1
5782.0,1
5783.0,1
5784.0,1
5785.0,1
5786.0,1
5787.0,1
5788.0,1
5789.0,1
5790.0,1
5791.0,1
5792.0,1
5793.0,1
5794.0,1
5795.0,1
5796.0,11
5797.0,11
5798.0,21
5799.0,21
5800.0,19
5801.0,14
5802.0,9
5803.0,4
5804.0,3
5805.0,2
5806.0,2
5807.0,2
5808.0,1
5809.0,1
5810.0,1
5811.0,1
5812.0,1
5813.0,1
5814.0,1
5815.0,1
5816.0,1
5817.0,1
5818.0,1
5819.0,1
5820.0,1
5821.0,1
5822.0,1
5823.0,1
5824.0,1
5825.0,1
5826.0,1
5827.0,1
5828.0,1
5829.0,1
5830.0,1
5831.0,1
5832.0,1
5833.0,1
5834.0,1
5835.0,10
5836.0,9
5837.0,16
5838.0,14
5839.0,9
5840.0,6
5841.0,4
5842.0,2
5843.0,1
5844.0,1
5845.0,1
5846.0,1
5847.0,1
5848.0,1
5849.0,1
5850.0,1
5851.0,1
5852.0,1
5853.0,1
5854.0,1
5855.0,1
5856.0,1
5857.0,1
5858.0,1
5859.0,1
5860.0,1
5861.0,1
5862.0,1
5863.0,1
5864.0,1
5865.0,1
5866.0,1
5867.0,1
5868.0,1
5869.0,1
5870.0,1
5871.0,1
5872.0,20
5873.0,18
5874.0,13
5875.0,10
5876.0,7
5877.0,12
5878.0,10
5879.0,8
5880.0,6
5881.0,5
5882.0,2
5883.0,2
5884.0,2
5885.0,2
5886.0,2
5887.0,2
5888.0,2
5889.0,1
5890.0,1
5891.0,1
5892.0,1
5893.0,1
5894.0,1
5895.0,1
5896.0,1
5897.0,1
5898.0,1
5899.0,1
5900.0,1
5901.0,1
5902.0,1
5903.0,1
5904.0,1
5905.0,1
5906.0,1
5907.0,11
5908.0,11
5909.0,11
5910.0,11
5911.0,11
5912.0,10
5913.0,8
5914.0,7
5915.0,4
5916.0,3
5917.0,2
5918.0,1
5919.0,1
5920.0,1
5921.0,1
5922.0,1
5923.0,1
5924.0,11
5925.0,11
5926.0,11
5927.0,10
5928.0,8
5929.0,7
5930.0,7
5931.0,6
5932.0,5
5933.0,4
5934.0,3
5935.0,2
5936.0,1
5937.0,1
5938.0,1
5939.0,1
5940.0,1
5941.0,1
5942.0,1
5943.0,1
5944.0,1
5945.0,1
5946.0,1
5947.0,1
5948.0,1
5949.0,1
5950.0,1
5951.0,1
5952.0,11
5953.0,11
5954.0,8
5955.0,4
5956.0,22
5957.0,22
5958.0,21
5959.0,19
5960.0,28
5961.0,27
5962.0,23
5963.0,17
5964.0,14
5965.0,10
5966.0,6
5967.0,5
5968.0,1
5969.0,1
5970.0,1
5971.0,1
5972.0,1
5973.0,11
5974.0,11
5975.0,11
5976.0,11
5977.0,11
5978.0,10
5979.0,8
5980.0,7
5981.0,4
5982.0,3
5983.0,2
5984.0,11
5985.0,11
5986.0,11
5987.0,11
5988.0,11
5989.0,10
5990.0,8
5991.0,7
5992.0,4
5993.0,3
5994.0,2
5995.0,1
5996.0,1
5997.0,1
5998.0,1
5999.0,1
6000.0,11
