"tick","Provider Population"
1.0,1
2.0,2
3.0,3
4.0,4
5.0,4
6.0,4
7.0,4
8.0,5
9.0,5
10.0,5
11.0,6
12.0,6
13.0,7
14.0,8
15.0,9
16.0,10
17.0,11
18.0,12
19.0,13
20.0,14
21.0,15
22.0,16
23.0,17
24.0,17
25.0,17
26.0,18
27.0,19
28.0,20
29.0,21
30.0,21
31.0,21
32.0,22
33.0,23
34.0,24
35.0,25
36.0,26
37.0,27
38.0,28
39.0,29
40.0,29
41.0,29
42.0,30
43.0,30
44.0,31
45.0,32
46.0,33
47.0,33
48.0,34
49.0,34
50.0,35
51.0,36
52.0,37
53.0,38
54.0,38
55.0,39
56.0,40
57.0,40
58.0,41
59.0,42
60.0,42
61.0,42
62.0,43
63.0,44
64.0,45
65.0,45
66.0,45
67.0,45
68.0,45
69.0,45
70.0,46
71.0,46
72.0,47
73.0,48
74.0,48
75.0,49
76.0,50
77.0,51
78.0,52
79.0,53
80.0,54
81.0,55
82.0,55
83.0,56
84.0,56
85.0,56
86.0,57
87.0,57
88.0,58
89.0,58
90.0,58
91.0,59
92.0,59
93.0,59
94.0,60
95.0,60
96.0,60
97.0,61
98.0,61
99.0,61
100.0,61
101.0,62
102.0,63
103.0,63
104.0,63
105.0,63
106.0,63
107.0,63
108.0,63
109.0,63
110.0,63
111.0,63
112.0,64
113.0,64
114.0,64
115.0,64
116.0,64
117.0,64
118.0,64
119.0,64
120.0,64
121.0,64
122.0,64
123.0,65
124.0,66
125.0,67
126.0,68
127.0,68
128.0,68
129.0,68
130.0,68
131.0,68
132.0,68
133.0,69
134.0,70
135.0,70
136.0,70
137.0,70
138.0,70
139.0,70
140.0,70
141.0,70
142.0,70
143.0,70
144.0,71
145.0,71
146.0,71
147.0,71
148.0,72
149.0,72
150.0,72
151.0,72
152.0,72
153.0,72
154.0,72
155.0,72
156.0,72
157.0,72
158.0,72
159.0,72
160.0,72
161.0,72
162.0,72
163.0,72
164.0,72
165.0,72
166.0,72
167.0,72
168.0,72
169.0,72
170.0,72
171.0,72
172.0,72
173.0,72
174.0,72
175.0,72
176.0,72
177.0,72
178.0,72
179.0,72
180.0,72
181.0,72
182.0,72
183.0,72
184.0,72
185.0,72
186.0,72
187.0,72
188.0,72
189.0,72
190.0,72
191.0,72
192.0,72
193.0,72
194.0,72
195.0,72
196.0,72
197.0,72
198.0,72
199.0,72
200.0,72
201.0,72
202.0,72
203.0,72
204.0,72
205.0,72
206.0,72
207.0,72
208.0,72
209.0,72
210.0,72
211.0,72
212.0,72
213.0,72
214.0,72
215.0,72
216.0,72
217.0,72
218.0,72
219.0,72
220.0,72
221.0,72
222.0,72
223.0,72
224.0,72
225.0,72
226.0,72
227.0,72
228.0,72
229.0,72
230.0,72
231.0,72
232.0,72
233.0,72
234.0,73
235.0,73
236.0,73
237.0,74
238.0,75
239.0,76
240.0,76
241.0,76
242.0,76
243.0,77
244.0,77
245.0,78
246.0,78
247.0,78
248.0,79
249.0,79
250.0,79
251.0,79
252.0,79
253.0,79
254.0,79
255.0,79
256.0,79
257.0,79
258.0,79
259.0,79
260.0,80
261.0,80
262.0,80
263.0,80
264.0,80
265.0,80
266.0,80
267.0,80
268.0,80
269.0,80
270.0,80
271.0,80
272.0,80
273.0,80
274.0,81
275.0,81
276.0,81
277.0,82
278.0,82
279.0,82
280.0,83
281.0,83
282.0,83
283.0,83
284.0,83
285.0,83
286.0,83
287.0,83
288.0,83
289.0,83
290.0,83
291.0,83
292.0,83
293.0,83
294.0,83
295.0,83
296.0,83
297.0,84
298.0,85
299.0,85
300.0,86
301.0,87
302.0,88
303.0,89
304.0,90
305.0,91
306.0,91
307.0,91
308.0,91
309.0,92
310.0,92
311.0,93
312.0,93
313.0,94
314.0,94
315.0,94
316.0,95
317.0,95
318.0,95
319.0,96
320.0,97
321.0,97
322.0,97
323.0,97
324.0,97
325.0,98
326.0,98
327.0,98
328.0,98
329.0,98
330.0,98
331.0,98
332.0,98
333.0,98
334.0,98
335.0,98
336.0,98
337.0,98
338.0,98
339.0,98
340.0,98
341.0,98
342.0,98
343.0,98
344.0,98
345.0,98
346.0,99
347.0,99
348.0,100
349.0,101
350.0,101
351.0,102
352.0,102
353.0,102
354.0,103
355.0,103
356.0,103
357.0,103
358.0,103
359.0,103
360.0,103
361.0,103
362.0,103
363.0,103
364.0,103
365.0,103
366.0,103
367.0,103
368.0,103
369.0,103
370.0,103
371.0,103
372.0,103
373.0,103
374.0,103
375.0,104
376.0,105
377.0,105
378.0,105
379.0,106
380.0,106
381.0,107
382.0,108
383.0,109
384.0,110
385.0,110
386.0,110
387.0,110
388.0,111
389.0,112
390.0,112
391.0,113
392.0,114
393.0,115
394.0,116
395.0,117
396.0,117
397.0,117
398.0,118
399.0,119
400.0,120
401.0,121
402.0,122
403.0,123
404.0,124
405.0,125
406.0,126
407.0,127
408.0,128
409.0,129
410.0,130
411.0,131
412.0,131
413.0,131
414.0,132
415.0,132
416.0,133
417.0,134
418.0,135
419.0,136
420.0,137
421.0,138
422.0,138
423.0,139
424.0,140
425.0,141
426.0,142
427.0,143
428.0,144
429.0,145
430.0,146
431.0,146
432.0,147
433.0,148
434.0,149
435.0,150
436.0,151
437.0,151
438.0,152
439.0,152
440.0,152
441.0,152
442.0,152
443.0,153
444.0,154
445.0,155
446.0,155
447.0,155
448.0,156
449.0,156
450.0,156
451.0,156
452.0,156
453.0,157
454.0,157
455.0,157
456.0,157
457.0,157
458.0,157
459.0,157
460.0,157
461.0,157
462.0,157
463.0,157
464.0,157
465.0,157
466.0,158
467.0,158
468.0,158
469.0,158
470.0,158
471.0,158
472.0,158
473.0,158
474.0,158
475.0,158
476.0,158
477.0,158
478.0,159
479.0,160
480.0,160
481.0,160
482.0,161
483.0,161
484.0,161
485.0,161
486.0,161
487.0,161
488.0,161
489.0,161
490.0,161
491.0,161
492.0,161
493.0,161
494.0,161
495.0,161
496.0,161
497.0,162
498.0,162
499.0,162
500.0,162
501.0,163
502.0,163
503.0,164
504.0,164
505.0,165
506.0,165
507.0,166
508.0,167
509.0,167
510.0,167
511.0,167
512.0,167
513.0,167
514.0,167
515.0,167
516.0,167
517.0,167
518.0,167
519.0,167
520.0,167
521.0,167
522.0,167
523.0,167
524.0,168
525.0,169
526.0,169
527.0,170
528.0,170
529.0,170
530.0,170
531.0,170
532.0,170
533.0,170
534.0,170
535.0,170
536.0,170
537.0,170
538.0,170
539.0,170
540.0,170
541.0,170
542.0,170
543.0,170
544.0,170
545.0,170
546.0,170
547.0,170
548.0,170
549.0,170
550.0,170
551.0,170
552.0,170
553.0,170
554.0,170
555.0,170
556.0,170
557.0,170
558.0,170
559.0,170
560.0,170
561.0,170
562.0,170
563.0,170
564.0,170
565.0,170
566.0,170
567.0,170
568.0,170
569.0,170
570.0,170
571.0,170
572.0,170
573.0,170
574.0,170
575.0,170
576.0,170
577.0,170
578.0,170
579.0,170
580.0,170
581.0,170
582.0,170
583.0,170
584.0,170
585.0,170
586.0,170
587.0,170
588.0,170
589.0,170
590.0,170
591.0,170
592.0,170
593.0,170
594.0,170
595.0,170
596.0,170
597.0,170
598.0,170
599.0,170
600.0,170
601.0,170
602.0,170
603.0,170
604.0,170
605.0,170
606.0,170
607.0,170
608.0,170
609.0,170
610.0,170
611.0,170
612.0,170
613.0,170
614.0,170
615.0,171
616.0,171
617.0,172
618.0,172
619.0,172
620.0,172
621.0,172
622.0,172
623.0,172
624.0,172
625.0,172
626.0,172
627.0,172
628.0,172
629.0,172
630.0,173
631.0,173
632.0,173
633.0,173
634.0,173
635.0,173
636.0,173
637.0,173
638.0,173
639.0,173
640.0,173
641.0,173
642.0,173
643.0,173
644.0,173
645.0,173
646.0,173
647.0,173
648.0,173
649.0,173
650.0,173
651.0,173
652.0,173
653.0,173
654.0,173
655.0,173
656.0,173
657.0,173
658.0,173
659.0,173
660.0,173
661.0,173
662.0,173
663.0,173
664.0,173
665.0,173
666.0,173
667.0,173
668.0,173
669.0,173
670.0,173
671.0,173
672.0,173
673.0,173
674.0,173
675.0,173
676.0,173
677.0,173
678.0,173
679.0,173
680.0,173
681.0,173
682.0,173
683.0,173
684.0,173
685.0,173
686.0,173
687.0,173
688.0,173
689.0,173
690.0,173
691.0,173
692.0,173
693.0,173
694.0,173
695.0,173
696.0,173
697.0,174
698.0,174
699.0,174
700.0,174
701.0,174
702.0,174
703.0,174
704.0,174
705.0,174
706.0,174
707.0,174
708.0,174
709.0,174
710.0,174
711.0,174
712.0,175
713.0,175
714.0,176
715.0,176
716.0,176
717.0,176
718.0,176
719.0,176
720.0,177
721.0,177
722.0,177
723.0,178
724.0,178
725.0,178
726.0,178
727.0,178
728.0,178
729.0,178
730.0,178
731.0,178
732.0,178
733.0,178
734.0,178
735.0,178
736.0,178
737.0,178
738.0,179
739.0,179
740.0,180
741.0,180
742.0,180
743.0,180
744.0,180
745.0,180
746.0,180
747.0,180
748.0,180
749.0,180
750.0,180
751.0,180
752.0,180
753.0,180
754.0,181
755.0,182
756.0,183
757.0,184
758.0,185
759.0,186
760.0,186
761.0,187
762.0,188
763.0,189
764.0,189
765.0,189
766.0,190
767.0,191
768.0,192
769.0,193
770.0,194
771.0,195
772.0,196
773.0,197
774.0,198
775.0,199
776.0,200
777.0,200
778.0,200
779.0,201
780.0,202
781.0,203
782.0,203
783.0,204
784.0,204
785.0,205
786.0,206
787.0,206
788.0,206
789.0,206
790.0,206
791.0,206
792.0,207
793.0,207
794.0,208
795.0,209
796.0,210
797.0,210
798.0,210
799.0,211
800.0,211
801.0,211
802.0,212
803.0,212
804.0,213
805.0,213
806.0,214
807.0,215
808.0,215
809.0,215
810.0,216
811.0,216
812.0,217
813.0,217
814.0,217
815.0,218
816.0,218
817.0,218
818.0,219
819.0,219
820.0,220
821.0,221
822.0,222
823.0,222
824.0,223
825.0,224
826.0,225
827.0,225
828.0,226
829.0,227
830.0,228
831.0,228
832.0,228
833.0,228
834.0,228
835.0,228
836.0,228
837.0,228
838.0,228
839.0,228
840.0,228
841.0,228
842.0,228
843.0,228
844.0,228
845.0,228
846.0,228
847.0,228
848.0,228
849.0,228
850.0,228
851.0,228
852.0,228
853.0,228
854.0,228
855.0,228
856.0,228
857.0,228
858.0,228
859.0,228
860.0,228
861.0,228
862.0,228
863.0,228
864.0,228
865.0,228
866.0,228
867.0,228
868.0,228
869.0,228
870.0,228
871.0,228
872.0,228
873.0,228
874.0,229
875.0,230
876.0,231
877.0,231
878.0,232
879.0,233
880.0,233
881.0,234
882.0,234
883.0,234
884.0,234
885.0,234
886.0,234
887.0,234
888.0,234
889.0,234
890.0,234
891.0,234
892.0,234
893.0,234
894.0,235
895.0,236
896.0,236
897.0,237
898.0,238
899.0,238
900.0,239
901.0,240
902.0,241
903.0,242
904.0,242
905.0,243
906.0,243
907.0,243
908.0,244
909.0,245
910.0,245
911.0,245
912.0,245
913.0,246
914.0,246
915.0,246
916.0,247
917.0,247
918.0,247
919.0,247
920.0,247
921.0,247
922.0,247
923.0,247
924.0,248
925.0,248
926.0,248
927.0,249
928.0,249
929.0,249
930.0,249
931.0,249
932.0,249
933.0,249
934.0,249
935.0,249
936.0,249
937.0,249
938.0,249
939.0,249
940.0,249
941.0,249
942.0,250
943.0,251
944.0,251
945.0,252
946.0,253
947.0,254
948.0,255
949.0,256
950.0,256
951.0,256
952.0,256
953.0,257
954.0,258
955.0,259
956.0,260
957.0,261
958.0,262
959.0,263
960.0,264
961.0,265
962.0,266
963.0,266
964.0,266
965.0,266
966.0,267
967.0,268
968.0,268
969.0,268
970.0,269
971.0,270
972.0,271
973.0,271
974.0,271
975.0,271
976.0,271
977.0,271
978.0,271
979.0,271
980.0,271
981.0,271
982.0,271
983.0,271
984.0,271
985.0,271
986.0,271
987.0,272
988.0,272
989.0,272
990.0,272
991.0,272
992.0,272
993.0,272
994.0,273
995.0,273
996.0,273
997.0,273
998.0,273
999.0,273
1000.0,273
1001.0,273
1002.0,273
1003.0,273
1004.0,273
1005.0,273
1006.0,273
1007.0,273
1008.0,273
1009.0,274
1010.0,274
1011.0,274
1012.0,275
1013.0,275
1014.0,275
1015.0,275
1016.0,275
1017.0,275
1018.0,276
1019.0,276
1020.0,276
1021.0,276
1022.0,276
1023.0,276
1024.0,276
1025.0,276
1026.0,276
1027.0,276
1028.0,276
1029.0,276
1030.0,276
1031.0,276
1032.0,276
1033.0,276
1034.0,276
1035.0,276
1036.0,276
1037.0,276
1038.0,276
1039.0,276
1040.0,276
1041.0,276
1042.0,276
1043.0,276
1044.0,276
1045.0,276
1046.0,276
1047.0,276
1048.0,276
1049.0,276
1050.0,276
1051.0,276
1052.0,276
1053.0,276
1054.0,276
1055.0,277
1056.0,277
1057.0,277
1058.0,277
1059.0,278
1060.0,278
1061.0,278
1062.0,278
1063.0,278
1064.0,278
1065.0,279
1066.0,279
1067.0,279
1068.0,279
1069.0,279
1070.0,279
1071.0,279
1072.0,279
1073.0,279
1074.0,279
1075.0,279
1076.0,279
1077.0,279
1078.0,279
1079.0,279
1080.0,279
1081.0,280
1082.0,281
1083.0,281
1084.0,281
1085.0,281
1086.0,281
1087.0,281
1088.0,281
1089.0,281
1090.0,281
1091.0,281
1092.0,281
1093.0,281
1094.0,281
1095.0,281
1096.0,281
1097.0,281
1098.0,281
1099.0,281
1100.0,281
1101.0,281
1102.0,281
1103.0,281
1104.0,281
1105.0,281
1106.0,281
1107.0,281
1108.0,281
1109.0,281
1110.0,281
1111.0,281
1112.0,281
1113.0,281
1114.0,281
1115.0,281
1116.0,281
1117.0,281
1118.0,281
1119.0,281
1120.0,281
1121.0,281
1122.0,281
1123.0,281
1124.0,281
1125.0,281
1126.0,281
1127.0,281
1128.0,281
1129.0,281
1130.0,281
1131.0,281
1132.0,281
1133.0,281
1134.0,281
1135.0,281
1136.0,281
1137.0,281
1138.0,281
1139.0,281
1140.0,281
1141.0,281
1142.0,281
1143.0,281
1144.0,281
1145.0,281
1146.0,281
1147.0,281
1148.0,281
1149.0,281
1150.0,281
1151.0,281
1152.0,281
1153.0,281
1154.0,281
1155.0,281
1156.0,281
1157.0,281
1158.0,281
1159.0,281
1160.0,281
1161.0,281
1162.0,281
1163.0,281
1164.0,281
1165.0,281
1166.0,281
1167.0,281
1168.0,282
1169.0,282
1170.0,283
1171.0,283
1172.0,283
1173.0,283
1174.0,283
1175.0,283
1176.0,283
1177.0,283
1178.0,283
1179.0,283
1180.0,284
1181.0,284
1182.0,284
1183.0,284
1184.0,284
1185.0,285
1186.0,285
1187.0,285
1188.0,285
1189.0,285
1190.0,285
1191.0,285
1192.0,285
1193.0,285
1194.0,286
1195.0,287
1196.0,287
1197.0,287
1198.0,287
1199.0,287
1200.0,287
1201.0,287
1202.0,287
1203.0,288
1204.0,288
1205.0,289
1206.0,289
1207.0,289
1208.0,289
1209.0,289
1210.0,290
1211.0,290
1212.0,290
1213.0,290
1214.0,291
1215.0,291
1216.0,291
1217.0,291
1218.0,291
1219.0,291
1220.0,291
1221.0,291
1222.0,291
1223.0,291
1224.0,291
1225.0,291
1226.0,291
1227.0,291
1228.0,291
1229.0,291
1230.0,291
1231.0,291
1232.0,291
1233.0,291
1234.0,291
1235.0,291
1236.0,291
1237.0,291
1238.0,291
1239.0,291
1240.0,291
1241.0,291
1242.0,291
1243.0,291
1244.0,291
1245.0,291
1246.0,291
1247.0,291
1248.0,291
1249.0,291
1250.0,292
1251.0,292
1252.0,292
1253.0,292
1254.0,292
1255.0,292
1256.0,292
1257.0,292
1258.0,292
1259.0,292
1260.0,292
1261.0,293
1262.0,293
1263.0,293
1264.0,293
1265.0,293
1266.0,293
1267.0,293
1268.0,294
1269.0,294
1270.0,294
1271.0,295
1272.0,295
1273.0,295
1274.0,296
1275.0,297
1276.0,298
1277.0,299
1278.0,300
1279.0,301
1280.0,301
1281.0,302
1282.0,303
1283.0,303
1284.0,304
1285.0,304
1286.0,305
1287.0,306
1288.0,306
1289.0,307
1290.0,308
1291.0,309
1292.0,310
1293.0,310
1294.0,311
1295.0,311
1296.0,311
1297.0,311
1298.0,311
1299.0,312
1300.0,312
1301.0,313
1302.0,314
1303.0,314
1304.0,315
1305.0,315
1306.0,315
1307.0,316
1308.0,316
1309.0,316
1310.0,317
1311.0,317
1312.0,317
1313.0,317
1314.0,318
1315.0,319
1316.0,320
1317.0,321
1318.0,321
1319.0,322
1320.0,322
1321.0,322
1322.0,322
1323.0,322
1324.0,322
1325.0,323
1326.0,323
1327.0,323
1328.0,324
1329.0,325
1330.0,325
1331.0,326
1332.0,326
1333.0,326
1334.0,326
1335.0,326
1336.0,326
1337.0,326
1338.0,326
1339.0,327
1340.0,328
1341.0,328
1342.0,328
1343.0,328
1344.0,328
1345.0,328
1346.0,328
1347.0,328
1348.0,328
1349.0,328
1350.0,328
1351.0,328
1352.0,328
1353.0,329
1354.0,330
1355.0,331
1356.0,331
1357.0,331
1358.0,331
1359.0,332
1360.0,333
1361.0,334
1362.0,334
1363.0,334
1364.0,334
1365.0,334
1366.0,335
1367.0,335
1368.0,335
1369.0,335
1370.0,335
1371.0,335
1372.0,335
1373.0,335
1374.0,335
1375.0,335
1376.0,335
1377.0,335
1378.0,335
1379.0,335
1380.0,335
1381.0,335
1382.0,335
1383.0,335
1384.0,336
1385.0,336
1386.0,336
1387.0,336
1388.0,336
1389.0,336
1390.0,336
1391.0,336
1392.0,336
1393.0,336
1394.0,336
1395.0,336
1396.0,336
1397.0,336
1398.0,336
1399.0,336
1400.0,336
1401.0,336
1402.0,336
1403.0,336
1404.0,336
1405.0,336
1406.0,336
1407.0,336
1408.0,336
1409.0,336
1410.0,336
1411.0,336
1412.0,336
1413.0,336
1414.0,336
1415.0,336
1416.0,336
1417.0,336
1418.0,336
1419.0,336
1420.0,336
1421.0,337
1422.0,338
1423.0,338
1424.0,339
1425.0,339
1426.0,340
1427.0,340
1428.0,340
1429.0,340
1430.0,340
1431.0,340
1432.0,340
1433.0,341
1434.0,341
1435.0,341
1436.0,341
1437.0,341
1438.0,341
1439.0,341
1440.0,341
1441.0,341
1442.0,341
1443.0,341
1444.0,341
1445.0,341
1446.0,341
1447.0,341
1448.0,341
1449.0,341
1450.0,341
1451.0,341
1452.0,341
1453.0,341
1454.0,342
1455.0,342
1456.0,342
1457.0,342
1458.0,342
1459.0,342
1460.0,342
1461.0,342
1462.0,342
1463.0,342
1464.0,343
1465.0,343
1466.0,343
1467.0,344
1468.0,344
1469.0,344
1470.0,344
1471.0,345
1472.0,346
1473.0,346
1474.0,346
1475.0,346
1476.0,347
1477.0,348
1478.0,348
1479.0,348
1480.0,348
1481.0,348
1482.0,348
1483.0,348
1484.0,349
1485.0,349
1486.0,349
1487.0,349
1488.0,350
1489.0,351
1490.0,352
1491.0,353
1492.0,353
1493.0,353
1494.0,353
1495.0,353
1496.0,353
1497.0,353
1498.0,353
1499.0,353
1500.0,353
1501.0,353
1502.0,353
1503.0,353
1504.0,353
1505.0,353
1506.0,354
1507.0,355
1508.0,355
1509.0,355
1510.0,355
1511.0,355
1512.0,355
1513.0,355
1514.0,355
1515.0,355
1516.0,355
1517.0,355
1518.0,355
1519.0,355
1520.0,355
1521.0,355
1522.0,355
1523.0,355
1524.0,355
1525.0,355
1526.0,355
1527.0,355
1528.0,355
1529.0,355
1530.0,355
1531.0,355
1532.0,355
1533.0,355
1534.0,355
1535.0,355
1536.0,355
1537.0,355
1538.0,355
1539.0,355
1540.0,355
1541.0,355
1542.0,355
1543.0,355
1544.0,355
1545.0,355
1546.0,355
1547.0,355
1548.0,355
1549.0,355
1550.0,355
1551.0,355
1552.0,355
1553.0,355
1554.0,355
1555.0,355
1556.0,355
1557.0,355
1558.0,355
1559.0,355
1560.0,355
1561.0,355
1562.0,355
1563.0,355
1564.0,355
1565.0,355
1566.0,355
1567.0,355
1568.0,355
1569.0,355
1570.0,355
1571.0,355
1572.0,355
1573.0,355
1574.0,355
1575.0,355
1576.0,355
1577.0,355
1578.0,355
1579.0,355
1580.0,355
1581.0,355
1582.0,355
1583.0,355
1584.0,355
1585.0,355
1586.0,355
1587.0,355
1588.0,355
1589.0,355
1590.0,355
1591.0,355
1592.0,355
1593.0,355
1594.0,355
1595.0,355
1596.0,355
1597.0,355
1598.0,355
1599.0,355
1600.0,355
1601.0,355
1602.0,355
1603.0,355
1604.0,355
1605.0,355
1606.0,355
1607.0,355
1608.0,355
1609.0,355
1610.0,355
1611.0,355
1612.0,355
1613.0,355
1614.0,355
1615.0,355
1616.0,355
1617.0,355
1618.0,355
1619.0,355
1620.0,355
1621.0,355
1622.0,355
1623.0,355
1624.0,355
1625.0,355
1626.0,355
1627.0,355
1628.0,355
1629.0,355
1630.0,355
1631.0,355
1632.0,355
1633.0,355
1634.0,355
1635.0,355
1636.0,355
1637.0,355
1638.0,355
1639.0,355
1640.0,355
1641.0,355
1642.0,355
1643.0,355
1644.0,355
1645.0,355
1646.0,355
1647.0,355
1648.0,355
1649.0,355
1650.0,355
1651.0,355
1652.0,355
1653.0,355
1654.0,355
1655.0,355
1656.0,355
1657.0,355
1658.0,355
1659.0,355
1660.0,355
1661.0,355
1662.0,355
1663.0,355
1664.0,355
1665.0,355
1666.0,355
1667.0,355
1668.0,355
1669.0,355
1670.0,355
1671.0,355
1672.0,355
1673.0,355
1674.0,355
1675.0,355
1676.0,355
1677.0,355
1678.0,355
1679.0,355
1680.0,355
1681.0,355
1682.0,355
1683.0,355
1684.0,355
1685.0,355
1686.0,355
1687.0,355
1688.0,355
1689.0,355
1690.0,355
1691.0,355
1692.0,355
1693.0,355
1694.0,355
1695.0,355
1696.0,355
1697.0,355
1698.0,355
1699.0,355
1700.0,355
1701.0,355
1702.0,355
1703.0,355
1704.0,355
1705.0,355
1706.0,355
1707.0,355
1708.0,355
1709.0,355
1710.0,355
1711.0,355
1712.0,355
1713.0,355
1714.0,355
1715.0,355
1716.0,355
1717.0,355
1718.0,355
1719.0,355
1720.0,355
1721.0,355
1722.0,355
1723.0,355
1724.0,355
1725.0,355
1726.0,355
1727.0,355
1728.0,355
1729.0,355
1730.0,355
1731.0,355
1732.0,355
1733.0,355
1734.0,355
1735.0,355
1736.0,355
1737.0,355
1738.0,355
1739.0,355
1740.0,355
1741.0,355
1742.0,355
1743.0,355
1744.0,355
1745.0,355
1746.0,355
1747.0,355
1748.0,355
1749.0,355
1750.0,355
1751.0,355
1752.0,355
1753.0,355
1754.0,355
1755.0,355
1756.0,355
1757.0,355
1758.0,355
1759.0,355
1760.0,355
1761.0,355
1762.0,355
1763.0,355
1764.0,355
1765.0,355
1766.0,355
1767.0,355
1768.0,355
1769.0,355
1770.0,355
1771.0,355
1772.0,355
1773.0,355
1774.0,355
1775.0,355
1776.0,355
1777.0,355
1778.0,355
1779.0,355
1780.0,355
1781.0,355
1782.0,355
1783.0,355
1784.0,355
1785.0,355
1786.0,355
1787.0,355
1788.0,355
1789.0,355
1790.0,355
1791.0,355
1792.0,355
1793.0,355
1794.0,355
1795.0,355
1796.0,355
1797.0,355
1798.0,355
1799.0,355
1800.0,355
1801.0,355
1802.0,355
1803.0,355
1804.0,355
1805.0,355
1806.0,355
1807.0,355
1808.0,355
1809.0,355
1810.0,355
1811.0,355
1812.0,355
1813.0,355
1814.0,355
1815.0,355
1816.0,355
1817.0,355
1818.0,355
1819.0,355
1820.0,355
1821.0,355
1822.0,355
1823.0,355
1824.0,355
1825.0,355
1826.0,355
1827.0,355
1828.0,355
1829.0,355
1830.0,355
1831.0,355
1832.0,355
1833.0,355
1834.0,355
1835.0,355
1836.0,355
1837.0,355
1838.0,355
1839.0,355
1840.0,355
1841.0,355
1842.0,355
1843.0,355
1844.0,355
1845.0,355
1846.0,355
1847.0,355
1848.0,355
1849.0,355
1850.0,355
1851.0,355
1852.0,355
1853.0,355
1854.0,355
1855.0,355
1856.0,355
1857.0,355
1858.0,355
1859.0,355
1860.0,355
1861.0,355
1862.0,355
1863.0,355
1864.0,355
1865.0,355
1866.0,355
1867.0,355
1868.0,355
1869.0,355
1870.0,355
1871.0,355
1872.0,355
1873.0,355
1874.0,355
1875.0,355
1876.0,355
1877.0,355
1878.0,355
1879.0,355
1880.0,355
1881.0,355
1882.0,355
1883.0,355
1884.0,355
1885.0,355
1886.0,355
1887.0,355
1888.0,355
1889.0,355
1890.0,355
1891.0,355
1892.0,355
1893.0,355
1894.0,355
1895.0,355
1896.0,355
1897.0,355
1898.0,355
1899.0,355
1900.0,355
1901.0,355
1902.0,355
1903.0,355
1904.0,355
1905.0,355
1906.0,355
1907.0,355
1908.0,355
1909.0,355
1910.0,355
1911.0,355
1912.0,355
1913.0,355
1914.0,355
1915.0,355
1916.0,355
1917.0,355
1918.0,355
1919.0,355
1920.0,355
1921.0,355
1922.0,355
1923.0,355
1924.0,355
1925.0,355
1926.0,355
1927.0,355
1928.0,355
1929.0,355
1930.0,355
1931.0,355
1932.0,355
1933.0,355
1934.0,355
1935.0,355
1936.0,355
1937.0,355
1938.0,355
1939.0,355
1940.0,355
1941.0,355
1942.0,355
1943.0,355
1944.0,355
1945.0,355
1946.0,355
1947.0,355
1948.0,355
1949.0,355
1950.0,355
1951.0,355
1952.0,355
1953.0,355
1954.0,355
1955.0,355
1956.0,355
1957.0,355
1958.0,355
1959.0,355
1960.0,355
1961.0,355
1962.0,355
1963.0,355
1964.0,355
1965.0,355
1966.0,355
1967.0,355
1968.0,355
1969.0,355
1970.0,355
1971.0,355
1972.0,355
1973.0,355
1974.0,355
1975.0,355
1976.0,355
1977.0,355
1978.0,355
1979.0,355
1980.0,355
1981.0,355
1982.0,355
1983.0,355
1984.0,355
1985.0,355
1986.0,355
1987.0,355
1988.0,356
1989.0,356
1990.0,356
1991.0,356
1992.0,356
1993.0,356
1994.0,357
1995.0,357
1996.0,357
1997.0,357
1998.0,357
1999.0,357
2000.0,357
2001.0,358
2002.0,358
2003.0,358
2004.0,358
2005.0,358
2006.0,358
2007.0,358
2008.0,358
2009.0,358
2010.0,358
2011.0,358
2012.0,358
2013.0,358
2014.0,358
2015.0,358
2016.0,358
2017.0,358
2018.0,358
2019.0,358
2020.0,358
2021.0,358
2022.0,358
2023.0,358
2024.0,358
2025.0,358
2026.0,358
2027.0,358
2028.0,358
2029.0,358
2030.0,358
2031.0,358
2032.0,358
2033.0,359
2034.0,359
2035.0,359
2036.0,359
2037.0,359
2038.0,359
2039.0,360
2040.0,360
2041.0,360
2042.0,360
2043.0,360
2044.0,360
2045.0,360
2046.0,360
2047.0,360
2048.0,360
2049.0,361
2050.0,361
2051.0,361
2052.0,361
2053.0,361
2054.0,361
2055.0,362
2056.0,363
2057.0,364
2058.0,364
2059.0,365
2060.0,365
2061.0,366
2062.0,367
2063.0,368
2064.0,368
2065.0,369
2066.0,370
2067.0,371
2068.0,371
2069.0,371
2070.0,371
2071.0,372
2072.0,372
2073.0,373
2074.0,373
2075.0,373
2076.0,373
2077.0,373
2078.0,373
2079.0,373
2080.0,373
2081.0,373
2082.0,374
2083.0,374
2084.0,375
2085.0,375
2086.0,376
2087.0,377
2088.0,377
2089.0,377
2090.0,377
2091.0,378
2092.0,379
2093.0,380
2094.0,380
2095.0,380
2096.0,381
2097.0,381
2098.0,381
2099.0,382
2100.0,383
2101.0,384
2102.0,385
2103.0,386
2104.0,386
2105.0,387
2106.0,387
2107.0,387
2108.0,387
2109.0,388
2110.0,389
2111.0,389
2112.0,389
2113.0,389
2114.0,389
2115.0,390
2116.0,391
2117.0,392
2118.0,392
2119.0,392
2120.0,392
2121.0,392
2122.0,392
2123.0,392
2124.0,393
2125.0,394
2126.0,395
2127.0,395
2128.0,396
2129.0,396
2130.0,397
2131.0,397
2132.0,397
2133.0,397
2134.0,398
2135.0,398
2136.0,398
2137.0,398
2138.0,399
2139.0,400
2140.0,400
2141.0,400
2142.0,400
2143.0,400
2144.0,401
2145.0,401
2146.0,402
2147.0,403
2148.0,403
2149.0,403
2150.0,403
2151.0,403
2152.0,404
2153.0,405
2154.0,406
2155.0,407
2156.0,408
2157.0,408
2158.0,408
2159.0,408
2160.0,408
2161.0,408
2162.0,409
2163.0,409
2164.0,409
2165.0,410
2166.0,411
2167.0,411
2168.0,411
2169.0,411
2170.0,412
2171.0,412
2172.0,412
2173.0,412
2174.0,412
2175.0,413
2176.0,413
2177.0,414
2178.0,414
2179.0,414
2180.0,414
2181.0,415
2182.0,416
2183.0,416
2184.0,416
2185.0,417
2186.0,417
2187.0,417
2188.0,417
2189.0,417
2190.0,418
2191.0,418
2192.0,419
2193.0,419
2194.0,419
2195.0,419
2196.0,419
2197.0,419
2198.0,419
2199.0,419
2200.0,419
2201.0,420
2202.0,420
2203.0,420
2204.0,421
2205.0,422
2206.0,422
2207.0,423
2208.0,423
2209.0,424
2210.0,425
2211.0,426
2212.0,427
2213.0,427
2214.0,427
2215.0,427
2216.0,428
2217.0,428
2218.0,428
2219.0,428
2220.0,429
2221.0,430
2222.0,430
2223.0,431
2224.0,431
2225.0,431
2226.0,431
2227.0,431
2228.0,431
2229.0,431
2230.0,431
2231.0,431
2232.0,432
2233.0,432
2234.0,432
2235.0,432
2236.0,432
2237.0,432
2238.0,433
2239.0,433
2240.0,434
2241.0,434
2242.0,434
2243.0,434
2244.0,434
2245.0,435
2246.0,436
2247.0,437
2248.0,438
2249.0,438
2250.0,438
2251.0,439
2252.0,439
2253.0,440
2254.0,441
2255.0,442
2256.0,443
2257.0,444
2258.0,445
2259.0,446
2260.0,447
2261.0,447
2262.0,448
2263.0,448
2264.0,449
2265.0,449
2266.0,449
2267.0,449
2268.0,449
2269.0,450
2270.0,451
2271.0,451
2272.0,451
2273.0,451
2274.0,452
2275.0,453
2276.0,453
2277.0,453
2278.0,453
2279.0,453
2280.0,453
2281.0,453
2282.0,453
2283.0,453
2284.0,453
2285.0,454
2286.0,454
2287.0,454
2288.0,454
2289.0,455
2290.0,455
2291.0,455
2292.0,455
2293.0,455
2294.0,455
2295.0,455
2296.0,455
2297.0,455
2298.0,455
2299.0,455
2300.0,455
2301.0,456
2302.0,456
2303.0,456
2304.0,456
2305.0,456
2306.0,456
2307.0,456
2308.0,456
2309.0,456
2310.0,456
2311.0,456
2312.0,456
2313.0,456
2314.0,456
2315.0,456
2316.0,456
2317.0,456
2318.0,456
2319.0,456
2320.0,456
2321.0,456
2322.0,456
2323.0,456
2324.0,456
2325.0,457
2326.0,457
2327.0,457
2328.0,458
2329.0,458
2330.0,458
2331.0,458
2332.0,458
2333.0,458
2334.0,458
2335.0,458
2336.0,458
2337.0,458
2338.0,458
2339.0,458
2340.0,458
2341.0,458
2342.0,458
2343.0,458
2344.0,458
2345.0,458
2346.0,458
2347.0,458
2348.0,458
2349.0,458
2350.0,458
2351.0,458
2352.0,458
2353.0,458
2354.0,459
2355.0,460
2356.0,460
2357.0,460
2358.0,461
2359.0,461
2360.0,462
2361.0,463
2362.0,463
2363.0,463
2364.0,463
2365.0,463
2366.0,463
2367.0,463
2368.0,463
2369.0,463
2370.0,464
2371.0,464
2372.0,464
2373.0,465
2374.0,465
2375.0,466
2376.0,466
2377.0,466
2378.0,466
2379.0,466
2380.0,466
2381.0,466
2382.0,466
2383.0,467
2384.0,467
2385.0,468
2386.0,468
2387.0,468
2388.0,468
2389.0,468
2390.0,468
2391.0,468
2392.0,468
2393.0,469
2394.0,470
2395.0,470
2396.0,470
2397.0,470
2398.0,470
2399.0,470
2400.0,471
2401.0,471
2402.0,471
2403.0,471
2404.0,472
2405.0,472
2406.0,472
2407.0,473
2408.0,474
2409.0,474
2410.0,474
2411.0,474
2412.0,474
2413.0,474
2414.0,474
2415.0,475
2416.0,476
2417.0,477
2418.0,477
2419.0,478
2420.0,479
2421.0,480
2422.0,480
2423.0,480
2424.0,480
2425.0,481
2426.0,481
2427.0,481
2428.0,481
2429.0,481
2430.0,481
2431.0,481
2432.0,481
2433.0,482
2434.0,483
2435.0,484
2436.0,485
2437.0,485
2438.0,485
2439.0,486
2440.0,487
2441.0,487
2442.0,487
2443.0,487
2444.0,488
2445.0,489
2446.0,490
2447.0,490
2448.0,491
2449.0,491
2450.0,491
2451.0,491
2452.0,491
2453.0,492
2454.0,492
2455.0,492
2456.0,492
2457.0,492
2458.0,492
2459.0,493
2460.0,493
2461.0,493
2462.0,493
2463.0,493
2464.0,494
2465.0,494
2466.0,494
2467.0,495
2468.0,495
2469.0,496
2470.0,497
2471.0,498
2472.0,498
2473.0,498
2474.0,499
2475.0,500
2476.0,500
2477.0,500
2478.0,500
2479.0,500
2480.0,501
2481.0,502
2482.0,502
2483.0,502
2484.0,503
2485.0,503
2486.0,503
2487.0,503
2488.0,504
2489.0,504
2490.0,504
2491.0,504
2492.0,504
2493.0,505
2494.0,506
2495.0,506
2496.0,506
2497.0,507
2498.0,507
2499.0,508
2500.0,509
2501.0,509
2502.0,509
2503.0,510
2504.0,511
2505.0,512
2506.0,513
2507.0,514
2508.0,515
2509.0,516
2510.0,517
2511.0,517
2512.0,517
2513.0,517
2514.0,517
2515.0,517
2516.0,517
2517.0,517
2518.0,517
2519.0,517
2520.0,517
2521.0,518
2522.0,519
2523.0,519
2524.0,520
2525.0,521
2526.0,522
2527.0,523
2528.0,524
2529.0,525
2530.0,526
2531.0,527
2532.0,527
2533.0,527
2534.0,527
2535.0,528
2536.0,529
2537.0,529
2538.0,529
2539.0,529
2540.0,530
2541.0,531
2542.0,532
2543.0,532
2544.0,533
2545.0,533
2546.0,534
2547.0,534
2548.0,534
2549.0,534
2550.0,535
2551.0,535
2552.0,535
2553.0,536
2554.0,536
2555.0,536
2556.0,536
2557.0,536
2558.0,536
2559.0,536
2560.0,537
2561.0,537
2562.0,537
2563.0,537
2564.0,537
2565.0,537
2566.0,538
2567.0,538
2568.0,539
2569.0,540
2570.0,540
2571.0,540
2572.0,541
2573.0,542
2574.0,542
2575.0,543
2576.0,544
2577.0,544
2578.0,545
2579.0,545
2580.0,545
2581.0,545
2582.0,546
2583.0,547
2584.0,548
2585.0,548
2586.0,548
2587.0,548
2588.0,548
2589.0,549
2590.0,550
2591.0,551
2592.0,551
2593.0,551
2594.0,551
2595.0,551
2596.0,552
2597.0,552
2598.0,552
2599.0,552
2600.0,552
2601.0,552
2602.0,552
2603.0,553
2604.0,553
2605.0,554
2606.0,555
2607.0,555
2608.0,556
2609.0,556
2610.0,557
2611.0,557
2612.0,557
2613.0,557
2614.0,557
2615.0,557
2616.0,557
2617.0,557
2618.0,557
2619.0,557
2620.0,557
2621.0,557
2622.0,557
2623.0,557
2624.0,557
2625.0,557
2626.0,557
2627.0,557
2628.0,557
2629.0,557
2630.0,557
2631.0,557
2632.0,557
2633.0,557
2634.0,557
2635.0,557
2636.0,557
2637.0,557
2638.0,557
2639.0,557
2640.0,557
2641.0,557
2642.0,557
2643.0,557
2644.0,558
2645.0,559
2646.0,559
2647.0,560
2648.0,560
2649.0,560
2650.0,560
2651.0,560
2652.0,560
2653.0,561
2654.0,561
2655.0,561
2656.0,561
2657.0,562
2658.0,563
2659.0,563
2660.0,564
2661.0,564
2662.0,565
2663.0,566
2664.0,566
2665.0,566
2666.0,567
2667.0,568
2668.0,569
2669.0,570
2670.0,571
2671.0,572
2672.0,573
2673.0,574
2674.0,575
2675.0,575
2676.0,575
2677.0,576
2678.0,576
2679.0,577
2680.0,578
2681.0,579
2682.0,580
2683.0,580
2684.0,580
2685.0,580
2686.0,581
2687.0,582
2688.0,582
2689.0,582
2690.0,582
2691.0,583
2692.0,583
2693.0,583
2694.0,583
2695.0,584
2696.0,584
2697.0,584
2698.0,585
2699.0,586
2700.0,586
2701.0,586
2702.0,586
2703.0,586
2704.0,587
2705.0,588
2706.0,588
2707.0,588
2708.0,588
2709.0,589
2710.0,589
2711.0,589
2712.0,589
2713.0,589
2714.0,589
2715.0,589
2716.0,589
2717.0,589
2718.0,589
2719.0,589
2720.0,590
2721.0,590
2722.0,590
2723.0,590
2724.0,590
2725.0,590
2726.0,590
2727.0,590
2728.0,590
2729.0,590
2730.0,590
2731.0,590
2732.0,591
2733.0,592
2734.0,592
2735.0,592
2736.0,592
2737.0,592
2738.0,592
2739.0,592
2740.0,592
2741.0,593
2742.0,593
2743.0,593
2744.0,594
2745.0,595
2746.0,595
2747.0,595
2748.0,595
2749.0,595
2750.0,595
2751.0,595
2752.0,595
2753.0,595
2754.0,595
2755.0,596
2756.0,597
2757.0,597
2758.0,597
2759.0,597
2760.0,597
2761.0,597
2762.0,597
2763.0,597
2764.0,597
2765.0,597
2766.0,598
2767.0,599
2768.0,600
2769.0,601
2770.0,602
2771.0,602
2772.0,602
2773.0,602
2774.0,603
2775.0,603
2776.0,603
2777.0,603
2778.0,603
2779.0,603
2780.0,603
2781.0,603
2782.0,603
2783.0,603
2784.0,603
2785.0,603
2786.0,603
2787.0,603
2788.0,603
2789.0,603
2790.0,603
2791.0,603
2792.0,603
2793.0,603
2794.0,603
2795.0,603
2796.0,604
2797.0,604
2798.0,604
2799.0,604
2800.0,604
2801.0,604
2802.0,604
2803.0,604
2804.0,604
2805.0,604
2806.0,604
2807.0,604
2808.0,604
2809.0,604
2810.0,604
2811.0,604
2812.0,604
2813.0,604
2814.0,604
2815.0,604
2816.0,604
2817.0,604
2818.0,604
2819.0,604
2820.0,604
2821.0,604
2822.0,604
2823.0,604
2824.0,604
2825.0,604
2826.0,604
2827.0,604
2828.0,604
2829.0,604
2830.0,604
2831.0,604
2832.0,604
2833.0,604
2834.0,604
2835.0,604
2836.0,604
2837.0,604
2838.0,605
2839.0,605
2840.0,606
2841.0,606
2842.0,607
2843.0,607
2844.0,608
2845.0,608
2846.0,609
2847.0,609
2848.0,610
2849.0,611
2850.0,611
2851.0,611
2852.0,612
2853.0,612
2854.0,613
2855.0,613
2856.0,614
2857.0,614
2858.0,614
2859.0,614
2860.0,615
2861.0,615
2862.0,615
2863.0,615
2864.0,616
2865.0,616
2866.0,616
2867.0,616
2868.0,616
2869.0,616
2870.0,616
2871.0,616
2872.0,616
2873.0,617
2874.0,617
2875.0,617
2876.0,617
2877.0,617
2878.0,617
2879.0,617
2880.0,617
2881.0,617
2882.0,618
2883.0,618
2884.0,619
2885.0,619
2886.0,619
2887.0,620
2888.0,621
2889.0,622
2890.0,622
2891.0,623
2892.0,623
2893.0,623
2894.0,623
2895.0,623
2896.0,623
2897.0,624
2898.0,625
2899.0,626
2900.0,627
2901.0,628
2902.0,628
2903.0,629
2904.0,630
2905.0,630
2906.0,631
2907.0,631
2908.0,632
2909.0,633
2910.0,633
2911.0,633
2912.0,633
2913.0,633
2914.0,633
2915.0,633
2916.0,634
2917.0,635
2918.0,635
2919.0,635
2920.0,635
2921.0,635
2922.0,635
2923.0,635
2924.0,635
2925.0,635
2926.0,636
2927.0,636
2928.0,636
2929.0,637
2930.0,638
2931.0,639
2932.0,640
2933.0,641
2934.0,641
2935.0,642
2936.0,642
2937.0,643
2938.0,644
2939.0,644
2940.0,644
2941.0,644
2942.0,645
2943.0,645
2944.0,645
2945.0,646
2946.0,646
2947.0,647
2948.0,648
2949.0,648
2950.0,648
2951.0,648
2952.0,648
2953.0,648
2954.0,649
2955.0,649
2956.0,649
2957.0,649
2958.0,649
2959.0,649
2960.0,650
2961.0,650
2962.0,650
2963.0,650
2964.0,650
2965.0,651
2966.0,651
2967.0,651
2968.0,651
2969.0,651
2970.0,651
2971.0,651
2972.0,651
2973.0,651
2974.0,651
2975.0,651
2976.0,651
2977.0,651
2978.0,651
2979.0,651
2980.0,651
2981.0,651
2982.0,651
2983.0,651
2984.0,651
2985.0,652
2986.0,653
2987.0,653
2988.0,654
2989.0,654
2990.0,655
2991.0,655
2992.0,655
2993.0,655
2994.0,655
2995.0,655
2996.0,656
2997.0,657
2998.0,657
2999.0,658
3000.0,659
3001.0,660
3002.0,661
3003.0,661
3004.0,662
3005.0,662
3006.0,662
3007.0,663
3008.0,663
3009.0,663
3010.0,663
3011.0,663
3012.0,663
3013.0,663
3014.0,663
3015.0,663
3016.0,663
3017.0,663
3018.0,663
3019.0,663
3020.0,663
3021.0,663
3022.0,663
3023.0,663
3024.0,663
3025.0,663
3026.0,663
3027.0,663
3028.0,663
3029.0,663
3030.0,663
3031.0,663
3032.0,663
3033.0,663
3034.0,663
3035.0,663
3036.0,663
3037.0,663
3038.0,663
3039.0,663
3040.0,663
3041.0,663
3042.0,663
3043.0,663
3044.0,663
3045.0,663
3046.0,663
3047.0,663
3048.0,663
3049.0,663
3050.0,663
3051.0,663
3052.0,663
3053.0,663
3054.0,663
3055.0,664
3056.0,664
3057.0,664
3058.0,665
3059.0,665
3060.0,666
3061.0,666
3062.0,667
3063.0,667
3064.0,668
3065.0,669
3066.0,669
3067.0,669
3068.0,669
3069.0,669
3070.0,669
3071.0,669
3072.0,670
3073.0,670
3074.0,671
3075.0,671
3076.0,672
3077.0,672
3078.0,673
3079.0,673
3080.0,673
3081.0,673
3082.0,673
3083.0,674
3084.0,674
3085.0,674
3086.0,674
3087.0,674
3088.0,674
3089.0,674
3090.0,674
3091.0,674
3092.0,674
3093.0,674
3094.0,674
3095.0,674
3096.0,674
3097.0,674
3098.0,675
3099.0,675
3100.0,676
3101.0,677
3102.0,678
3103.0,678
3104.0,679
3105.0,679
3106.0,680
3107.0,681
3108.0,681
3109.0,682
3110.0,682
3111.0,683
3112.0,683
3113.0,683
3114.0,683
3115.0,683
3116.0,684
3117.0,685
3118.0,685
3119.0,686
3120.0,686
3121.0,687
3122.0,688
3123.0,689
3124.0,690
3125.0,691
3126.0,692
3127.0,692
3128.0,693
3129.0,694
3130.0,694
3131.0,694
3132.0,694
3133.0,694
3134.0,694
3135.0,694
3136.0,695
3137.0,695
3138.0,695
3139.0,695
3140.0,695
3141.0,695
3142.0,695
3143.0,695
3144.0,695
3145.0,695
3146.0,695
3147.0,695
3148.0,695
3149.0,695
3150.0,695
3151.0,695
3152.0,695
3153.0,695
3154.0,695
3155.0,696
3156.0,697
3157.0,697
3158.0,697
3159.0,697
3160.0,697
3161.0,697
3162.0,697
3163.0,698
3164.0,699
3165.0,699
3166.0,700
3167.0,700
3168.0,701
3169.0,701
3170.0,701
3171.0,702
3172.0,702
3173.0,702
3174.0,702
3175.0,702
3176.0,702
3177.0,702
3178.0,702
3179.0,703
3180.0,703
3181.0,703
3182.0,703
3183.0,703
3184.0,703
3185.0,703
3186.0,703
3187.0,703
3188.0,703
3189.0,703
3190.0,703
3191.0,703
3192.0,703
3193.0,703
3194.0,703
3195.0,703
3196.0,703
3197.0,703
3198.0,703
3199.0,703
3200.0,703
3201.0,703
3202.0,704
3203.0,704
3204.0,705
3205.0,705
3206.0,705
3207.0,705
3208.0,705
3209.0,705
3210.0,705
3211.0,705
3212.0,705
3213.0,705
3214.0,705
3215.0,705
3216.0,705
3217.0,705
3218.0,705
3219.0,705
3220.0,705
3221.0,705
3222.0,705
3223.0,705
3224.0,705
3225.0,706
3226.0,706
3227.0,706
3228.0,706
3229.0,707
3230.0,707
3231.0,707
3232.0,708
3233.0,708
3234.0,708
3235.0,708
3236.0,708
3237.0,708
3238.0,709
3239.0,709
3240.0,709
3241.0,709
3242.0,709
3243.0,709
3244.0,709
3245.0,709
3246.0,709
3247.0,709
3248.0,709
3249.0,709
3250.0,709
3251.0,709
3252.0,709
3253.0,709
3254.0,709
3255.0,709
3256.0,709
3257.0,709
3258.0,709
3259.0,709
3260.0,709
3261.0,709
3262.0,709
3263.0,709
3264.0,710
3265.0,711
3266.0,712
3267.0,712
3268.0,713
3269.0,713
3270.0,714
3271.0,715
3272.0,715
3273.0,715
3274.0,716
3275.0,717
3276.0,717
3277.0,717
3278.0,718
3279.0,718
3280.0,718
3281.0,718
3282.0,718
3283.0,718
3284.0,718
3285.0,718
3286.0,718
3287.0,719
3288.0,719
3289.0,720
3290.0,721
3291.0,721
3292.0,721
3293.0,721
3294.0,721
3295.0,722
3296.0,723
3297.0,724
3298.0,724
3299.0,725
3300.0,725
3301.0,725
3302.0,726
3303.0,726
3304.0,726
3305.0,726
3306.0,726
3307.0,727
3308.0,727
3309.0,727
3310.0,727
3311.0,727
3312.0,728
3313.0,728
3314.0,728
3315.0,728
3316.0,728
3317.0,728
3318.0,728
3319.0,728
3320.0,728
3321.0,728
3322.0,728
3323.0,728
3324.0,728
3325.0,728
3326.0,728
3327.0,728
3328.0,728
3329.0,729
3330.0,730
3331.0,731
3332.0,731
3333.0,731
3334.0,731
3335.0,731
3336.0,732
3337.0,733
3338.0,733
3339.0,733
3340.0,733
3341.0,733
3342.0,733
3343.0,733
3344.0,733
3345.0,733
3346.0,733
3347.0,733
3348.0,733
3349.0,733
3350.0,733
3351.0,733
3352.0,733
3353.0,733
3354.0,733
3355.0,733
3356.0,733
3357.0,733
3358.0,733
3359.0,733
3360.0,733
3361.0,733
3362.0,733
3363.0,733
3364.0,733
3365.0,733
3366.0,733
3367.0,733
3368.0,733
3369.0,733
3370.0,733
3371.0,733
3372.0,733
3373.0,733
3374.0,733
3375.0,733
3376.0,733
3377.0,733
3378.0,733
3379.0,733
3380.0,733
3381.0,733
3382.0,733
3383.0,733
3384.0,733
3385.0,733
3386.0,733
3387.0,733
3388.0,733
3389.0,733
3390.0,733
3391.0,733
3392.0,733
3393.0,733
3394.0,733
3395.0,733
3396.0,733
3397.0,733
3398.0,733
3399.0,733
3400.0,733
3401.0,733
3402.0,733
3403.0,733
3404.0,733
3405.0,733
3406.0,733
3407.0,733
3408.0,733
3409.0,733
3410.0,733
3411.0,733
3412.0,733
3413.0,733
3414.0,733
3415.0,733
3416.0,733
3417.0,733
3418.0,733
3419.0,733
3420.0,733
3421.0,733
3422.0,733
3423.0,733
3424.0,733
3425.0,733
3426.0,733
3427.0,733
3428.0,733
3429.0,733
3430.0,733
3431.0,733
3432.0,733
3433.0,733
3434.0,733
3435.0,733
3436.0,733
3437.0,733
3438.0,733
3439.0,733
3440.0,733
3441.0,733
3442.0,733
3443.0,733
3444.0,733
3445.0,733
3446.0,733
3447.0,733
3448.0,733
3449.0,733
3450.0,733
3451.0,733
3452.0,733
3453.0,733
3454.0,733
3455.0,733
3456.0,733
3457.0,733
3458.0,733
3459.0,733
3460.0,733
3461.0,733
3462.0,733
3463.0,733
3464.0,733
3465.0,733
3466.0,734
3467.0,735
3468.0,735
3469.0,735
3470.0,736
3471.0,737
3472.0,737
3473.0,737
3474.0,737
3475.0,738
3476.0,739
3477.0,739
3478.0,739
3479.0,739
3480.0,739
3481.0,739
3482.0,739
3483.0,739
3484.0,739
3485.0,739
3486.0,739
3487.0,739
3488.0,739
3489.0,739
3490.0,739
3491.0,739
3492.0,739
3493.0,739
3494.0,739
3495.0,739
3496.0,740
3497.0,741
3498.0,741
3499.0,741
3500.0,741
3501.0,741
3502.0,741
3503.0,741
3504.0,741
3505.0,741
3506.0,741
3507.0,741
3508.0,741
3509.0,741
3510.0,741
3511.0,741
3512.0,741
3513.0,741
3514.0,741
3515.0,741
3516.0,742
3517.0,742
3518.0,743
3519.0,743
3520.0,743
3521.0,743
3522.0,744
3523.0,745
3524.0,745
3525.0,746
3526.0,746
3527.0,746
3528.0,746
3529.0,746
3530.0,746
3531.0,746
3532.0,747
3533.0,748
3534.0,748
3535.0,748
3536.0,748
3537.0,748
3538.0,748
3539.0,748
3540.0,749
3541.0,749
3542.0,749
3543.0,749
3544.0,749
3545.0,749
3546.0,749
3547.0,749
3548.0,749
3549.0,749
3550.0,749
3551.0,749
3552.0,749
3553.0,749
3554.0,749
3555.0,749
3556.0,750
3557.0,750
3558.0,750
3559.0,750
3560.0,751
3561.0,752
3562.0,752
3563.0,752
3564.0,753
3565.0,753
3566.0,754
3567.0,754
3568.0,755
3569.0,755
3570.0,755
3571.0,755
3572.0,756
3573.0,757
3574.0,758
3575.0,758
3576.0,758
3577.0,758
3578.0,758
3579.0,758
3580.0,758
3581.0,758
3582.0,758
3583.0,758
3584.0,758
3585.0,758
3586.0,758
3587.0,759
3588.0,759
3589.0,759
3590.0,759
3591.0,760
3592.0,760
3593.0,761
3594.0,761
3595.0,761
3596.0,761
3597.0,761
3598.0,761
3599.0,761
3600.0,761
3601.0,761
3602.0,761
3603.0,761
3604.0,761
3605.0,761
3606.0,761
3607.0,761
3608.0,761
3609.0,761
3610.0,761
3611.0,761
3612.0,761
3613.0,761
3614.0,761
3615.0,761
3616.0,761
3617.0,761
3618.0,761
3619.0,761
3620.0,761
3621.0,761
3622.0,761
3623.0,761
3624.0,761
3625.0,761
3626.0,761
3627.0,761
3628.0,761
3629.0,761
3630.0,761
3631.0,761
3632.0,761
3633.0,761
3634.0,761
3635.0,761
3636.0,761
3637.0,761
3638.0,761
3639.0,761
3640.0,761
3641.0,761
3642.0,762
3643.0,762
3644.0,762
3645.0,763
3646.0,764
3647.0,765
3648.0,766
3649.0,766
3650.0,766
3651.0,766
3652.0,767
3653.0,768
3654.0,768
3655.0,768
3656.0,768
3657.0,768
3658.0,768
3659.0,768
3660.0,768
3661.0,768
3662.0,768
3663.0,768
3664.0,768
3665.0,768
3666.0,768
3667.0,768
3668.0,768
3669.0,768
3670.0,768
3671.0,768
3672.0,768
3673.0,768
3674.0,768
3675.0,768
3676.0,768
3677.0,768
3678.0,768
3679.0,769
3680.0,769
3681.0,770
3682.0,770
3683.0,771
3684.0,772
3685.0,773
3686.0,773
3687.0,773
3688.0,774
3689.0,774
3690.0,775
3691.0,775
3692.0,775
3693.0,775
3694.0,776
3695.0,776
3696.0,776
3697.0,776
3698.0,776
3699.0,777
3700.0,777
3701.0,777
3702.0,778
3703.0,778
3704.0,778
3705.0,778
3706.0,778
3707.0,778
3708.0,778
3709.0,778
3710.0,778
3711.0,778
3712.0,778
3713.0,778
3714.0,778
3715.0,778
3716.0,778
3717.0,778
3718.0,778
3719.0,778
3720.0,778
3721.0,778
3722.0,778
3723.0,778
3724.0,778
3725.0,778
3726.0,778
3727.0,778
3728.0,779
3729.0,779
3730.0,779
3731.0,780
3732.0,780
3733.0,780
3734.0,780
3735.0,780
3736.0,780
3737.0,781
3738.0,781
3739.0,781
3740.0,781
3741.0,781
3742.0,782
3743.0,782
3744.0,782
3745.0,783
3746.0,783
3747.0,784
3748.0,785
3749.0,785
3750.0,786
3751.0,787
3752.0,787
3753.0,787
3754.0,787
3755.0,787
3756.0,787
3757.0,788
3758.0,789
3759.0,789
3760.0,789
3761.0,789
3762.0,789
3763.0,789
3764.0,789
3765.0,789
3766.0,789
3767.0,789
3768.0,789
3769.0,789
3770.0,789
3771.0,789
3772.0,789
3773.0,789
3774.0,789
3775.0,789
3776.0,789
3777.0,789
3778.0,789
3779.0,789
3780.0,789
3781.0,789
3782.0,789
3783.0,789
3784.0,790
3785.0,791
3786.0,791
3787.0,792
3788.0,792
3789.0,792
3790.0,793
3791.0,794
3792.0,795
3793.0,796
3794.0,796
3795.0,796
3796.0,797
3797.0,798
3798.0,798
3799.0,798
3800.0,798
3801.0,798
3802.0,798
3803.0,798
3804.0,798
3805.0,798
3806.0,798
3807.0,798
3808.0,798
3809.0,798
3810.0,798
3811.0,798
3812.0,798
3813.0,798
3814.0,798
3815.0,798
3816.0,798
3817.0,798
3818.0,798
3819.0,798
3820.0,798
3821.0,798
3822.0,798
3823.0,799
3824.0,799
3825.0,799
3826.0,799
3827.0,799
3828.0,799
3829.0,799
3830.0,799
3831.0,800
3832.0,800
3833.0,800
3834.0,800
3835.0,800
3836.0,800
3837.0,800
3838.0,800
3839.0,800
3840.0,800
3841.0,800
3842.0,800
3843.0,800
3844.0,800
3845.0,801
3846.0,801
3847.0,801
3848.0,801
3849.0,801
3850.0,801
3851.0,801
3852.0,801
3853.0,801
3854.0,801
3855.0,801
3856.0,801
3857.0,801
3858.0,802
3859.0,803
3860.0,803
3861.0,803
3862.0,803
3863.0,803
3864.0,803
3865.0,803
3866.0,804
3867.0,805
3868.0,805
3869.0,806
3870.0,806
3871.0,807
3872.0,807
3873.0,807
3874.0,807
3875.0,807
3876.0,807
3877.0,807
3878.0,807
3879.0,808
3880.0,809
3881.0,810
3882.0,810
3883.0,810
3884.0,811
3885.0,812
3886.0,812
3887.0,813
3888.0,813
3889.0,813
3890.0,814
3891.0,814
3892.0,815
3893.0,816
3894.0,816
3895.0,817
3896.0,818
3897.0,818
3898.0,818
3899.0,818
3900.0,818
3901.0,818
3902.0,818
3903.0,818
3904.0,818
3905.0,818
3906.0,818
3907.0,818
3908.0,819
3909.0,819
3910.0,820
3911.0,821
3912.0,821
3913.0,821
3914.0,822
3915.0,823
3916.0,823
3917.0,824
3918.0,825
3919.0,826
3920.0,827
3921.0,828
3922.0,828
3923.0,828
3924.0,829
3925.0,830
3926.0,830
3927.0,830
3928.0,831
3929.0,831
3930.0,832
3931.0,832
3932.0,832
3933.0,833
3934.0,833
3935.0,833
3936.0,833
3937.0,833
3938.0,833
3939.0,833
3940.0,833
3941.0,834
3942.0,834
3943.0,834
3944.0,834
3945.0,835
3946.0,836
3947.0,836
3948.0,837
3949.0,837
3950.0,838
3951.0,839
3952.0,840
3953.0,840
3954.0,840
3955.0,840
3956.0,841
3957.0,842
3958.0,842
3959.0,842
3960.0,843
3961.0,843
3962.0,843
3963.0,843
3964.0,844
3965.0,845
3966.0,846
3967.0,847
3968.0,847
3969.0,847
3970.0,848
3971.0,848
3972.0,849
3973.0,850
3974.0,851
3975.0,851
3976.0,851
3977.0,851
3978.0,851
3979.0,851
3980.0,851
3981.0,851
3982.0,851
3983.0,852
3984.0,853
3985.0,854
3986.0,855
3987.0,856
3988.0,857
3989.0,857
3990.0,858
3991.0,859
3992.0,860
3993.0,861
3994.0,862
3995.0,863
3996.0,863
3997.0,863
3998.0,864
3999.0,865
4000.0,866
4001.0,867
4002.0,867
4003.0,867
4004.0,867
4005.0,867
4006.0,867
4007.0,867
4008.0,868
4009.0,869
4010.0,869
4011.0,869
4012.0,869
4013.0,869
4014.0,869
4015.0,869
4016.0,869
4017.0,869
4018.0,869
4019.0,869
4020.0,869
4021.0,869
4022.0,869
4023.0,869
4024.0,869
4025.0,870
4026.0,871
4027.0,871
4028.0,871
4029.0,871
4030.0,871
4031.0,872
4032.0,873
4033.0,874
4034.0,874
4035.0,874
4036.0,875
4037.0,875
4038.0,875
4039.0,875
4040.0,875
4041.0,875
4042.0,876
4043.0,877
4044.0,877
4045.0,877
4046.0,877
4047.0,877
4048.0,877
4049.0,878
4050.0,878
4051.0,879
4052.0,880
4053.0,881
4054.0,882
4055.0,883
4056.0,884
4057.0,885
4058.0,885
4059.0,886
4060.0,887
4061.0,888
4062.0,889
4063.0,889
4064.0,889
4065.0,889
4066.0,889
4067.0,889
4068.0,889
4069.0,889
4070.0,889
4071.0,889
4072.0,890
4073.0,890
4074.0,890
4075.0,891
4076.0,892
4077.0,893
4078.0,893
4079.0,894
4080.0,895
4081.0,895
4082.0,896
4083.0,897
4084.0,898
4085.0,898
4086.0,898
4087.0,899
4088.0,900
4089.0,901
4090.0,901
4091.0,901
4092.0,901
4093.0,902
4094.0,902
4095.0,902
4096.0,902
4097.0,902
4098.0,902
4099.0,902
4100.0,903
4101.0,903
4102.0,903
4103.0,903
4104.0,903
4105.0,903
4106.0,903
4107.0,903
4108.0,904
4109.0,904
4110.0,904
4111.0,904
4112.0,904
4113.0,904
4114.0,904
4115.0,904
4116.0,904
4117.0,904
4118.0,904
4119.0,904
4120.0,904
4121.0,904
4122.0,904
4123.0,904
4124.0,904
4125.0,904
4126.0,904
4127.0,904
4128.0,904
4129.0,904
4130.0,904
4131.0,904
4132.0,904
4133.0,904
4134.0,904
4135.0,904
4136.0,904
4137.0,905
4138.0,905
4139.0,905
4140.0,905
4141.0,905
4142.0,905
4143.0,905
4144.0,906
4145.0,907
4146.0,907
4147.0,907
4148.0,907
4149.0,907
4150.0,907
4151.0,907
4152.0,907
4153.0,908
4154.0,908
4155.0,908
4156.0,909
4157.0,909
4158.0,909
4159.0,909
4160.0,909
4161.0,909
4162.0,909
4163.0,910
4164.0,911
4165.0,911
4166.0,912
4167.0,912
4168.0,913
4169.0,913
4170.0,914
4171.0,915
4172.0,916
4173.0,917
4174.0,917
4175.0,917
4176.0,917
4177.0,917
4178.0,917
4179.0,918
4180.0,919
4181.0,920
4182.0,921
4183.0,922
4184.0,923
4185.0,924
4186.0,925
4187.0,925
4188.0,926
4189.0,926
4190.0,927
4191.0,928
4192.0,929
4193.0,930
4194.0,930
4195.0,930
4196.0,931
4197.0,931
4198.0,931
4199.0,931
4200.0,931
4201.0,931
4202.0,932
4203.0,932
4204.0,932
4205.0,933
4206.0,934
4207.0,935
4208.0,936
4209.0,937
4210.0,938
4211.0,939
4212.0,940
4213.0,941
4214.0,942
4215.0,942
4216.0,943
4217.0,944
4218.0,945
4219.0,946
4220.0,946
4221.0,947
4222.0,948
4223.0,948
4224.0,949
4225.0,950
4226.0,950
4227.0,951
4228.0,952
4229.0,953
4230.0,953
4231.0,954
4232.0,954
4233.0,955
4234.0,955
4235.0,956
4236.0,957
4237.0,958
4238.0,958
4239.0,958
4240.0,959
4241.0,960
4242.0,961
4243.0,961
4244.0,962
4245.0,963
4246.0,963
4247.0,964
4248.0,965
4249.0,965
4250.0,965
4251.0,965
4252.0,966
4253.0,967
4254.0,967
4255.0,968
4256.0,968
4257.0,969
4258.0,969
4259.0,970
4260.0,971
4261.0,972
4262.0,972
4263.0,973
4264.0,974
4265.0,974
4266.0,975
4267.0,975
4268.0,976
4269.0,976
4270.0,977
4271.0,978
4272.0,978
4273.0,979
4274.0,980
4275.0,981
4276.0,982
4277.0,982
4278.0,982
4279.0,983
4280.0,984
4281.0,984
4282.0,984
4283.0,985
4284.0,986
4285.0,986
4286.0,987
4287.0,987
4288.0,987
4289.0,987
4290.0,987
4291.0,987
4292.0,987
4293.0,987
4294.0,987
4295.0,987
4296.0,988
4297.0,989
4298.0,990
4299.0,990
4300.0,991
4301.0,992
4302.0,992
4303.0,992
4304.0,993
4305.0,994
4306.0,994
4307.0,995
4308.0,996
4309.0,997
4310.0,998
4311.0,998
4312.0,999
4313.0,1000
4314.0,1001
4315.0,1002
4316.0,1003
4317.0,1004
4318.0,1005
4319.0,1006
4320.0,1007
4321.0,1008
4322.0,1008
4323.0,1009
4324.0,1009
4325.0,1009
4326.0,1010
4327.0,1011
4328.0,1011
4329.0,1012
4330.0,1012
4331.0,1013
4332.0,1013
4333.0,1013
4334.0,1013
4335.0,1013
4336.0,1014
4337.0,1015
4338.0,1015
4339.0,1016
4340.0,1016
4341.0,1017
4342.0,1017
4343.0,1018
4344.0,1018
4345.0,1019
4346.0,1020
4347.0,1021
4348.0,1022
4349.0,1022
4350.0,1022
4351.0,1023
4352.0,1023
4353.0,1024
4354.0,1025
4355.0,1026
4356.0,1027
4357.0,1028
4358.0,1029
4359.0,1030
4360.0,1030
4361.0,1031
4362.0,1032
4363.0,1032
4364.0,1032
4365.0,1032
4366.0,1032
4367.0,1032
4368.0,1032
4369.0,1032
4370.0,1033
4371.0,1034
4372.0,1034
4373.0,1034
4374.0,1034
4375.0,1035
4376.0,1035
4377.0,1036
4378.0,1037
4379.0,1037
4380.0,1037
4381.0,1037
4382.0,1037
4383.0,1037
4384.0,1037
4385.0,1037
4386.0,1037
4387.0,1037
4388.0,1037
4389.0,1037
4390.0,1037
4391.0,1037
4392.0,1037
4393.0,1037
4394.0,1037
4395.0,1037
4396.0,1037
4397.0,1038
4398.0,1038
4399.0,1038
4400.0,1038
4401.0,1038
4402.0,1038
4403.0,1038
4404.0,1038
4405.0,1038
4406.0,1038
4407.0,1038
4408.0,1038
4409.0,1038
4410.0,1038
4411.0,1038
4412.0,1038
4413.0,1038
4414.0,1038
4415.0,1038
4416.0,1038
4417.0,1038
4418.0,1038
4419.0,1038
4420.0,1038
4421.0,1038
4422.0,1039
4423.0,1040
4424.0,1041
4425.0,1042
4426.0,1042
4427.0,1042
4428.0,1043
4429.0,1043
4430.0,1043
4431.0,1043
4432.0,1043
4433.0,1044
4434.0,1044
4435.0,1044
4436.0,1044
4437.0,1045
4438.0,1045
4439.0,1045
4440.0,1045
4441.0,1045
4442.0,1045
4443.0,1045
4444.0,1045
4445.0,1045
4446.0,1045
4447.0,1046
4448.0,1046
4449.0,1047
4450.0,1047
4451.0,1047
4452.0,1047
4453.0,1048
4454.0,1048
4455.0,1049
4456.0,1050
4457.0,1051
4458.0,1052
4459.0,1052
4460.0,1053
4461.0,1054
4462.0,1055
4463.0,1055
4464.0,1055
4465.0,1055
4466.0,1056
4467.0,1056
4468.0,1056
4469.0,1056
4470.0,1056
4471.0,1056
4472.0,1056
4473.0,1057
4474.0,1058
4475.0,1058
4476.0,1059
4477.0,1059
4478.0,1059
4479.0,1059
4480.0,1060
4481.0,1060
4482.0,1061
4483.0,1061
4484.0,1061
4485.0,1061
4486.0,1061
4487.0,1061
4488.0,1061
4489.0,1062
4490.0,1062
4491.0,1062
4492.0,1062
4493.0,1062
4494.0,1063
4495.0,1064
4496.0,1065
4497.0,1065
4498.0,1065
4499.0,1066
4500.0,1066
4501.0,1066
4502.0,1067
4503.0,1068
4504.0,1068
4505.0,1069
4506.0,1070
4507.0,1071
4508.0,1072
4509.0,1073
4510.0,1073
4511.0,1074
4512.0,1075
4513.0,1075
4514.0,1076
4515.0,1076
4516.0,1076
4517.0,1076
4518.0,1076
4519.0,1076
4520.0,1076
4521.0,1077
4522.0,1077
4523.0,1077
4524.0,1077
4525.0,1078
4526.0,1079
4527.0,1080
4528.0,1081
4529.0,1082
4530.0,1082
4531.0,1083
4532.0,1084
4533.0,1084
4534.0,1085
4535.0,1085
4536.0,1085
4537.0,1086
4538.0,1087
4539.0,1088
4540.0,1088
4541.0,1088
4542.0,1089
4543.0,1090
4544.0,1091
4545.0,1091
4546.0,1091
4547.0,1091
4548.0,1091
4549.0,1091
4550.0,1091
4551.0,1091
4552.0,1091
4553.0,1091
4554.0,1091
4555.0,1091
4556.0,1091
4557.0,1091
4558.0,1091
4559.0,1092
4560.0,1092
4561.0,1093
4562.0,1093
4563.0,1093
4564.0,1093
4565.0,1093
4566.0,1093
4567.0,1093
4568.0,1093
4569.0,1093
4570.0,1093
4571.0,1094
4572.0,1094
4573.0,1094
4574.0,1094
4575.0,1094
4576.0,1094
4577.0,1094
4578.0,1094
4579.0,1094
4580.0,1094
4581.0,1094
4582.0,1094
4583.0,1094
4584.0,1094
4585.0,1094
4586.0,1094
4587.0,1094
4588.0,1094
4589.0,1094
4590.0,1094
4591.0,1094
4592.0,1094
4593.0,1094
4594.0,1094
4595.0,1094
4596.0,1094
4597.0,1094
4598.0,1094
4599.0,1094
4600.0,1094
4601.0,1094
4602.0,1094
4603.0,1094
4604.0,1094
4605.0,1094
4606.0,1094
4607.0,1094
4608.0,1094
4609.0,1094
4610.0,1094
4611.0,1094
4612.0,1094
4613.0,1094
4614.0,1094
4615.0,1094
4616.0,1094
4617.0,1094
4618.0,1095
4619.0,1096
4620.0,1096
4621.0,1097
4622.0,1098
4623.0,1099
4624.0,1100
4625.0,1100
4626.0,1101
4627.0,1101
4628.0,1102
4629.0,1102
4630.0,1103
4631.0,1104
4632.0,1104
4633.0,1104
4634.0,1104
4635.0,1104
4636.0,1104
4637.0,1104
4638.0,1104
4639.0,1104
4640.0,1104
4641.0,1104
4642.0,1104
4643.0,1104
4644.0,1104
4645.0,1104
4646.0,1104
4647.0,1104
4648.0,1104
4649.0,1104
4650.0,1105
4651.0,1106
4652.0,1106
4653.0,1107
4654.0,1107
4655.0,1108
4656.0,1109
4657.0,1109
4658.0,1109
4659.0,1109
4660.0,1109
4661.0,1109
4662.0,1109
4663.0,1109
4664.0,1109
4665.0,1109
4666.0,1109
4667.0,1110
4668.0,1111
4669.0,1111
4670.0,1112
4671.0,1112
4672.0,1112
4673.0,1112
4674.0,1112
4675.0,1112
4676.0,1112
4677.0,1113
4678.0,1114
4679.0,1115
4680.0,1116
4681.0,1117
4682.0,1117
4683.0,1118
4684.0,1118
4685.0,1119
4686.0,1120
4687.0,1121
4688.0,1121
4689.0,1121
4690.0,1122
4691.0,1122
4692.0,1122
4693.0,1123
4694.0,1123
4695.0,1123
4696.0,1124
4697.0,1125
4698.0,1126
4699.0,1127
4700.0,1127
4701.0,1127
4702.0,1128
4703.0,1128
4704.0,1129
4705.0,1130
4706.0,1130
4707.0,1131
4708.0,1131
4709.0,1131
4710.0,1131
4711.0,1132
4712.0,1133
4713.0,1133
4714.0,1134
4715.0,1135
4716.0,1136
4717.0,1136
4718.0,1137
4719.0,1138
4720.0,1139
4721.0,1139
4722.0,1139
4723.0,1139
4724.0,1139
4725.0,1139
4726.0,1140
4727.0,1140
4728.0,1140
4729.0,1140
4730.0,1140
4731.0,1140
4732.0,1140
4733.0,1140
4734.0,1140
4735.0,1140
4736.0,1140
4737.0,1140
4738.0,1140
4739.0,1140
4740.0,1140
4741.0,1140
4742.0,1140
4743.0,1140
4744.0,1140
4745.0,1140
4746.0,1140
4747.0,1140
4748.0,1140
4749.0,1140
4750.0,1140
4751.0,1140
4752.0,1140
4753.0,1140
4754.0,1140
4755.0,1140
4756.0,1140
4757.0,1140
4758.0,1140
4759.0,1140
4760.0,1140
4761.0,1140
4762.0,1140
4763.0,1140
4764.0,1140
4765.0,1140
4766.0,1140
4767.0,1140
4768.0,1140
4769.0,1140
4770.0,1140
4771.0,1140
4772.0,1140
4773.0,1140
4774.0,1140
4775.0,1140
4776.0,1140
4777.0,1140
4778.0,1140
4779.0,1140
4780.0,1140
4781.0,1140
4782.0,1140
4783.0,1140
4784.0,1140
4785.0,1141
4786.0,1141
4787.0,1141
4788.0,1141
4789.0,1141
4790.0,1141
4791.0,1141
4792.0,1141
4793.0,1142
4794.0,1142
4795.0,1142
4796.0,1143
4797.0,1144
4798.0,1144
4799.0,1144
4800.0,1144
4801.0,1144
4802.0,1145
4803.0,1146
4804.0,1147
4805.0,1147
4806.0,1147
4807.0,1147
4808.0,1148
4809.0,1148
4810.0,1148
4811.0,1148
4812.0,1148
4813.0,1148
4814.0,1148
4815.0,1148
4816.0,1149
4817.0,1150
4818.0,1150
4819.0,1151
4820.0,1151
4821.0,1152
4822.0,1153
4823.0,1154
4824.0,1155
4825.0,1155
4826.0,1156
4827.0,1157
4828.0,1158
4829.0,1158
4830.0,1159
4831.0,1160
4832.0,1161
4833.0,1162
4834.0,1163
4835.0,1164
4836.0,1164
4837.0,1164
4838.0,1164
4839.0,1164
4840.0,1165
4841.0,1165
4842.0,1165
4843.0,1166
4844.0,1166
4845.0,1166
4846.0,1167
4847.0,1167
4848.0,1168
4849.0,1168
4850.0,1168
4851.0,1168
4852.0,1168
4853.0,1168
4854.0,1168
4855.0,1169
4856.0,1170
4857.0,1171
4858.0,1171
4859.0,1172
4860.0,1172
4861.0,1173
4862.0,1174
4863.0,1175
4864.0,1175
4865.0,1176
4866.0,1176
4867.0,1177
4868.0,1178
4869.0,1179
4870.0,1179
4871.0,1179
4872.0,1180
4873.0,1181
4874.0,1182
4875.0,1182
4876.0,1183
4877.0,1184
4878.0,1184
4879.0,1184
4880.0,1184
4881.0,1184
4882.0,1185
4883.0,1185
4884.0,1186
4885.0,1187
4886.0,1187
4887.0,1187
4888.0,1187
4889.0,1188
4890.0,1188
4891.0,1189
4892.0,1189
4893.0,1190
4894.0,1191
4895.0,1191
4896.0,1191
4897.0,1191
4898.0,1191
4899.0,1192
4900.0,1193
4901.0,1193
4902.0,1193
4903.0,1194
4904.0,1195
4905.0,1196
4906.0,1197
4907.0,1197
4908.0,1197
4909.0,1197
4910.0,1197
4911.0,1198
4912.0,1199
4913.0,1199
4914.0,1199
4915.0,1199
4916.0,1199
4917.0,1199
4918.0,1199
4919.0,1199
4920.0,1200
4921.0,1201
4922.0,1201
4923.0,1201
4924.0,1202
4925.0,1203
4926.0,1204
4927.0,1204
4928.0,1205
4929.0,1205
4930.0,1206
4931.0,1207
4932.0,1208
4933.0,1208
4934.0,1208
4935.0,1208
4936.0,1209
4937.0,1210
4938.0,1211
4939.0,1211
4940.0,1211
4941.0,1211
4942.0,1211
4943.0,1211
4944.0,1211
4945.0,1211
4946.0,1211
4947.0,1212
4948.0,1213
4949.0,1214
4950.0,1214
4951.0,1215
4952.0,1216
4953.0,1216
4954.0,1216
4955.0,1216
4956.0,1216
4957.0,1216
4958.0,1217
4959.0,1217
4960.0,1217
4961.0,1217
4962.0,1217
4963.0,1217
4964.0,1217
4965.0,1217
4966.0,1217
4967.0,1218
4968.0,1218
4969.0,1218
4970.0,1218
4971.0,1218
4972.0,1218
4973.0,1218
4974.0,1218
4975.0,1218
4976.0,1218
4977.0,1218
4978.0,1218
4979.0,1218
4980.0,1218
4981.0,1218
4982.0,1219
4983.0,1219
4984.0,1219
4985.0,1219
4986.0,1219
4987.0,1219
4988.0,1220
4989.0,1221
4990.0,1221
4991.0,1221
4992.0,1221
4993.0,1221
4994.0,1221
4995.0,1221
4996.0,1221
4997.0,1222
4998.0,1222
4999.0,1222
5000.0,1222
5001.0,1222
5002.0,1222
5003.0,1223
5004.0,1223
5005.0,1223
5006.0,1223
5007.0,1224
5008.0,1224
5009.0,1225
5010.0,1226
5011.0,1227
5012.0,1227
5013.0,1227
5014.0,1228
5015.0,1229
5016.0,1230
5017.0,1231
5018.0,1232
5019.0,1233
5020.0,1233
5021.0,1233
5022.0,1233
5023.0,1233
5024.0,1233
5025.0,1233
5026.0,1233
5027.0,1233
5028.0,1233
5029.0,1234
5030.0,1234
5031.0,1235
5032.0,1236
5033.0,1236
5034.0,1236
5035.0,1236
5036.0,1236
5037.0,1237
5038.0,1238
5039.0,1238
5040.0,1239
5041.0,1240
5042.0,1240
5043.0,1240
5044.0,1240
5045.0,1241
5046.0,1241
5047.0,1241
5048.0,1241
5049.0,1241
5050.0,1241
5051.0,1241
5052.0,1241
5053.0,1241
5054.0,1241
5055.0,1241
5056.0,1242
5057.0,1243
5058.0,1244
5059.0,1245
5060.0,1246
5061.0,1246
5062.0,1246
5063.0,1246
5064.0,1246
5065.0,1247
5066.0,1247
5067.0,1247
5068.0,1248
5069.0,1248
5070.0,1248
5071.0,1249
5072.0,1249
5073.0,1250
5074.0,1250
5075.0,1251
5076.0,1251
5077.0,1251
5078.0,1252
5079.0,1252
5080.0,1253
5081.0,1253
5082.0,1254
5083.0,1255
5084.0,1255
5085.0,1255
5086.0,1255
5087.0,1255
5088.0,1256
5089.0,1256
5090.0,1256
5091.0,1256
5092.0,1256
5093.0,1256
5094.0,1256
5095.0,1256
5096.0,1256
5097.0,1257
5098.0,1257
5099.0,1257
5100.0,1258
5101.0,1258
5102.0,1258
5103.0,1258
5104.0,1258
5105.0,1258
5106.0,1258
5107.0,1258
5108.0,1258
5109.0,1258
5110.0,1258
5111.0,1258
5112.0,1258
5113.0,1258
5114.0,1258
5115.0,1258
5116.0,1259
5117.0,1259
5118.0,1260
5119.0,1261
5120.0,1262
5121.0,1263
5122.0,1263
5123.0,1263
5124.0,1263
5125.0,1264
5126.0,1265
5127.0,1265
5128.0,1265
5129.0,1266
5130.0,1266
5131.0,1266
5132.0,1266
5133.0,1266
5134.0,1266
5135.0,1266
5136.0,1266
5137.0,1266
5138.0,1266
5139.0,1266
5140.0,1267
5141.0,1268
5142.0,1269
5143.0,1270
5144.0,1271
5145.0,1271
5146.0,1272
5147.0,1273
5148.0,1273
5149.0,1274
5150.0,1275
5151.0,1276
5152.0,1276
5153.0,1277
5154.0,1277
5155.0,1277
5156.0,1277
5157.0,1278
5158.0,1278
5159.0,1278
5160.0,1278
5161.0,1278
5162.0,1278
5163.0,1279
5164.0,1279
5165.0,1279
5166.0,1279
5167.0,1279
5168.0,1280
5169.0,1280
5170.0,1280
5171.0,1281
5172.0,1281
5173.0,1281
5174.0,1281
5175.0,1281
5176.0,1281
5177.0,1281
5178.0,1281
5179.0,1281
5180.0,1281
5181.0,1281
5182.0,1281
5183.0,1281
5184.0,1281
5185.0,1281
5186.0,1281
5187.0,1282
5188.0,1282
5189.0,1282
5190.0,1282
5191.0,1282
5192.0,1282
5193.0,1282
5194.0,1282
5195.0,1282
5196.0,1282
5197.0,1282
5198.0,1282
5199.0,1282
5200.0,1283
5201.0,1283
5202.0,1283
5203.0,1284
5204.0,1285
5205.0,1285
5206.0,1285
5207.0,1285
5208.0,1286
5209.0,1286
5210.0,1286
5211.0,1286
5212.0,1286
5213.0,1286
5214.0,1287
5215.0,1287
5216.0,1287
5217.0,1287
5218.0,1287
5219.0,1287
5220.0,1287
5221.0,1287
5222.0,1287
5223.0,1287
5224.0,1287
5225.0,1287
5226.0,1288
5227.0,1288
5228.0,1288
5229.0,1288
5230.0,1288
5231.0,1288
5232.0,1288
5233.0,1288
5234.0,1288
5235.0,1288
5236.0,1288
5237.0,1288
5238.0,1288
5239.0,1288
5240.0,1288
5241.0,1288
5242.0,1288
5243.0,1288
5244.0,1288
5245.0,1288
5246.0,1288
5247.0,1288
5248.0,1288
5249.0,1288
5250.0,1288
5251.0,1288
5252.0,1288
5253.0,1288
5254.0,1288
5255.0,1288
5256.0,1288
5257.0,1288
5258.0,1288
5259.0,1289
5260.0,1289
5261.0,1289
5262.0,1289
5263.0,1289
5264.0,1289
5265.0,1289
5266.0,1289
5267.0,1289
5268.0,1290
5269.0,1290
5270.0,1290
5271.0,1290
5272.0,1290
5273.0,1290
5274.0,1290
5275.0,1290
5276.0,1290
5277.0,1290
5278.0,1291
5279.0,1292
5280.0,1292
5281.0,1293
5282.0,1293
5283.0,1293
5284.0,1293
5285.0,1293
5286.0,1294
5287.0,1294
5288.0,1294
5289.0,1294
5290.0,1295
5291.0,1295
5292.0,1295
5293.0,1295
5294.0,1296
5295.0,1296
5296.0,1296
5297.0,1296
5298.0,1296
5299.0,1296
5300.0,1296
5301.0,1296
5302.0,1296
5303.0,1296
5304.0,1296
5305.0,1296
5306.0,1296
5307.0,1296
5308.0,1297
5309.0,1298
5310.0,1298
5311.0,1298
5312.0,1298
5313.0,1298
5314.0,1299
5315.0,1299
5316.0,1300
5317.0,1300
5318.0,1301
5319.0,1301
5320.0,1301
5321.0,1302
5322.0,1302
5323.0,1302
5324.0,1303
5325.0,1303
5326.0,1303
5327.0,1304
5328.0,1305
5329.0,1305
5330.0,1305
5331.0,1305
5332.0,1306
5333.0,1307
5334.0,1307
5335.0,1308
5336.0,1308
5337.0,1309
5338.0,1310
5339.0,1310
5340.0,1311
5341.0,1311
5342.0,1311
5343.0,1312
5344.0,1312
5345.0,1313
5346.0,1313
5347.0,1313
5348.0,1313
5349.0,1313
5350.0,1313
5351.0,1313
5352.0,1313
5353.0,1313
5354.0,1313
5355.0,1314
5356.0,1315
5357.0,1315
5358.0,1316
5359.0,1316
5360.0,1316
5361.0,1316
5362.0,1317
5363.0,1317
5364.0,1317
5365.0,1317
5366.0,1317
5367.0,1317
5368.0,1318
5369.0,1319
5370.0,1319
5371.0,1319
5372.0,1320
5373.0,1320
5374.0,1321
5375.0,1322
5376.0,1323
5377.0,1323
5378.0,1324
5379.0,1325
5380.0,1325
5381.0,1326
5382.0,1327
5383.0,1328
5384.0,1328
5385.0,1329
5386.0,1330
5387.0,1330
5388.0,1330
5389.0,1330
5390.0,1330
5391.0,1331
5392.0,1332
5393.0,1333
5394.0,1333
5395.0,1334
5396.0,1335
5397.0,1336
5398.0,1337
5399.0,1337
5400.0,1338
5401.0,1339
5402.0,1340
5403.0,1341
5404.0,1342
5405.0,1343
5406.0,1344
5407.0,1345
5408.0,1346
5409.0,1347
5410.0,1347
5411.0,1347
5412.0,1348
5413.0,1349
5414.0,1349
5415.0,1350
5416.0,1350
5417.0,1351
5418.0,1352
5419.0,1353
5420.0,1354
5421.0,1355
5422.0,1355
5423.0,1356
5424.0,1357
5425.0,1357
5426.0,1358
5427.0,1359
5428.0,1359
5429.0,1359
5430.0,1359
5431.0,1359
5432.0,1360
5433.0,1360
5434.0,1360
5435.0,1360
5436.0,1361
5437.0,1361
5438.0,1361
5439.0,1361
5440.0,1361
5441.0,1361
5442.0,1362
5443.0,1363
5444.0,1364
5445.0,1365
5446.0,1366
5447.0,1366
5448.0,1366
5449.0,1366
5450.0,1366
5451.0,1367
5452.0,1367
5453.0,1367
5454.0,1367
5455.0,1367
5456.0,1367
5457.0,1368
5458.0,1368
5459.0,1369
5460.0,1369
5461.0,1370
5462.0,1371
5463.0,1372
5464.0,1372
5465.0,1373
5466.0,1373
5467.0,1373
5468.0,1373
5469.0,1373
5470.0,1374
5471.0,1374
5472.0,1374
5473.0,1374
5474.0,1374
5475.0,1374
5476.0,1374
5477.0,1375
5478.0,1375
5479.0,1375
5480.0,1375
5481.0,1375
5482.0,1375
5483.0,1375
5484.0,1376
5485.0,1376
5486.0,1376
5487.0,1376
5488.0,1376
5489.0,1376
5490.0,1376
5491.0,1376
5492.0,1377
5493.0,1377
5494.0,1378
5495.0,1379
5496.0,1379
5497.0,1379
5498.0,1380
5499.0,1381
5500.0,1382
5501.0,1382
5502.0,1382
5503.0,1382
5504.0,1382
5505.0,1382
5506.0,1382
5507.0,1383
5508.0,1383
5509.0,1383
5510.0,1383
5511.0,1383
5512.0,1384
5513.0,1385
5514.0,1386
5515.0,1387
5516.0,1387
5517.0,1387
5518.0,1387
5519.0,1388
5520.0,1388
5521.0,1388
5522.0,1388
5523.0,1388
5524.0,1388
5525.0,1389
5526.0,1389
5527.0,1389
5528.0,1389
5529.0,1389
5530.0,1389
5531.0,1389
5532.0,1389
5533.0,1389
5534.0,1389
5535.0,1389
5536.0,1389
5537.0,1389
5538.0,1389
5539.0,1389
5540.0,1389
5541.0,1389
5542.0,1389
5543.0,1389
5544.0,1389
5545.0,1389
5546.0,1389
5547.0,1389
5548.0,1389
5549.0,1389
5550.0,1389
5551.0,1389
5552.0,1389
5553.0,1389
5554.0,1389
5555.0,1390
5556.0,1391
5557.0,1391
5558.0,1392
5559.0,1392
5560.0,1392
5561.0,1393
5562.0,1394
5563.0,1395
5564.0,1395
5565.0,1395
5566.0,1395
5567.0,1396
5568.0,1396
5569.0,1396
5570.0,1396
5571.0,1397
5572.0,1398
5573.0,1398
5574.0,1399
5575.0,1399
5576.0,1399
5577.0,1399
5578.0,1400
5579.0,1401
5580.0,1401
5581.0,1401
5582.0,1402
5583.0,1402
5584.0,1402
5585.0,1402
5586.0,1402
5587.0,1402
5588.0,1402
5589.0,1402
5590.0,1402
5591.0,1402
5592.0,1402
5593.0,1402
5594.0,1402
5595.0,1402
5596.0,1402
5597.0,1402
5598.0,1402
5599.0,1402
5600.0,1402
5601.0,1402
5602.0,1402
5603.0,1402
5604.0,1402
5605.0,1402
5606.0,1402
5607.0,1403
5608.0,1403
5609.0,1403
5610.0,1403
5611.0,1403
5612.0,1403
5613.0,1403
5614.0,1403
5615.0,1403
5616.0,1403
5617.0,1403
5618.0,1403
5619.0,1403
5620.0,1403
5621.0,1403
5622.0,1403
5623.0,1403
5624.0,1403
5625.0,1403
5626.0,1403
5627.0,1403
5628.0,1403
5629.0,1403
5630.0,1403
5631.0,1403
5632.0,1403
5633.0,1403
5634.0,1403
5635.0,1404
5636.0,1404
5637.0,1404
5638.0,1404
5639.0,1404
5640.0,1405
5641.0,1405
5642.0,1405
5643.0,1405
5644.0,1405
5645.0,1405
5646.0,1406
5647.0,1406
5648.0,1406
5649.0,1406
5650.0,1407
5651.0,1408
5652.0,1408
5653.0,1409
5654.0,1410
5655.0,1411
5656.0,1411
5657.0,1412
5658.0,1412
5659.0,1412
5660.0,1413
5661.0,1414
5662.0,1415
5663.0,1415
5664.0,1415
5665.0,1416
5666.0,1416
5667.0,1416
5668.0,1416
5669.0,1416
5670.0,1416
5671.0,1416
5672.0,1416
5673.0,1416
5674.0,1416
5675.0,1417
5676.0,1418
5677.0,1419
5678.0,1419
5679.0,1419
5680.0,1419
5681.0,1420
5682.0,1421
5683.0,1422
5684.0,1422
5685.0,1422
5686.0,1422
5687.0,1422
5688.0,1422
5689.0,1422
5690.0,1422
5691.0,1423
5692.0,1423
5693.0,1423
5694.0,1423
5695.0,1423
5696.0,1423
5697.0,1423
5698.0,1423
5699.0,1423
5700.0,1423
5701.0,1423
5702.0,1423
5703.0,1423
5704.0,1423
5705.0,1423
5706.0,1423
5707.0,1423
5708.0,1423
5709.0,1423
5710.0,1423
5711.0,1423
5712.0,1423
5713.0,1423
5714.0,1423
5715.0,1423
5716.0,1423
5717.0,1423
5718.0,1423
5719.0,1423
5720.0,1423
5721.0,1423
5722.0,1423
5723.0,1424
5724.0,1425
5725.0,1425
5726.0,1426
5727.0,1426
5728.0,1427
5729.0,1428
5730.0,1428
5731.0,1428
5732.0,1429
5733.0,1429
5734.0,1429
5735.0,1430
5736.0,1431
5737.0,1431
5738.0,1431
5739.0,1432
5740.0,1433
5741.0,1434
5742.0,1435
5743.0,1435
5744.0,1435
5745.0,1436
5746.0,1436
5747.0,1437
5748.0,1438
5749.0,1438
5750.0,1439
5751.0,1440
5752.0,1441
5753.0,1441
5754.0,1441
5755.0,1441
5756.0,1441
5757.0,1441
5758.0,1441
5759.0,1441
5760.0,1441
5761.0,1441
5762.0,1441
5763.0,1441
5764.0,1441
5765.0,1441
5766.0,1441
5767.0,1441
5768.0,1441
5769.0,1441
5770.0,1441
5771.0,1441
5772.0,1441
5773.0,1441
5774.0,1441
5775.0,1441
5776.0,1442
5777.0,1442
5778.0,1442
5779.0,1442
5780.0,1442
5781.0,1442
5782.0,1442
5783.0,1442
5784.0,1442
5785.0,1442
5786.0,1442
5787.0,1442
5788.0,1443
5789.0,1443
5790.0,1443
5791.0,1443
5792.0,1443
5793.0,1443
5794.0,1443
5795.0,1443
5796.0,1443
5797.0,1443
5798.0,1443
5799.0,1443
5800.0,1443
5801.0,1444
5802.0,1444
5803.0,1444
5804.0,1445
5805.0,1445
5806.0,1445
5807.0,1445
5808.0,1445
5809.0,1445
5810.0,1445
5811.0,1446
5812.0,1446
5813.0,1447
5814.0,1448
5815.0,1449
5816.0,1450
5817.0,1450
5818.0,1450
5819.0,1450
5820.0,1450
5821.0,1451
5822.0,1452
5823.0,1452
5824.0,1453
5825.0,1453
5826.0,1453
5827.0,1454
5828.0,1454
5829.0,1454
5830.0,1454
5831.0,1454
5832.0,1454
5833.0,1454
5834.0,1455
5835.0,1456
5836.0,1456
5837.0,1457
5838.0,1457
5839.0,1458
5840.0,1458
5841.0,1458
5842.0,1458
5843.0,1459
5844.0,1459
5845.0,1459
5846.0,1460
5847.0,1460
5848.0,1461
5849.0,1462
5850.0,1463
5851.0,1463
5852.0,1463
5853.0,1464
5854.0,1464
5855.0,1465
5856.0,1465
5857.0,1465
5858.0,1466
5859.0,1466
5860.0,1466
5861.0,1467
5862.0,1467
5863.0,1468
5864.0,1469
5865.0,1470
5866.0,1471
5867.0,1471
5868.0,1472
5869.0,1472
5870.0,1473
5871.0,1474
5872.0,1475
5873.0,1476
5874.0,1477
5875.0,1477
5876.0,1478
5877.0,1479
5878.0,1479
5879.0,1480
5880.0,1481
5881.0,1482
5882.0,1482
5883.0,1482
5884.0,1482
5885.0,1482
5886.0,1483
5887.0,1483
5888.0,1483
5889.0,1484
5890.0,1485
5891.0,1486
5892.0,1486
5893.0,1487
5894.0,1487
5895.0,1488
5896.0,1489
5897.0,1489
5898.0,1490
5899.0,1490
5900.0,1491
5901.0,1491
5902.0,1491
5903.0,1491
5904.0,1491
5905.0,1491
5906.0,1491
5907.0,1491
5908.0,1491
5909.0,1491
5910.0,1492
5911.0,1492
5912.0,1492
5913.0,1492
5914.0,1493
5915.0,1493
5916.0,1493
5917.0,1493
5918.0,1493
5919.0,1494
5920.0,1495
5921.0,1496
5922.0,1497
5923.0,1498
5924.0,1499
5925.0,1499
5926.0,1499
5927.0,1499
5928.0,1499
5929.0,1499
5930.0,1499
5931.0,1499
5932.0,1499
5933.0,1500
5934.0,1501
5935.0,1502
5936.0,1502
5937.0,1502
5938.0,1502
5939.0,1502
5940.0,1502
5941.0,1502
5942.0,1502
5943.0,1502
5944.0,1502
5945.0,1502
5946.0,1502
5947.0,1502
5948.0,1502
5949.0,1502
5950.0,1502
5951.0,1502
5952.0,1502
5953.0,1502
5954.0,1502
5955.0,1502
5956.0,1502
5957.0,1502
5958.0,1502
5959.0,1502
5960.0,1502
5961.0,1502
5962.0,1502
5963.0,1502
5964.0,1502
5965.0,1502
5966.0,1502
5967.0,1502
5968.0,1502
5969.0,1502
5970.0,1502
5971.0,1502
5972.0,1502
5973.0,1502
5974.0,1502
5975.0,1502
5976.0,1502
5977.0,1502
5978.0,1502
5979.0,1502
5980.0,1502
5981.0,1502
5982.0,1502
5983.0,1502
5984.0,1502
5985.0,1502
5986.0,1502
5987.0,1502
5988.0,1502
5989.0,1502
5990.0,1502
5991.0,1503
5992.0,1504
5993.0,1504
5994.0,1505
5995.0,1505
5996.0,1505
5997.0,1505
5998.0,1505
5999.0,1505
6000.0,1505
