"tick","Task"
1.0,0
2.0,0
3.0,0
4.0,10
5.0,10
6.0,10
7.0,10
8.0,10
9.0,10
10.0,19
11.0,19
12.0,18
13.0,28
14.0,27
15.0,26
16.0,24
17.0,23
18.0,33
19.0,33
20.0,42
21.0,41
22.0,50
23.0,49
24.0,48
25.0,48
26.0,47
27.0,47
28.0,44
29.0,44
30.0,43
31.0,43
32.0,43
33.0,42
34.0,42
35.0,40
36.0,39
37.0,39
38.0,39
39.0,39
40.0,39
41.0,49
42.0,49
43.0,58
44.0,58
45.0,58
46.0,58
47.0,57
48.0,56
49.0,56
50.0,56
51.0,66
52.0,66
53.0,66
54.0,65
55.0,65
56.0,65
57.0,65
58.0,65
59.0,65
60.0,65
61.0,65
62.0,65
63.0,65
64.0,65
65.0,64
66.0,74
67.0,74
68.0,74
69.0,74
70.0,74
71.0,74
72.0,74
73.0,74
74.0,74
75.0,73
76.0,73
77.0,73
78.0,73
79.0,73
80.0,72
81.0,72
82.0,71
83.0,71
84.0,70
85.0,80
86.0,80
87.0,79
88.0,79
89.0,89
90.0,99
91.0,97
92.0,95
93.0,95
94.0,95
95.0,95
96.0,94
97.0,93
98.0,91
99.0,91
100.0,90
101.0,90
102.0,90
103.0,90
104.0,89
105.0,89
106.0,89
107.0,88
108.0,88
109.0,87
110.0,87
111.0,85
112.0,84
113.0,84
114.0,83
115.0,83
116.0,83
117.0,82
118.0,82
119.0,81
120.0,80
121.0,78
122.0,78
123.0,77
124.0,76
125.0,76
126.0,76
127.0,76
128.0,85
129.0,84
130.0,84
131.0,84
132.0,84
133.0,83
134.0,82
135.0,82
136.0,82
137.0,82
138.0,82
139.0,81
140.0,81
141.0,80
142.0,79
143.0,79
144.0,78
145.0,78
146.0,87
147.0,86
148.0,86
149.0,86
150.0,86
151.0,86
152.0,86
153.0,85
154.0,85
155.0,84
156.0,84
157.0,84
158.0,84
159.0,94
160.0,94
161.0,94
162.0,93
163.0,93
164.0,92
165.0,92
166.0,91
167.0,91
168.0,91
169.0,91
170.0,91
171.0,91
172.0,91
173.0,91
174.0,90
175.0,99
176.0,99
177.0,99
178.0,99
179.0,107
180.0,106
181.0,105
182.0,102
183.0,121
184.0,121
185.0,119
186.0,119
187.0,119
188.0,118
189.0,127
190.0,127
191.0,136
192.0,135
193.0,135
194.0,133
195.0,141
196.0,141
197.0,141
198.0,140
199.0,139
200.0,139
201.0,138
202.0,138
203.0,138
204.0,137
205.0,137
206.0,137
207.0,137
208.0,137
209.0,137
210.0,137
211.0,137
212.0,136
213.0,136
214.0,146
215.0,145
216.0,144
217.0,144
218.0,144
219.0,144
220.0,144
221.0,143
222.0,153
223.0,153
224.0,151
225.0,150
226.0,150
227.0,148
228.0,148
229.0,156
230.0,156
231.0,156
232.0,154
233.0,154
234.0,154
235.0,153
236.0,162
237.0,161
238.0,161
239.0,160
240.0,160
241.0,160
242.0,160
243.0,159
244.0,159
245.0,159
246.0,159
247.0,159
248.0,158
249.0,158
250.0,157
251.0,157
252.0,156
253.0,155
254.0,155
255.0,155
256.0,155
257.0,155
258.0,155
259.0,154
260.0,154
261.0,154
262.0,152
263.0,152
264.0,151
265.0,151
266.0,151
267.0,151
268.0,151
269.0,150
270.0,150
271.0,150
272.0,150
273.0,159
274.0,159
275.0,159
276.0,159
277.0,159
278.0,158
279.0,157
280.0,157
281.0,157
282.0,157
283.0,156
284.0,156
285.0,166
286.0,166
287.0,166
288.0,166
289.0,165
290.0,163
291.0,163
292.0,162
293.0,162
294.0,162
295.0,162
296.0,162
297.0,162
298.0,161
299.0,160
300.0,160
301.0,160
302.0,160
303.0,159
304.0,158
305.0,158
306.0,168
307.0,166
308.0,176
309.0,175
310.0,175
311.0,173
312.0,173
313.0,173
314.0,172
315.0,171
316.0,170
317.0,169
318.0,168
319.0,166
320.0,166
321.0,166
322.0,166
323.0,166
324.0,176
325.0,176
326.0,176
327.0,175
328.0,174
329.0,174
330.0,173
331.0,173
332.0,172
333.0,171
334.0,171
335.0,171
336.0,171
337.0,169
338.0,169
339.0,178
340.0,178
341.0,178
342.0,187
343.0,187
344.0,185
345.0,185
346.0,184
347.0,184
348.0,183
349.0,183
350.0,192
351.0,191
352.0,191
353.0,189
354.0,199
355.0,199
356.0,207
357.0,217
358.0,217
359.0,226
360.0,226
361.0,225
362.0,224
363.0,224
364.0,223
365.0,223
366.0,223
367.0,233
368.0,232
369.0,232
370.0,231
371.0,230
372.0,228
373.0,228
374.0,228
375.0,227
376.0,227
377.0,227
378.0,227
379.0,227
380.0,227
381.0,227
382.0,227
383.0,225
384.0,225
385.0,225
386.0,225
387.0,225
388.0,225
389.0,224
390.0,234
391.0,234
392.0,234
393.0,234
394.0,233
395.0,242
396.0,242
397.0,241
398.0,240
399.0,239
400.0,239
401.0,239
402.0,248
403.0,248
404.0,248
405.0,246
406.0,245
407.0,245
408.0,244
409.0,243
410.0,243
411.0,243
412.0,243
413.0,243
414.0,242
415.0,241
416.0,240
417.0,239
418.0,238
419.0,237
420.0,247
421.0,247
422.0,246
423.0,245
424.0,245
425.0,245
426.0,243
427.0,243
428.0,243
429.0,242
430.0,242
431.0,242
432.0,241
433.0,240
434.0,240
435.0,240
436.0,248
437.0,248
438.0,248
439.0,248
440.0,247
441.0,247
442.0,247
443.0,247
444.0,245
445.0,245
446.0,245
447.0,245
448.0,245
449.0,245
450.0,245
451.0,243
452.0,243
453.0,243
454.0,252
455.0,251
456.0,251
457.0,251
458.0,250
459.0,250
460.0,250
461.0,249
462.0,249
463.0,249
464.0,249
465.0,248
466.0,248
467.0,248
468.0,247
469.0,247
470.0,246
471.0,244
472.0,243
473.0,243
474.0,241
475.0,240
476.0,249
477.0,259
478.0,268
479.0,265
480.0,264
481.0,264
482.0,264
483.0,263
484.0,262
485.0,260
486.0,260
487.0,270
488.0,270
489.0,270
490.0,270
491.0,270
492.0,269
493.0,269
494.0,269
495.0,269
496.0,269
497.0,269
498.0,268
499.0,268
500.0,268
501.0,268
502.0,268
503.0,268
504.0,267
505.0,267
506.0,265
507.0,264
508.0,263
509.0,262
510.0,261
511.0,259
512.0,259
513.0,257
514.0,255
515.0,255
516.0,253
517.0,261
518.0,261
519.0,261
520.0,260
521.0,259
522.0,258
523.0,257
524.0,257
525.0,267
526.0,266
527.0,266
528.0,266
529.0,266
530.0,266
531.0,266
532.0,266
533.0,266
534.0,265
535.0,265
536.0,265
537.0,265
538.0,272
539.0,272
540.0,271
541.0,271
542.0,271
543.0,271
544.0,270
545.0,270
546.0,270
547.0,270
548.0,270
549.0,269
550.0,279
551.0,279
552.0,279
553.0,279
554.0,279
555.0,278
556.0,277
557.0,277
558.0,277
559.0,276
560.0,276
561.0,276
562.0,284
563.0,284
564.0,284
565.0,283
566.0,282
567.0,281
568.0,280
569.0,278
570.0,278
571.0,278
572.0,278
573.0,277
574.0,275
575.0,275
576.0,274
577.0,274
578.0,272
579.0,270
580.0,270
581.0,270
582.0,278
583.0,276
584.0,284
585.0,284
586.0,283
587.0,282
588.0,281
589.0,281
590.0,281
591.0,280
592.0,280
593.0,279
594.0,276
595.0,275
596.0,274
597.0,274
598.0,274
599.0,271
600.0,271
601.0,270
602.0,270
603.0,270
604.0,270
605.0,270
606.0,270
607.0,278
608.0,276
609.0,276
610.0,276
611.0,286
612.0,286
613.0,286
614.0,286
615.0,286
616.0,286
617.0,285
618.0,285
619.0,285
620.0,285
621.0,285
622.0,285
623.0,283
624.0,283
625.0,282
626.0,291
627.0,290
628.0,288
629.0,287
630.0,287
631.0,287
632.0,287
633.0,287
634.0,287
635.0,286
636.0,284
637.0,293
638.0,293
639.0,292
640.0,292
641.0,292
642.0,292
643.0,291
644.0,290
645.0,290
646.0,289
647.0,289
648.0,288
649.0,287
650.0,287
651.0,287
652.0,285
653.0,295
654.0,314
655.0,313
656.0,313
657.0,313
658.0,321
659.0,321
660.0,320
661.0,330
662.0,328
663.0,326
664.0,325
665.0,323
666.0,323
667.0,323
668.0,322
669.0,322
670.0,322
671.0,320
672.0,320
673.0,318
674.0,316
675.0,316
676.0,316
677.0,315
678.0,313
679.0,313
680.0,313
681.0,313
682.0,312
683.0,312
684.0,311
685.0,311
686.0,310
687.0,309
688.0,309
689.0,308
690.0,307
691.0,306
692.0,305
693.0,303
694.0,303
695.0,303
696.0,303
697.0,303
698.0,303
699.0,302
700.0,301
701.0,301
702.0,300
703.0,300
704.0,300
705.0,299
706.0,299
707.0,298
708.0,308
709.0,307
710.0,307
711.0,306
712.0,306
713.0,306
714.0,306
715.0,306
716.0,306
717.0,304
718.0,304
719.0,303
720.0,302
721.0,301
722.0,300
723.0,299
724.0,299
725.0,309
726.0,318
727.0,316
728.0,324
729.0,323
730.0,323
731.0,320
732.0,320
733.0,320
734.0,320
735.0,320
736.0,320
737.0,320
738.0,319
739.0,319
740.0,326
741.0,325
742.0,324
743.0,323
744.0,323
745.0,323
746.0,323
747.0,323
748.0,323
749.0,332
750.0,331
751.0,329
752.0,329
753.0,329
754.0,329
755.0,327
756.0,327
757.0,346
758.0,344
759.0,344
760.0,342
761.0,341
762.0,341
763.0,340
764.0,339
765.0,338
766.0,336
767.0,336
768.0,336
769.0,335
770.0,334
771.0,334
772.0,333
773.0,332
774.0,330
775.0,330
776.0,329
777.0,328
778.0,326
779.0,336
780.0,336
781.0,336
782.0,336
783.0,335
784.0,335
785.0,334
786.0,333
787.0,342
788.0,341
789.0,341
790.0,341
791.0,341
792.0,340
793.0,340
794.0,340
795.0,339
796.0,339
797.0,339
798.0,337
799.0,337
800.0,335
801.0,333
802.0,332
803.0,331
804.0,340
805.0,350
806.0,350
807.0,360
808.0,359
809.0,359
810.0,369
811.0,369
812.0,367
813.0,365
814.0,363
815.0,363
816.0,363
817.0,363
818.0,362
819.0,360
820.0,359
821.0,358
822.0,358
823.0,358
824.0,368
825.0,367
826.0,366
827.0,365
828.0,365
829.0,365
830.0,363
831.0,362
832.0,362
833.0,360
834.0,358
835.0,357
836.0,357
837.0,357
838.0,357
839.0,357
840.0,367
841.0,366
842.0,366
843.0,364
844.0,363
845.0,363
846.0,373
847.0,372
848.0,371
849.0,370
850.0,370
851.0,370
852.0,370
853.0,369
854.0,368
855.0,368
856.0,367
857.0,376
858.0,376
859.0,374
860.0,374
861.0,373
862.0,371
863.0,380
864.0,380
865.0,380
866.0,380
867.0,380
868.0,380
869.0,389
870.0,389
871.0,389
872.0,388
873.0,388
874.0,387
875.0,387
876.0,387
877.0,387
878.0,387
879.0,387
880.0,387
881.0,386
882.0,385
883.0,385
884.0,385
885.0,385
886.0,384
887.0,384
888.0,383
889.0,382
890.0,382
891.0,381
892.0,380
893.0,380
894.0,379
895.0,379
896.0,377
897.0,377
898.0,376
899.0,376
900.0,375
901.0,375
902.0,372
903.0,372
904.0,371
905.0,370
906.0,370
907.0,379
908.0,379
909.0,379
910.0,378
911.0,376
912.0,376
913.0,375
914.0,373
915.0,372
916.0,372
917.0,372
918.0,372
919.0,382
920.0,381
921.0,390
922.0,390
923.0,400
924.0,399
925.0,399
926.0,398
927.0,397
928.0,396
929.0,395
930.0,393
931.0,393
932.0,392
933.0,392
934.0,392
935.0,391
936.0,391
937.0,391
938.0,391
939.0,391
940.0,389
941.0,389
942.0,387
943.0,396
944.0,395
945.0,394
946.0,394
947.0,393
948.0,392
949.0,391
950.0,390
951.0,390
952.0,390
953.0,389
954.0,389
955.0,399
956.0,399
957.0,399
958.0,398
959.0,397
960.0,396
961.0,395
962.0,395
963.0,394
964.0,394
965.0,394
966.0,394
967.0,393
968.0,392
969.0,391
970.0,390
971.0,390
972.0,390
973.0,390
974.0,390
975.0,389
976.0,388
977.0,387
978.0,387
979.0,387
980.0,387
981.0,387
982.0,387
983.0,386
984.0,385
985.0,384
986.0,382
987.0,380
988.0,380
989.0,380
990.0,380
991.0,379
992.0,378
993.0,377
994.0,376
995.0,374
996.0,374
997.0,373
998.0,373
999.0,373
1000.0,382
1001.0,382
1002.0,382
1003.0,379
1004.0,378
1005.0,378
1006.0,378
1007.0,378
1008.0,376
1009.0,395
1010.0,394
1011.0,390
1012.0,389
1013.0,389
1014.0,385
1015.0,385
1016.0,385
1017.0,384
1018.0,383
1019.0,382
1020.0,382
1021.0,380
1022.0,379
1023.0,378
1024.0,378
1025.0,377
1026.0,377
1027.0,377
1028.0,377
1029.0,376
1030.0,375
1031.0,375
1032.0,375
1033.0,375
1034.0,384
1035.0,384
1036.0,383
1037.0,383
1038.0,383
1039.0,381
1040.0,381
1041.0,381
1042.0,381
1043.0,381
1044.0,379
1045.0,379
1046.0,378
1047.0,378
1048.0,377
1049.0,377
1050.0,377
1051.0,375
1052.0,375
1053.0,375
1054.0,374
1055.0,374
1056.0,374
1057.0,374
1058.0,372
1059.0,371
1060.0,371
1061.0,371
1062.0,370
1063.0,370
1064.0,388
1065.0,387
1066.0,387
1067.0,386
1068.0,386
1069.0,385
1070.0,384
1071.0,402
1072.0,412
1073.0,411
1074.0,420
1075.0,420
1076.0,418
1077.0,418
1078.0,418
1079.0,417
1080.0,417
1081.0,424
1082.0,423
1083.0,421
1084.0,421
1085.0,421
1086.0,421
1087.0,430
1088.0,430
1089.0,430
1090.0,429
1091.0,429
1092.0,429
1093.0,429
1094.0,429
1095.0,428
1096.0,428
1097.0,426
1098.0,425
1099.0,424
1100.0,424
1101.0,423
1102.0,432
1103.0,431
1104.0,431
1105.0,430
1106.0,430
1107.0,430
1108.0,430
1109.0,429
1110.0,429
1111.0,429
1112.0,428
1113.0,428
1114.0,438
1115.0,437
1116.0,437
1117.0,436
1118.0,436
1119.0,435
1120.0,433
1121.0,433
1122.0,433
1123.0,433
1124.0,433
1125.0,432
1126.0,440
1127.0,439
1128.0,438
1129.0,438
1130.0,438
1131.0,437
1132.0,437
1133.0,436
1134.0,435
1135.0,434
1136.0,433
1137.0,432
1138.0,432
1139.0,432
1140.0,432
1141.0,430
1142.0,430
1143.0,430
1144.0,430
1145.0,429
1146.0,428
1147.0,427
1148.0,427
1149.0,427
1150.0,426
1151.0,425
1152.0,425
1153.0,425
1154.0,425
1155.0,435
1156.0,435
1157.0,435
1158.0,435
1159.0,435
1160.0,434
1161.0,434
1162.0,433
1163.0,443
1164.0,443
1165.0,443
1166.0,443
1167.0,442
1168.0,441
1169.0,441
1170.0,440
1171.0,439
1172.0,439
1173.0,438
1174.0,438
1175.0,438
1176.0,436
1177.0,434
1178.0,434
1179.0,434
1180.0,434
1181.0,434
1182.0,434
1183.0,434
1184.0,442
1185.0,442
1186.0,442
1187.0,442
1188.0,440
1189.0,440
1190.0,450
1191.0,460
1192.0,459
1193.0,469
1194.0,469
1195.0,469
1196.0,469
1197.0,479
1198.0,478
1199.0,477
1200.0,475
1201.0,474
1202.0,473
1203.0,472
1204.0,472
1205.0,472
1206.0,482
1207.0,481
1208.0,480
1209.0,480
1210.0,479
1211.0,479
1212.0,478
1213.0,477
1214.0,477
1215.0,476
1216.0,473
1217.0,472
1218.0,472
1219.0,471
1220.0,470
1221.0,470
1222.0,469
1223.0,468
1224.0,468
1225.0,467
1226.0,467
1227.0,465
1228.0,465
1229.0,463
1230.0,463
1231.0,462
1232.0,462
1233.0,460
1234.0,470
1235.0,468
1236.0,468
1237.0,468
1238.0,468
1239.0,477
1240.0,485
1241.0,485
1242.0,484
1243.0,484
1244.0,482
1245.0,491
1246.0,490
1247.0,490
1248.0,490
1249.0,489
1250.0,488
1251.0,488
1252.0,487
1253.0,487
1254.0,486
1255.0,484
1256.0,484
1257.0,484
1258.0,483
1259.0,483
1260.0,482
1261.0,482
1262.0,482
1263.0,482
1264.0,481
1265.0,480
1266.0,479
1267.0,479
1268.0,478
1269.0,477
1270.0,477
1271.0,476
1272.0,475
1273.0,485
1274.0,485
1275.0,484
1276.0,494
1277.0,493
1278.0,492
1279.0,500
1280.0,499
1281.0,498
1282.0,507
1283.0,506
1284.0,505
1285.0,505
1286.0,505
1287.0,505
1288.0,505
1289.0,505
1290.0,505
1291.0,504
1292.0,503
1293.0,503
1294.0,502
1295.0,502
1296.0,502
1297.0,501
1298.0,501
1299.0,500
1300.0,500
1301.0,499
1302.0,497
1303.0,496
1304.0,495
1305.0,495
1306.0,495
1307.0,504
1308.0,503
1309.0,513
1310.0,511
1311.0,510
1312.0,520
1313.0,518
1314.0,518
1315.0,518
1316.0,517
1317.0,516
1318.0,526
1319.0,526
1320.0,526
1321.0,526
1322.0,525
1323.0,524
1324.0,524
1325.0,524
1326.0,524
1327.0,522
1328.0,521
1329.0,521
1330.0,519
1331.0,519
1332.0,518
1333.0,518
1334.0,518
1335.0,517
1336.0,517
1337.0,526
1338.0,525
1339.0,524
1340.0,523
1341.0,523
1342.0,522
1343.0,521
1344.0,521
1345.0,521
1346.0,530
1347.0,530
1348.0,528
1349.0,528
1350.0,528
1351.0,526
1352.0,525
1353.0,535
1354.0,535
1355.0,534
1356.0,534
1357.0,534
1358.0,533
1359.0,532
1360.0,532
1361.0,532
1362.0,532
1363.0,532
1364.0,531
1365.0,531
1366.0,531
1367.0,531
1368.0,531
1369.0,531
1370.0,529
1371.0,529
1372.0,529
1373.0,528
1374.0,528
1375.0,538
1376.0,548
1377.0,546
1378.0,546
1379.0,546
1380.0,545
1381.0,543
1382.0,541
1383.0,541
1384.0,539
1385.0,539
1386.0,538
1387.0,556
1388.0,555
1389.0,553
1390.0,552
1391.0,550
1392.0,550
1393.0,549
1394.0,558
1395.0,558
1396.0,558
1397.0,558
1398.0,558
1399.0,557
1400.0,556
1401.0,556
1402.0,555
1403.0,554
1404.0,552
1405.0,561
1406.0,560
1407.0,560
1408.0,560
1409.0,560
1410.0,568
1411.0,567
1412.0,564
1413.0,563
1414.0,563
1415.0,561
1416.0,568
1417.0,568
1418.0,567
1419.0,566
1420.0,564
1421.0,564
1422.0,564
1423.0,563
1424.0,562
1425.0,561
1426.0,561
1427.0,561
1428.0,571
1429.0,570
1430.0,570
1431.0,579
1432.0,589
1433.0,588
1434.0,588
1435.0,588
1436.0,587
1437.0,587
1438.0,587
1439.0,584
1440.0,582
1441.0,582
1442.0,590
1443.0,590
1444.0,589
1445.0,589
1446.0,589
1447.0,596
1448.0,596
1449.0,595
1450.0,594
1451.0,594
1452.0,593
1453.0,592
1454.0,592
1455.0,590
1456.0,599
1457.0,598
1458.0,595
1459.0,603
1460.0,603
1461.0,603
1462.0,602
1463.0,610
1464.0,610
1465.0,610
1466.0,609
1467.0,609
1468.0,609
1469.0,607
1470.0,617
1471.0,617
1472.0,617
1473.0,614
1474.0,612
1475.0,616
1476.0,615
1477.0,615
1478.0,615
1479.0,615
1480.0,612
1481.0,611
1482.0,611
1483.0,609
1484.0,609
1485.0,609
1486.0,609
1487.0,607
1488.0,607
1489.0,607
1490.0,615
1491.0,613
1492.0,612
1493.0,611
1494.0,608
1495.0,607
1496.0,607
1497.0,607
1498.0,606
1499.0,606
1500.0,606
1501.0,604
1502.0,604
1503.0,612
1504.0,610
1505.0,610
1506.0,609
1507.0,607
1508.0,606
1509.0,606
1510.0,606
1511.0,615
1512.0,624
1513.0,624
1514.0,623
1515.0,623
1516.0,622
1517.0,622
1518.0,622
1519.0,622
1520.0,621
1521.0,620
1522.0,619
1523.0,619
1524.0,618
1525.0,617
1526.0,616
1527.0,614
1528.0,614
1529.0,614
1530.0,614
1531.0,614
1532.0,612
1533.0,612
1534.0,612
1535.0,612
1536.0,612
1537.0,611
1538.0,611
1539.0,610
1540.0,609
1541.0,608
1542.0,608
1543.0,608
1544.0,606
1545.0,605
1546.0,605
1547.0,614
1548.0,614
1549.0,613
1550.0,622
1551.0,621
1552.0,620
1553.0,620
1554.0,628
1555.0,626
1556.0,626
1557.0,625
1558.0,624
1559.0,623
1560.0,623
1561.0,623
1562.0,622
1563.0,619
1564.0,619
1565.0,628
1566.0,628
1567.0,628
1568.0,637
1569.0,637
1570.0,636
1571.0,635
1572.0,635
1573.0,633
1574.0,633
1575.0,633
1576.0,631
1577.0,630
1578.0,638
1579.0,636
1580.0,634
1581.0,634
1582.0,632
1583.0,632
1584.0,640
1585.0,639
1586.0,637
1587.0,655
1588.0,654
1589.0,653
1590.0,653
1591.0,662
1592.0,660
1593.0,659
1594.0,659
1595.0,658
1596.0,658
1597.0,657
1598.0,657
1599.0,656
1600.0,656
1601.0,656
1602.0,655
1603.0,655
1604.0,653
1605.0,652
1606.0,650
1607.0,650
1608.0,650
1609.0,660
1610.0,660
1611.0,658
1612.0,655
1613.0,649
1614.0,646
1615.0,645
1616.0,645
1617.0,643
1618.0,643
1619.0,643
1620.0,642
1621.0,641
1622.0,640
1623.0,640
1624.0,640
1625.0,639
1626.0,638
1627.0,637
1628.0,636
1629.0,636
1630.0,635
1631.0,635
1632.0,634
1633.0,634
1634.0,632
1635.0,630
1636.0,630
1637.0,630
1638.0,630
1639.0,640
1640.0,638
1641.0,646
1642.0,646
1643.0,646
1644.0,645
1645.0,643
1646.0,641
1647.0,639
1648.0,638
1649.0,636
1650.0,634
1651.0,633
1652.0,633
1653.0,652
1654.0,652
1655.0,671
1656.0,670
1657.0,668
1658.0,663
1659.0,667
1660.0,664
1661.0,664
1662.0,674
1663.0,673
1664.0,673
1665.0,671
1666.0,670
1667.0,668
1668.0,667
1669.0,667
1670.0,666
1671.0,666
1672.0,666
1673.0,665
1674.0,664
1675.0,664
1676.0,663
1677.0,663
1678.0,663
1679.0,663
1680.0,672
1681.0,672
1682.0,671
1683.0,668
1684.0,663
1685.0,660
1686.0,659
1687.0,659
1688.0,659
1689.0,659
1690.0,659
1691.0,658
1692.0,658
1693.0,658
1694.0,656
1695.0,656
1696.0,656
1697.0,665
1698.0,665
1699.0,663
1700.0,659
1701.0,655
1702.0,652
1703.0,652
1704.0,650
1705.0,650
1706.0,650
1707.0,648
1708.0,658
1709.0,658
1710.0,657
1711.0,657
1712.0,656
1713.0,654
1714.0,652
1715.0,650
1716.0,646
1717.0,644
1718.0,642
1719.0,641
1720.0,641
1721.0,640
1722.0,658
1723.0,657
1724.0,657
1725.0,657
1726.0,656
1727.0,654
1728.0,653
1729.0,652
1730.0,650
1731.0,650
1732.0,650
1733.0,649
1734.0,659
1735.0,659
1736.0,659
1737.0,658
1738.0,657
1739.0,657
1740.0,664
1741.0,664
1742.0,663
1743.0,663
1744.0,662
1745.0,670
1746.0,668
1747.0,677
1748.0,676
1749.0,672
1750.0,671
1751.0,670
1752.0,670
1753.0,669
1754.0,668
1755.0,678
1756.0,677
1757.0,675
1758.0,675
1759.0,675
1760.0,683
1761.0,681
1762.0,681
1763.0,690
1764.0,699
1765.0,699
1766.0,699
1767.0,697
1768.0,693
1769.0,691
1770.0,691
1771.0,699
1772.0,706
1773.0,706
1774.0,704
1775.0,701
1776.0,698
1777.0,696
1778.0,695
1779.0,705
1780.0,704
1781.0,713
1782.0,713
1783.0,722
1784.0,721
1785.0,720
1786.0,716
1787.0,710
1788.0,708
1789.0,705
1790.0,701
1791.0,698
1792.0,696
1793.0,694
1794.0,691
1795.0,698
1796.0,697
1797.0,697
1798.0,696
1799.0,694
1800.0,693
1801.0,703
1802.0,702
1803.0,701
1804.0,701
1805.0,699
1806.0,709
1807.0,707
1808.0,707
1809.0,725
1810.0,724
1811.0,723
1812.0,721
1813.0,717
1814.0,715
1815.0,714
1816.0,713
1817.0,722
1818.0,721
1819.0,720
1820.0,717
1821.0,713
1822.0,711
1823.0,711
1824.0,710
1825.0,709
1826.0,707
1827.0,706
1828.0,713
1829.0,711
1830.0,711
1831.0,709
1832.0,707
1833.0,706
1834.0,705
1835.0,705
1836.0,704
1837.0,703
1838.0,703
1839.0,702
1840.0,700
1841.0,700
1842.0,698
1843.0,698
1844.0,698
1845.0,696
1846.0,696
1847.0,696
1848.0,695
1849.0,693
1850.0,693
1851.0,693
1852.0,701
1853.0,699
1854.0,698
1855.0,696
1856.0,696
1857.0,694
1858.0,693
1859.0,693
1860.0,692
1861.0,691
1862.0,691
1863.0,691
1864.0,691
1865.0,690
1866.0,709
1867.0,708
1868.0,707
1869.0,707
1870.0,707
1871.0,706
1872.0,705
1873.0,705
1874.0,705
1875.0,704
1876.0,703
1877.0,720
1878.0,719
1879.0,717
1880.0,716
1881.0,724
1882.0,724
1883.0,724
1884.0,722
1885.0,718
1886.0,717
1887.0,726
1888.0,725
1889.0,724
1890.0,722
1891.0,719
1892.0,718
1893.0,714
1894.0,712
1895.0,711
1896.0,709
1897.0,707
1898.0,716
1899.0,716
1900.0,715
1901.0,732
1902.0,730
1903.0,729
1904.0,728
1905.0,738
1906.0,738
1907.0,737
1908.0,735
1909.0,741
1910.0,740
1911.0,739
1912.0,737
1913.0,734
1914.0,743
1915.0,742
1916.0,742
1917.0,741
1918.0,740
1919.0,740
1920.0,740
1921.0,738
1922.0,748
1923.0,747
1924.0,743
1925.0,742
1926.0,739
1927.0,739
1928.0,737
1929.0,735
1930.0,735
1931.0,734
1932.0,732
1933.0,730
1934.0,729
1935.0,728
1936.0,728
1937.0,728
1938.0,728
1939.0,728
1940.0,727
1941.0,727
1942.0,725
1943.0,725
1944.0,724
1945.0,724
1946.0,724
1947.0,723
1948.0,723
1949.0,722
1950.0,722
1951.0,722
1952.0,722
1953.0,721
1954.0,721
1955.0,721
1956.0,721
1957.0,721
1958.0,721
1959.0,721
1960.0,720
1961.0,720
1962.0,720
1963.0,719
1964.0,718
1965.0,716
1966.0,716
1967.0,715
1968.0,715
1969.0,714
1970.0,714
1971.0,724
1972.0,722
1973.0,722
1974.0,731
1975.0,731
1976.0,750
1977.0,749
1978.0,748
1979.0,747
1980.0,746
1981.0,755
1982.0,754
1983.0,754
1984.0,754
1985.0,763
1986.0,762
1987.0,762
1988.0,761
1989.0,759
1990.0,758
1991.0,758
1992.0,757
1993.0,754
1994.0,753
1995.0,753
1996.0,752
1997.0,751
1998.0,751
1999.0,750
2000.0,750
2001.0,750
2002.0,749
2003.0,748
2004.0,748
2005.0,747
2006.0,747
2007.0,747
2008.0,747
2009.0,746
2010.0,746
2011.0,745
2012.0,743
2013.0,743
2014.0,743
2015.0,742
2016.0,742
2017.0,741
2018.0,740
2019.0,739
2020.0,738
2021.0,737
2022.0,745
2023.0,744
2024.0,743
2025.0,743
2026.0,741
2027.0,740
2028.0,740
2029.0,740
2030.0,740
2031.0,739
2032.0,739
2033.0,739
2034.0,739
2035.0,749
2036.0,749
2037.0,748
2038.0,748
2039.0,757
2040.0,756
2041.0,755
2042.0,753
2043.0,763
2044.0,772
2045.0,771
2046.0,769
2047.0,769
2048.0,768
2049.0,768
2050.0,768
2051.0,768
2052.0,767
2053.0,766
2054.0,766
2055.0,766
2056.0,766
2057.0,766
2058.0,764
2059.0,764
2060.0,763
2061.0,763
2062.0,772
2063.0,771
2064.0,770
2065.0,770
2066.0,769
2067.0,779
2068.0,788
2069.0,787
2070.0,796
2071.0,804
2072.0,804
2073.0,802
2074.0,800
2075.0,799
2076.0,797
2077.0,796
2078.0,806
2079.0,805
2080.0,803
2081.0,800
2082.0,793
2083.0,800
2084.0,800
2085.0,800
2086.0,800
2087.0,797
2088.0,795
2089.0,794
2090.0,792
2091.0,792
2092.0,791
2093.0,790
2094.0,790
2095.0,799
2096.0,809
2097.0,808
2098.0,806
2099.0,805
2100.0,804
2101.0,803
2102.0,812
2103.0,811
2104.0,810
2105.0,816
2106.0,811
2107.0,808
2108.0,808
2109.0,807
2110.0,807
2111.0,806
2112.0,806
2113.0,805
2114.0,805
2115.0,805
2116.0,805
2117.0,805
2118.0,805
2119.0,803
2120.0,802
2121.0,802
2122.0,802
2123.0,802
2124.0,802
2125.0,811
2126.0,810
2127.0,806
2128.0,804
2129.0,801
2130.0,801
2131.0,801
2132.0,800
2133.0,800
2134.0,799
2135.0,799
2136.0,809
2137.0,807
2138.0,805
2139.0,805
2140.0,805
2141.0,805
2142.0,804
2143.0,804
2144.0,804
2145.0,803
2146.0,803
2147.0,803
2148.0,803
2149.0,803
2150.0,801
2151.0,801
2152.0,801
2153.0,801
2154.0,800
2155.0,798
2156.0,798
2157.0,797
2158.0,797
2159.0,797
2160.0,797
2161.0,807
2162.0,817
2163.0,817
2164.0,817
2165.0,815
2166.0,814
2167.0,812
2168.0,811
2169.0,811
2170.0,810
2171.0,808
2172.0,805
2173.0,813
2174.0,813
2175.0,813
2176.0,813
2177.0,811
2178.0,810
2179.0,807
2180.0,817
2181.0,817
2182.0,817
2183.0,817
2184.0,817
2185.0,836
2186.0,834
2187.0,832
2188.0,831
2189.0,828
2190.0,835
2191.0,831
2192.0,830
2193.0,828
2194.0,826
2195.0,835
2196.0,835
2197.0,832
2198.0,832
2199.0,831
2200.0,829
2201.0,829
2202.0,827
2203.0,827
2204.0,834
2205.0,834
2206.0,843
2207.0,843
2208.0,842
2209.0,850
2210.0,850
2211.0,847
2212.0,844
2213.0,843
2214.0,853
2215.0,853
2216.0,852
2217.0,851
2218.0,851
2219.0,850
2220.0,848
2221.0,847
2222.0,847
2223.0,847
2224.0,846
2225.0,846
2226.0,846
2227.0,846
2228.0,845
2229.0,845
2230.0,844
2231.0,844
2232.0,844
2233.0,844
2234.0,843
2235.0,843
2236.0,843
2237.0,842
2238.0,841
2239.0,841
2240.0,840
2241.0,840
2242.0,840
2243.0,840
2244.0,840
2245.0,840
2246.0,840
2247.0,839
2248.0,848
2249.0,848
2250.0,857
2251.0,857
2252.0,857
2253.0,854
2254.0,853
2255.0,853
2256.0,853
2257.0,853
2258.0,853
2259.0,852
2260.0,850
2261.0,850
2262.0,850
2263.0,859
2264.0,859
2265.0,859
2266.0,859
2267.0,857
2268.0,857
2269.0,857
2270.0,857
2271.0,856
2272.0,856
2273.0,855
2274.0,854
2275.0,853
2276.0,853
2277.0,860
2278.0,859
2279.0,858
2280.0,855
2281.0,851
2282.0,851
2283.0,850
2284.0,849
2285.0,849
2286.0,849
2287.0,847
2288.0,847
2289.0,847
2290.0,847
2291.0,847
2292.0,846
2293.0,845
2294.0,845
2295.0,845
2296.0,843
2297.0,843
2298.0,852
2299.0,852
2300.0,852
2301.0,852
2302.0,852
2303.0,852
2304.0,852
2305.0,851
2306.0,849
2307.0,849
2308.0,848
2309.0,847
2310.0,847
2311.0,846
2312.0,845
2313.0,843
2314.0,842
2315.0,842
2316.0,850
2317.0,849
2318.0,849
2319.0,847
2320.0,857
2321.0,856
2322.0,855
2323.0,854
2324.0,862
2325.0,858
2326.0,857
2327.0,852
2328.0,851
2329.0,848
2330.0,847
2331.0,847
2332.0,846
2333.0,846
2334.0,846
2335.0,846
2336.0,846
2337.0,846
2338.0,845
2339.0,843
2340.0,842
2341.0,841
2342.0,841
2343.0,841
2344.0,840
2345.0,839
2346.0,838
2347.0,838
2348.0,837
2349.0,836
2350.0,836
2351.0,845
2352.0,844
2353.0,842
2354.0,840
2355.0,839
2356.0,837
2357.0,836
2358.0,836
2359.0,836
2360.0,836
2361.0,836
2362.0,836
2363.0,836
2364.0,835
2365.0,835
2366.0,835
2367.0,834
2368.0,834
2369.0,834
2370.0,833
2371.0,833
2372.0,831
2373.0,831
2374.0,829
2375.0,829
2376.0,828
2377.0,827
2378.0,826
2379.0,826
2380.0,834
2381.0,834
2382.0,831
2383.0,831
2384.0,831
2385.0,831
2386.0,831
2387.0,831
2388.0,831
2389.0,829
2390.0,827
2391.0,827
2392.0,827
2393.0,826
2394.0,825
2395.0,823
2396.0,822
2397.0,822
2398.0,822
2399.0,822
2400.0,822
2401.0,821
2402.0,820
2403.0,818
2404.0,816
2405.0,816
2406.0,814
2407.0,813
2408.0,812
2409.0,812
2410.0,812
2411.0,812
2412.0,812
2413.0,809
2414.0,807
2415.0,807
2416.0,805
2417.0,804
2418.0,804
2419.0,804
2420.0,803
2421.0,812
2422.0,810
2423.0,810
2424.0,809
2425.0,809
2426.0,819
2427.0,827
2428.0,823
2429.0,820
2430.0,817
2431.0,816
2432.0,823
2433.0,820
2434.0,817
2435.0,812
2436.0,810
2437.0,809
2438.0,807
2439.0,806
2440.0,806
2441.0,805
2442.0,805
2443.0,804
2444.0,804
2445.0,813
2446.0,811
2447.0,810
2448.0,809
2449.0,807
2450.0,807
2451.0,806
2452.0,804
2453.0,804
2454.0,801
2455.0,801
2456.0,801
2457.0,801
2458.0,801
2459.0,801
2460.0,801
2461.0,800
2462.0,800
2463.0,799
2464.0,798
2465.0,808
2466.0,817
2467.0,817
2468.0,816
2469.0,814
2470.0,812
2471.0,808
2472.0,807
2473.0,817
2474.0,816
2475.0,814
2476.0,812
2477.0,808
2478.0,808
2479.0,807
2480.0,807
2481.0,806
2482.0,806
2483.0,804
2484.0,813
2485.0,822
2486.0,822
2487.0,819
2488.0,814
2489.0,813
2490.0,812
2491.0,809
2492.0,808
2493.0,805
2494.0,805
2495.0,803
2496.0,802
2497.0,802
2498.0,801
2499.0,801
2500.0,799
2501.0,799
2502.0,798
2503.0,798
2504.0,798
2505.0,798
2506.0,797
2507.0,797
2508.0,795
2509.0,805
2510.0,814
2511.0,810
2512.0,809
2513.0,808
2514.0,806
2515.0,804
2516.0,803
2517.0,803
2518.0,803
2519.0,802
2520.0,802
2521.0,811
2522.0,809
2523.0,805
2524.0,801
2525.0,799
2526.0,798
2527.0,797
2528.0,797
2529.0,806
2530.0,816
2531.0,815
2532.0,814
2533.0,812
2534.0,812
2535.0,810
2536.0,809
2537.0,808
2538.0,808
2539.0,808
2540.0,807
2541.0,806
2542.0,806
2543.0,805
2544.0,805
2545.0,804
2546.0,803
2547.0,802
2548.0,801
2549.0,799
2550.0,809
2551.0,808
2552.0,813
2553.0,811
2554.0,808
2555.0,806
2556.0,805
2557.0,804
2558.0,804
2559.0,803
2560.0,802
2561.0,802
2562.0,801
2563.0,799
2564.0,796
2565.0,796
2566.0,793
2567.0,791
2568.0,791
2569.0,790
2570.0,789
2571.0,787
2572.0,786
2573.0,796
2574.0,792
2575.0,788
2576.0,787
2577.0,785
2578.0,784
2579.0,792
2580.0,791
2581.0,790
2582.0,789
2583.0,789
2584.0,785
2585.0,785
2586.0,785
2587.0,784
2588.0,782
2589.0,780
2590.0,780
2591.0,776
2592.0,776
2593.0,773
2594.0,773
2595.0,782
2596.0,781
2597.0,779
2598.0,777
2599.0,775
2600.0,775
2601.0,785
2602.0,795
2603.0,795
2604.0,794
2605.0,792
2606.0,792
2607.0,791
2608.0,790
2609.0,790
2610.0,790
2611.0,789
2612.0,808
2613.0,807
2614.0,803
2615.0,801
2616.0,797
2617.0,805
2618.0,815
2619.0,814
2620.0,810
2621.0,809
2622.0,817
2623.0,817
2624.0,816
2625.0,816
2626.0,813
2627.0,812
2628.0,821
2629.0,841
2630.0,841
2631.0,840
2632.0,837
2633.0,835
2634.0,833
2635.0,831
2636.0,827
2637.0,825
2638.0,824
2639.0,823
2640.0,821
2641.0,820
2642.0,820
2643.0,820
2644.0,820
2645.0,829
2646.0,829
2647.0,839
2648.0,849
2649.0,848
2650.0,848
2651.0,848
2652.0,848
2653.0,847
2654.0,846
2655.0,846
2656.0,846
2657.0,846
2658.0,846
2659.0,846
2660.0,855
2661.0,855
2662.0,865
2663.0,865
2664.0,864
2665.0,864
2666.0,864
2667.0,864
2668.0,863
2669.0,862
2670.0,861
2671.0,859
2672.0,858
2673.0,858
2674.0,857
2675.0,857
2676.0,857
2677.0,857
2678.0,857
2679.0,857
2680.0,857
2681.0,857
2682.0,857
2683.0,867
2684.0,867
2685.0,867
2686.0,867
2687.0,867
2688.0,867
2689.0,867
2690.0,867
2691.0,867
2692.0,877
2693.0,877
2694.0,877
2695.0,876
2696.0,876
2697.0,885
2698.0,885
2699.0,885
2700.0,894
2701.0,893
2702.0,890
2703.0,888
2704.0,888
2705.0,896
2706.0,904
2707.0,903
2708.0,898
2709.0,897
2710.0,894
2711.0,894
2712.0,893
2713.0,893
2714.0,902
2715.0,902
2716.0,902
2717.0,901
2718.0,900
2719.0,898
2720.0,897
2721.0,897
2722.0,896
2723.0,895
2724.0,895
2725.0,902
2726.0,902
2727.0,901
2728.0,901
2729.0,899
2730.0,899
2731.0,899
2732.0,899
2733.0,899
2734.0,899
2735.0,899
2736.0,909
2737.0,909
2738.0,909
2739.0,917
2740.0,916
2741.0,915
2742.0,915
2743.0,914
2744.0,914
2745.0,914
2746.0,913
2747.0,912
2748.0,910
2749.0,910
2750.0,910
2751.0,910
2752.0,910
2753.0,920
2754.0,929
2755.0,929
2756.0,928
2757.0,928
2758.0,925
2759.0,924
2760.0,924
2761.0,924
2762.0,924
2763.0,923
2764.0,923
2765.0,923
2766.0,923
2767.0,923
2768.0,923
2769.0,923
2770.0,923
2771.0,933
2772.0,932
2773.0,950
2774.0,950
2775.0,950
2776.0,947
2777.0,946
2778.0,945
2779.0,945
2780.0,945
2781.0,945
2782.0,945
2783.0,944
2784.0,943
2785.0,942
2786.0,952
2787.0,952
2788.0,952
2789.0,952
2790.0,951
2791.0,958
2792.0,957
2793.0,954
2794.0,952
2795.0,950
2796.0,948
2797.0,947
2798.0,946
2799.0,945
2800.0,944
2801.0,944
2802.0,942
2803.0,942
2804.0,942
2805.0,942
2806.0,942
2807.0,942
2808.0,942
2809.0,942
2810.0,942
2811.0,942
2812.0,942
2813.0,942
2814.0,942
2815.0,942
2816.0,942
2817.0,942
2818.0,942
2819.0,942
2820.0,942
2821.0,942
2822.0,952
2823.0,952
2824.0,952
2825.0,952
2826.0,952
2827.0,951
2828.0,950
2829.0,960
2830.0,959
2831.0,956
2832.0,954
2833.0,952
2834.0,952
2835.0,960
2836.0,960
2837.0,959
2838.0,959
2839.0,957
2840.0,966
2841.0,966
2842.0,975
2843.0,975
2844.0,973
2845.0,973
2846.0,973
2847.0,973
2848.0,973
2849.0,983
2850.0,992
2851.0,999
2852.0,995
2853.0,994
2854.0,990
2855.0,990
2856.0,989
2857.0,989
2858.0,989
2859.0,989
2860.0,989
2861.0,988
2862.0,987
2863.0,987
2864.0,987
2865.0,987
2866.0,987
2867.0,987
2868.0,997
2869.0,997
2870.0,996
2871.0,995
2872.0,1003
2873.0,1003
2874.0,1003
2875.0,1003
2876.0,1012
2877.0,1010
2878.0,1019
2879.0,1016
2880.0,1015
2881.0,1014
2882.0,1014
2883.0,1014
2884.0,1013
2885.0,1013
2886.0,1013
2887.0,1013
2888.0,1013
2889.0,1013
2890.0,1013
2891.0,1013
2892.0,1013
2893.0,1013
2894.0,1013
2895.0,1013
2896.0,1023
2897.0,1022
2898.0,1022
2899.0,1022
2900.0,1022
2901.0,1020
2902.0,1020
2903.0,1020
2904.0,1020
2905.0,1030
2906.0,1030
2907.0,1030
2908.0,1029
2909.0,1029
2910.0,1029
2911.0,1029
2912.0,1029
2913.0,1029
2914.0,1029
2915.0,1028
2916.0,1027
2917.0,1027
2918.0,1027
2919.0,1027
2920.0,1027
2921.0,1037
2922.0,1037
2923.0,1034
2924.0,1030
2925.0,1028
2926.0,1028
2927.0,1027
2928.0,1037
2929.0,1037
2930.0,1037
2931.0,1036
2932.0,1045
2933.0,1044
2934.0,1054
2935.0,1053
2936.0,1052
2937.0,1051
2938.0,1049
2939.0,1047
2940.0,1046
2941.0,1043
2942.0,1042
2943.0,1041
2944.0,1041
2945.0,1041
2946.0,1039
2947.0,1039
2948.0,1039
2949.0,1039
2950.0,1039
2951.0,1039
2952.0,1039
2953.0,1039
2954.0,1039
2955.0,1039
2956.0,1039
2957.0,1039
2958.0,1039
2959.0,1039
2960.0,1039
2961.0,1039
2962.0,1039
2963.0,1039
2964.0,1039
2965.0,1039
2966.0,1039
2967.0,1049
2968.0,1049
2969.0,1049
2970.0,1049
2971.0,1049
2972.0,1048
2973.0,1047
2974.0,1057
2975.0,1056
2976.0,1063
2977.0,1061
2978.0,1059
2979.0,1068
2980.0,1067
2981.0,1066
2982.0,1065
2983.0,1073
2984.0,1073
2985.0,1073
2986.0,1071
2987.0,1069
2988.0,1066
2989.0,1065
2990.0,1065
2991.0,1064
2992.0,1063
2993.0,1063
2994.0,1061
2995.0,1061
2996.0,1061
2997.0,1061
2998.0,1061
2999.0,1061
3000.0,1061
3001.0,1061
3002.0,1061
3003.0,1061
3004.0,1061
3005.0,1061
3006.0,1061
3007.0,1061
3008.0,1061
3009.0,1061
3010.0,1061
3011.0,1061
3012.0,1061
3013.0,1061
3014.0,1061
3015.0,1061
3016.0,1061
3017.0,1061
3018.0,1061
3019.0,1061
3020.0,1061
3021.0,1061
3022.0,1061
3023.0,1061
3024.0,1061
3025.0,1061
3026.0,1061
3027.0,1061
3028.0,1061
3029.0,1061
3030.0,1061
3031.0,1061
3032.0,1061
3033.0,1061
3034.0,1071
3035.0,1071
3036.0,1071
3037.0,1071
3038.0,1071
3039.0,1071
3040.0,1071
3041.0,1071
3042.0,1071
3043.0,1071
3044.0,1071
3045.0,1071
3046.0,1071
3047.0,1071
3048.0,1071
3049.0,1071
3050.0,1071
3051.0,1071
3052.0,1071
3053.0,1071
3054.0,1071
3055.0,1071
3056.0,1071
3057.0,1071
3058.0,1071
3059.0,1071
3060.0,1071
3061.0,1071
3062.0,1071
3063.0,1071
3064.0,1081
3065.0,1090
3066.0,1090
3067.0,1089
3068.0,1088
3069.0,1086
3070.0,1086
3071.0,1096
3072.0,1096
3073.0,1095
3074.0,1093
3075.0,1093
3076.0,1093
3077.0,1093
3078.0,1093
3079.0,1092
3080.0,1090
3081.0,1089
3082.0,1089
3083.0,1088
3084.0,1088
3085.0,1088
3086.0,1088
3087.0,1098
3088.0,1097
3089.0,1094
3090.0,1093
3091.0,1091
3092.0,1091
3093.0,1090
3094.0,1090
3095.0,1090
3096.0,1090
3097.0,1090
3098.0,1090
3099.0,1090
3100.0,1090
3101.0,1090
3102.0,1090
3103.0,1090
3104.0,1090
3105.0,1090
3106.0,1090
3107.0,1090
3108.0,1090
3109.0,1090
3110.0,1100
3111.0,1100
3112.0,1097
3113.0,1093
3114.0,1091
3115.0,1091
3116.0,1090
3117.0,1090
3118.0,1090
3119.0,1090
3120.0,1090
3121.0,1090
3122.0,1090
3123.0,1090
3124.0,1090
3125.0,1090
3126.0,1100
3127.0,1100
3128.0,1099
3129.0,1098
3130.0,1096
3131.0,1096
3132.0,1096
3133.0,1096
3134.0,1096
3135.0,1096
3136.0,1096
3137.0,1096
3138.0,1106
3139.0,1106
3140.0,1106
3141.0,1105
3142.0,1105
3143.0,1105
3144.0,1115
3145.0,1115
3146.0,1114
3147.0,1113
3148.0,1112
3149.0,1110
3150.0,1110
3151.0,1110
3152.0,1120
3153.0,1120
3154.0,1120
3155.0,1119
3156.0,1129
3157.0,1129
3158.0,1129
3159.0,1129
3160.0,1129
3161.0,1138
3162.0,1136
3163.0,1135
3164.0,1135
3165.0,1132
3166.0,1130
3167.0,1129
3168.0,1129
3169.0,1129
3170.0,1129
3171.0,1129
3172.0,1129
3173.0,1129
3174.0,1139
3175.0,1139
3176.0,1149
3177.0,1158
3178.0,1158
3179.0,1157
3180.0,1157
3181.0,1156
3182.0,1156
3183.0,1156
3184.0,1156
3185.0,1164
3186.0,1162
3187.0,1160
3188.0,1160
3189.0,1159
3190.0,1159
3191.0,1159
3192.0,1159
3193.0,1159
3194.0,1158
3195.0,1158
3196.0,1167
3197.0,1166
3198.0,1163
3199.0,1162
3200.0,1160
3201.0,1158
3202.0,1158
3203.0,1158
3204.0,1158
3205.0,1158
3206.0,1158
3207.0,1158
3208.0,1158
3209.0,1158
3210.0,1158
3211.0,1158
3212.0,1158
3213.0,1158
3214.0,1158
3215.0,1158
3216.0,1158
3217.0,1168
3218.0,1168
3219.0,1168
3220.0,1167
3221.0,1166
3222.0,1165
3223.0,1165
3224.0,1175
3225.0,1175
3226.0,1175
3227.0,1174
3228.0,1173
3229.0,1171
3230.0,1170
3231.0,1167
3232.0,1166
3233.0,1165
3234.0,1165
3235.0,1165
3236.0,1164
3237.0,1164
3238.0,1164
3239.0,1164
3240.0,1164
3241.0,1164
3242.0,1164
3243.0,1164
3244.0,1164
3245.0,1164
3246.0,1164
3247.0,1164
3248.0,1164
3249.0,1164
3250.0,1164
3251.0,1164
3252.0,1164
3253.0,1184
3254.0,1184
3255.0,1184
3256.0,1184
3257.0,1193
3258.0,1193
3259.0,1193
3260.0,1192
3261.0,1199
3262.0,1195
3263.0,1192
3264.0,1192
3265.0,1188
3266.0,1196
3267.0,1196
3268.0,1194
3269.0,1193
3270.0,1192
3271.0,1190
3272.0,1189
3273.0,1189
3274.0,1188
3275.0,1187
3276.0,1187
3277.0,1197
3278.0,1195
3279.0,1195
3280.0,1204
3281.0,1202
3282.0,1198
3283.0,1197
3284.0,1195
3285.0,1195
3286.0,1194
3287.0,1193
3288.0,1193
3289.0,1193
3290.0,1203
3291.0,1203
3292.0,1212
3293.0,1211
3294.0,1211
3295.0,1210
3296.0,1209
3297.0,1207
3298.0,1206
3299.0,1203
3300.0,1202
3301.0,1201
3302.0,1201
3303.0,1201
3304.0,1210
3305.0,1210
3306.0,1210
3307.0,1210
3308.0,1209
3309.0,1207
3310.0,1206
3311.0,1213
3312.0,1212
3313.0,1211
3314.0,1211
3315.0,1210
3316.0,1208
3317.0,1207
3318.0,1204
3319.0,1203
3320.0,1202
3321.0,1202
3322.0,1202
3323.0,1202
3324.0,1202
3325.0,1202
3326.0,1202
3327.0,1202
3328.0,1202
3329.0,1202
3330.0,1202
3331.0,1202
3332.0,1202
3333.0,1202
3334.0,1212
3335.0,1212
3336.0,1212
3337.0,1212
3338.0,1212
3339.0,1221
3340.0,1221
3341.0,1221
3342.0,1221
3343.0,1230
3344.0,1230
3345.0,1230
3346.0,1230
3347.0,1228
3348.0,1235
3349.0,1234
3350.0,1231
3351.0,1230
3352.0,1229
3353.0,1239
3354.0,1239
3355.0,1249
3356.0,1249
3357.0,1246
3358.0,1244
3359.0,1252
3360.0,1261
3361.0,1261
3362.0,1259
3363.0,1257
3364.0,1257
3365.0,1255
3366.0,1254
3367.0,1254
3368.0,1264
3369.0,1263
3370.0,1263
3371.0,1262
3372.0,1260
3373.0,1259
3374.0,1259
3375.0,1258
3376.0,1257
3377.0,1256
3378.0,1256
3379.0,1256
3380.0,1255
3381.0,1255
3382.0,1255
3383.0,1255
3384.0,1255
3385.0,1255
3386.0,1255
3387.0,1255
3388.0,1255
3389.0,1255
3390.0,1255
3391.0,1255
3392.0,1255
3393.0,1255
3394.0,1255
3395.0,1255
3396.0,1255
3397.0,1265
3398.0,1265
3399.0,1265
3400.0,1265
3401.0,1265
3402.0,1265
3403.0,1265
3404.0,1275
3405.0,1275
3406.0,1275
3407.0,1275
3408.0,1275
3409.0,1275
3410.0,1275
3411.0,1275
3412.0,1275
3413.0,1275
3414.0,1275
3415.0,1285
3416.0,1285
3417.0,1285
3418.0,1285
3419.0,1285
3420.0,1285
3421.0,1285
3422.0,1285
3423.0,1285
3424.0,1285
3425.0,1285
3426.0,1285
3427.0,1285
3428.0,1285
3429.0,1285
3430.0,1285
3431.0,1285
3432.0,1285
3433.0,1295
3434.0,1295
3435.0,1295
3436.0,1295
3437.0,1295
3438.0,1294
3439.0,1293
3440.0,1293
3441.0,1293
3442.0,1293
3443.0,1292
3444.0,1292
3445.0,1292
3446.0,1292
3447.0,1292
3448.0,1292
3449.0,1292
3450.0,1292
3451.0,1292
3452.0,1292
3453.0,1292
3454.0,1292
3455.0,1292
3456.0,1292
3457.0,1292
3458.0,1292
3459.0,1292
3460.0,1292
3461.0,1292
3462.0,1292
3463.0,1292
3464.0,1292
3465.0,1292
3466.0,1302
3467.0,1301
3468.0,1298
3469.0,1297
3470.0,1295
3471.0,1295
3472.0,1304
3473.0,1323
3474.0,1322
3475.0,1316
3476.0,1311
3477.0,1317
3478.0,1315
3479.0,1315
3480.0,1314
3481.0,1313
3482.0,1312
3483.0,1312
3484.0,1312
3485.0,1312
3486.0,1312
3487.0,1312
3488.0,1312
3489.0,1312
3490.0,1312
3491.0,1312
3492.0,1312
3493.0,1312
3494.0,1312
3495.0,1312
3496.0,1312
3497.0,1312
3498.0,1312
3499.0,1312
3500.0,1312
3501.0,1312
3502.0,1321
3503.0,1321
3504.0,1321
3505.0,1321
3506.0,1320
3507.0,1320
3508.0,1320
3509.0,1320
3510.0,1319
3511.0,1318
3512.0,1318
3513.0,1318
3514.0,1318
3515.0,1318
3516.0,1318
3517.0,1318
3518.0,1328
3519.0,1328
3520.0,1328
3521.0,1328
3522.0,1328
3523.0,1327
3524.0,1326
3525.0,1326
3526.0,1324
3527.0,1324
3528.0,1324
3529.0,1324
3530.0,1324
3531.0,1324
3532.0,1324
3533.0,1324
3534.0,1334
3535.0,1333
3536.0,1331
3537.0,1341
3538.0,1341
3539.0,1341
3540.0,1341
3541.0,1350
3542.0,1347
3543.0,1343
3544.0,1339
3545.0,1346
3546.0,1345
3547.0,1344
3548.0,1344
3549.0,1344
3550.0,1343
3551.0,1342
3552.0,1342
3553.0,1340
3554.0,1340
3555.0,1340
3556.0,1340
3557.0,1340
3558.0,1350
3559.0,1350
3560.0,1350
3561.0,1350
3562.0,1350
3563.0,1349
3564.0,1358
3565.0,1358
3566.0,1358
3567.0,1357
3568.0,1354
3569.0,1353
3570.0,1353
3571.0,1352
3572.0,1351
3573.0,1350
3574.0,1350
3575.0,1350
3576.0,1349
3577.0,1349
3578.0,1349
3579.0,1349
3580.0,1349
3581.0,1349
3582.0,1359
3583.0,1359
3584.0,1365
3585.0,1360
3586.0,1355
3587.0,1354
3588.0,1352
3589.0,1350
3590.0,1360
3591.0,1360
3592.0,1357
3593.0,1353
3594.0,1351
3595.0,1361
3596.0,1361
3597.0,1358
3598.0,1354
3599.0,1352
3600.0,1352
3601.0,1352
3602.0,1352
3603.0,1352
3604.0,1352
3605.0,1361
3606.0,1371
3607.0,1371
3608.0,1370
3609.0,1369
3610.0,1367
3611.0,1365
3612.0,1364
3613.0,1363
3614.0,1360
3615.0,1360
3616.0,1358
3617.0,1358
3618.0,1358
3619.0,1358
3620.0,1358
3621.0,1358
3622.0,1358
3623.0,1358
3624.0,1358
3625.0,1358
3626.0,1358
3627.0,1358
3628.0,1358
3629.0,1358
3630.0,1358
3631.0,1358
3632.0,1358
3633.0,1358
3634.0,1358
3635.0,1358
3636.0,1358
3637.0,1358
3638.0,1358
3639.0,1358
3640.0,1358
3641.0,1368
3642.0,1368
3643.0,1368
3644.0,1368
3645.0,1367
3646.0,1365
3647.0,1364
3648.0,1361
3649.0,1360
3650.0,1359
3651.0,1359
3652.0,1359
3653.0,1359
3654.0,1359
3655.0,1359
3656.0,1359
3657.0,1359
3658.0,1359
3659.0,1359
3660.0,1359
3661.0,1359
3662.0,1359
3663.0,1359
3664.0,1359
3665.0,1359
3666.0,1359
3667.0,1359
3668.0,1369
3669.0,1368
3670.0,1368
3671.0,1368
3672.0,1368
3673.0,1366
3674.0,1376
3675.0,1376
3676.0,1375
3677.0,1374
3678.0,1372
3679.0,1372
3680.0,1372
3681.0,1372
3682.0,1372
3683.0,1372
3684.0,1372
3685.0,1372
3686.0,1372
3687.0,1372
3688.0,1382
3689.0,1382
3690.0,1382
3691.0,1382
3692.0,1382
3693.0,1381
3694.0,1380
3695.0,1380
3696.0,1380
3697.0,1380
3698.0,1379
3699.0,1379
3700.0,1379
3701.0,1379
3702.0,1379
3703.0,1379
3704.0,1379
3705.0,1379
3706.0,1379
3707.0,1379
3708.0,1379
3709.0,1379
3710.0,1379
3711.0,1379
3712.0,1379
3713.0,1379
3714.0,1379
3715.0,1379
3716.0,1379
3717.0,1379
3718.0,1379
3719.0,1379
3720.0,1379
3721.0,1379
3722.0,1379
3723.0,1379
3724.0,1379
3725.0,1379
3726.0,1379
3727.0,1389
3728.0,1389
3729.0,1389
3730.0,1389
3731.0,1389
3732.0,1388
3733.0,1397
3734.0,1397
3735.0,1394
3736.0,1393
3737.0,1393
3738.0,1392
3739.0,1392
3740.0,1392
3741.0,1392
3742.0,1392
3743.0,1392
3744.0,1392
3745.0,1392
3746.0,1392
3747.0,1392
3748.0,1402
3749.0,1402
3750.0,1401
3751.0,1400
3752.0,1407
3753.0,1407
3754.0,1407
3755.0,1406
3756.0,1405
3757.0,1403
3758.0,1402
3759.0,1402
3760.0,1401
3761.0,1400
3762.0,1400
3763.0,1398
3764.0,1398
3765.0,1398
3766.0,1398
3767.0,1398
3768.0,1398
3769.0,1398
3770.0,1398
3771.0,1398
3772.0,1398
3773.0,1398
3774.0,1398
3775.0,1398
3776.0,1398
3777.0,1398
3778.0,1398
3779.0,1398
3780.0,1398
3781.0,1398
3782.0,1398
3783.0,1398
3784.0,1398
3785.0,1408
3786.0,1408
3787.0,1408
3788.0,1408
3789.0,1408
3790.0,1408
3791.0,1408
3792.0,1408
3793.0,1408
3794.0,1408
3795.0,1408
3796.0,1408
3797.0,1408
3798.0,1408
3799.0,1408
3800.0,1418
3801.0,1418
3802.0,1418
3803.0,1418
3804.0,1417
3805.0,1415
3806.0,1414
3807.0,1411
3808.0,1410
3809.0,1419
3810.0,1419
3811.0,1419
3812.0,1419
3813.0,1419
3814.0,1418
3815.0,1417
3816.0,1417
3817.0,1417
3818.0,1417
3819.0,1416
3820.0,1416
3821.0,1416
3822.0,1416
3823.0,1416
3824.0,1416
3825.0,1416
3826.0,1426
3827.0,1426
3828.0,1425
3829.0,1424
3830.0,1422
3831.0,1422
3832.0,1422
3833.0,1422
3834.0,1422
3835.0,1422
3836.0,1422
3837.0,1422
3838.0,1422
3839.0,1422
3840.0,1422
3841.0,1422
3842.0,1422
3843.0,1422
3844.0,1422
3845.0,1422
3846.0,1422
3847.0,1422
3848.0,1422
3849.0,1422
3850.0,1422
3851.0,1422
3852.0,1422
3853.0,1422
3854.0,1422
3855.0,1422
3856.0,1422
3857.0,1422
3858.0,1432
3859.0,1432
3860.0,1432
3861.0,1432
3862.0,1429
3863.0,1428
3864.0,1427
3865.0,1427
3866.0,1427
3867.0,1427
3868.0,1427
3869.0,1427
3870.0,1427
3871.0,1427
3872.0,1427
3873.0,1427
3874.0,1427
3875.0,1427
3876.0,1427
3877.0,1427
3878.0,1427
3879.0,1427
3880.0,1427
3881.0,1427
3882.0,1427
3883.0,1427
3884.0,1427
3885.0,1427
3886.0,1427
3887.0,1427
3888.0,1427
3889.0,1437
3890.0,1437
3891.0,1437
3892.0,1447
3893.0,1454
3894.0,1453
3895.0,1462
3896.0,1471
3897.0,1470
3898.0,1469
3899.0,1467
3900.0,1466
3901.0,1465
3902.0,1463
3903.0,1462
3904.0,1461
3905.0,1460
3906.0,1459
3907.0,1459
3908.0,1459
3909.0,1459
3910.0,1459
3911.0,1459
3912.0,1459
3913.0,1459
3914.0,1459
3915.0,1459
3916.0,1459
3917.0,1459
3918.0,1459
3919.0,1459
3920.0,1459
3921.0,1459
3922.0,1459
3923.0,1459
3924.0,1459
3925.0,1459
3926.0,1459
3927.0,1459
3928.0,1459
3929.0,1459
3930.0,1459
3931.0,1459
3932.0,1459
3933.0,1459
3934.0,1459
3935.0,1459
3936.0,1459
3937.0,1459
3938.0,1459
3939.0,1459
3940.0,1459
3941.0,1459
3942.0,1459
3943.0,1459
3944.0,1459
3945.0,1469
3946.0,1479
3947.0,1477
3948.0,1473
3949.0,1470
3950.0,1468
3951.0,1468
3952.0,1467
3953.0,1467
3954.0,1467
3955.0,1467
3956.0,1477
3957.0,1476
3958.0,1474
3959.0,1474
3960.0,1474
3961.0,1474
3962.0,1474
3963.0,1474
3964.0,1474
3965.0,1474
3966.0,1474
3967.0,1483
3968.0,1483
3969.0,1482
3970.0,1482
3971.0,1480
3972.0,1480
3973.0,1480
3974.0,1480
3975.0,1480
3976.0,1480
3977.0,1490
3978.0,1500
3979.0,1496
3980.0,1502
3981.0,1499
3982.0,1496
3983.0,1493
3984.0,1491
3985.0,1491
3986.0,1490
3987.0,1490
3988.0,1490
3989.0,1500
3990.0,1500
3991.0,1500
3992.0,1499
3993.0,1499
3994.0,1509
3995.0,1508
3996.0,1505
3997.0,1504
3998.0,1502
3999.0,1511
4000.0,1509
4001.0,1519
4002.0,1518
4003.0,1518
4004.0,1518
4005.0,1517
4006.0,1515
4007.0,1514
4008.0,1511
4009.0,1509
4010.0,1507
4011.0,1507
4012.0,1507
4013.0,1507
4014.0,1507
4015.0,1507
4016.0,1507
4017.0,1507
4018.0,1507
4019.0,1507
4020.0,1507
4021.0,1507
4022.0,1507
4023.0,1507
4024.0,1507
4025.0,1507
4026.0,1507
4027.0,1507
4028.0,1507
4029.0,1507
4030.0,1507
4031.0,1507
4032.0,1507
4033.0,1507
4034.0,1507
4035.0,1507
4036.0,1507
4037.0,1507
4038.0,1507
4039.0,1507
4040.0,1507
4041.0,1507
4042.0,1517
4043.0,1517
4044.0,1516
4045.0,1525
4046.0,1523
4047.0,1522
4048.0,1521
4049.0,1521
4050.0,1521
4051.0,1521
4052.0,1521
4053.0,1529
4054.0,1529
4055.0,1529
4056.0,1529
4057.0,1529
4058.0,1528
4059.0,1537
4060.0,1537
4061.0,1537
4062.0,1537
4063.0,1543
4064.0,1542
4065.0,1541
4066.0,1541
4067.0,1541
4068.0,1551
4069.0,1560
4070.0,1557
4071.0,1563
4072.0,1560
4073.0,1559
4074.0,1557
4075.0,1553
4076.0,1552
4077.0,1550
4078.0,1549
4079.0,1549
4080.0,1547
4081.0,1547
4082.0,1556
4083.0,1556
4084.0,1556
4085.0,1555
4086.0,1564
4087.0,1561
4088.0,1558
4089.0,1558
4090.0,1557
4091.0,1556
4092.0,1556
4093.0,1554
4094.0,1554
4095.0,1554
4096.0,1554
4097.0,1554
4098.0,1554
4099.0,1554
4100.0,1554
4101.0,1554
4102.0,1554
4103.0,1554
4104.0,1554
4105.0,1554
4106.0,1554
4107.0,1554
4108.0,1554
4109.0,1554
4110.0,1554
4111.0,1554
4112.0,1554
4113.0,1554
4114.0,1554
4115.0,1554
4116.0,1554
4117.0,1554
4118.0,1554
4119.0,1554
4120.0,1554
4121.0,1554
4122.0,1564
4123.0,1564
4124.0,1564
4125.0,1563
4126.0,1561
4127.0,1560
4128.0,1560
4129.0,1559
4130.0,1558
4131.0,1557
4132.0,1557
4133.0,1557
4134.0,1556
4135.0,1556
4136.0,1566
4137.0,1566
4138.0,1566
4139.0,1566
4140.0,1566
4141.0,1565
4142.0,1564
4143.0,1564
4144.0,1562
4145.0,1562
4146.0,1562
4147.0,1562
4148.0,1562
4149.0,1562
4150.0,1562
4151.0,1572
4152.0,1571
4153.0,1569
4154.0,1569
4155.0,1569
4156.0,1569
4157.0,1569
4158.0,1569
4159.0,1569
4160.0,1569
4161.0,1569
4162.0,1569
4163.0,1569
4164.0,1569
4165.0,1569
4166.0,1569
4167.0,1569
4168.0,1569
4169.0,1569
4170.0,1569
4171.0,1569
4172.0,1569
4173.0,1569
4174.0,1569
4175.0,1569
4176.0,1569
4177.0,1569
4178.0,1569
4179.0,1569
4180.0,1569
4181.0,1569
4182.0,1569
4183.0,1569
4184.0,1569
4185.0,1569
4186.0,1569
4187.0,1569
4188.0,1569
4189.0,1569
4190.0,1569
4191.0,1569
4192.0,1569
4193.0,1569
4194.0,1569
4195.0,1569
4196.0,1569
4197.0,1569
4198.0,1569
4199.0,1569
4200.0,1569
4201.0,1569
4202.0,1569
4203.0,1569
4204.0,1569
4205.0,1569
4206.0,1569
4207.0,1569
4208.0,1569
4209.0,1569
4210.0,1569
4211.0,1569
4212.0,1579
4213.0,1579
4214.0,1579
4215.0,1579
4216.0,1579
4217.0,1579
4218.0,1579
4219.0,1579
4220.0,1578
4221.0,1576
4222.0,1575
4223.0,1575
4224.0,1574
4225.0,1574
4226.0,1574
4227.0,1574
4228.0,1574
4229.0,1574
4230.0,1574
4231.0,1574
4232.0,1574
4233.0,1574
4234.0,1574
4235.0,1574
4236.0,1574
4237.0,1574
4238.0,1574
4239.0,1574
4240.0,1574
4241.0,1574
4242.0,1574
4243.0,1574
4244.0,1574
4245.0,1574
4246.0,1574
4247.0,1584
4248.0,1584
4249.0,1583
4250.0,1582
4251.0,1580
4252.0,1580
4253.0,1580
4254.0,1580
4255.0,1580
4256.0,1580
4257.0,1580
4258.0,1580
4259.0,1580
4260.0,1580
4261.0,1580
4262.0,1580
4263.0,1580
4264.0,1580
4265.0,1580
4266.0,1580
4267.0,1580
4268.0,1580
4269.0,1580
4270.0,1580
4271.0,1580
4272.0,1580
4273.0,1580
4274.0,1580
4275.0,1590
4276.0,1590
4277.0,1590
4278.0,1589
4279.0,1598
4280.0,1597
4281.0,1594
4282.0,1590
4283.0,1588
4284.0,1598
4285.0,1598
4286.0,1598
4287.0,1598
4288.0,1598
4289.0,1598
4290.0,1598
4291.0,1598
4292.0,1598
4293.0,1598
4294.0,1608
4295.0,1608
4296.0,1608
4297.0,1608
4298.0,1608
4299.0,1618
4300.0,1618
4301.0,1618
4302.0,1618
4303.0,1618
4304.0,1617
4305.0,1616
4306.0,1616
4307.0,1616
4308.0,1616
4309.0,1615
4310.0,1615
4311.0,1615
4312.0,1615
4313.0,1615
4314.0,1615
4315.0,1615
4316.0,1615
4317.0,1615
4318.0,1615
4319.0,1625
4320.0,1624
4321.0,1624
4322.0,1624
4323.0,1624
4324.0,1622
4325.0,1622
4326.0,1632
4327.0,1632
4328.0,1632
4329.0,1631
4330.0,1629
4331.0,1628
4332.0,1628
4333.0,1637
4334.0,1636
4335.0,1635
4336.0,1635
4337.0,1635
4338.0,1633
4339.0,1632
4340.0,1632
4341.0,1630
4342.0,1630
4343.0,1630
4344.0,1630
4345.0,1630
4346.0,1630
4347.0,1630
4348.0,1630
4349.0,1640
4350.0,1640
4351.0,1640
4352.0,1640
4353.0,1640
4354.0,1639
4355.0,1638
4356.0,1638
4357.0,1636
4358.0,1636
4359.0,1636
4360.0,1636
4361.0,1636
4362.0,1636
4363.0,1636
4364.0,1636
4365.0,1636
4366.0,1636
4367.0,1646
4368.0,1646
4369.0,1646
4370.0,1646
4371.0,1646
4372.0,1645
4373.0,1644
4374.0,1644
4375.0,1642
4376.0,1642
4377.0,1642
4378.0,1642
4379.0,1642
4380.0,1642
4381.0,1642
4382.0,1642
4383.0,1642
4384.0,1642
4385.0,1642
4386.0,1662
4387.0,1662
4388.0,1661
4389.0,1670
4390.0,1670
4391.0,1669
4392.0,1668
4393.0,1666
4394.0,1665
4395.0,1665
4396.0,1664
4397.0,1663
4398.0,1662
4399.0,1662
4400.0,1662
4401.0,1661
4402.0,1661
4403.0,1661
4404.0,1661
4405.0,1661
4406.0,1661
4407.0,1661
4408.0,1661
4409.0,1661
4410.0,1661
4411.0,1661
4412.0,1661
4413.0,1661
4414.0,1671
4415.0,1671
4416.0,1671
4417.0,1671
4418.0,1668
4419.0,1667
4420.0,1666
4421.0,1666
4422.0,1666
4423.0,1666
4424.0,1666
4425.0,1666
4426.0,1666
4427.0,1666
4428.0,1676
4429.0,1676
4430.0,1684
4431.0,1683
4432.0,1682
4433.0,1681
4434.0,1679
4435.0,1679
4436.0,1679
4437.0,1679
4438.0,1679
4439.0,1679
4440.0,1679
4441.0,1679
4442.0,1679
4443.0,1679
4444.0,1679
4445.0,1689
4446.0,1689
4447.0,1689
4448.0,1689
4449.0,1686
4450.0,1685
4451.0,1684
4452.0,1684
4453.0,1684
4454.0,1684
4455.0,1684
4456.0,1684
4457.0,1684
4458.0,1684
4459.0,1693
4460.0,1692
4461.0,1689
4462.0,1688
4463.0,1686
4464.0,1684
4465.0,1684
4466.0,1684
4467.0,1684
4468.0,1684
4469.0,1684
4470.0,1684
4471.0,1684
4472.0,1684
4473.0,1684
4474.0,1684
4475.0,1684
4476.0,1684
4477.0,1684
4478.0,1684
4479.0,1684
4480.0,1684
4481.0,1684
4482.0,1684
4483.0,1694
4484.0,1693
4485.0,1700
4486.0,1699
4487.0,1696
4488.0,1695
4489.0,1702
4490.0,1702
4491.0,1701
4492.0,1700
4493.0,1700
4494.0,1699
4495.0,1699
4496.0,1699
4497.0,1699
4498.0,1699
4499.0,1699
4500.0,1699
4501.0,1699
4502.0,1699
4503.0,1719
4504.0,1719
4505.0,1719
4506.0,1718
4507.0,1717
4508.0,1716
4509.0,1726
4510.0,1735
4511.0,1733
4512.0,1728
4513.0,1726
4514.0,1724
4515.0,1731
4516.0,1731
4517.0,1730
4518.0,1729
4519.0,1729
4520.0,1728
4521.0,1728
4522.0,1728
4523.0,1728
4524.0,1728
4525.0,1748
4526.0,1746
4527.0,1744
4528.0,1744
4529.0,1744
4530.0,1742
4531.0,1742
4532.0,1742
4533.0,1742
4534.0,1742
4535.0,1742
4536.0,1742
4537.0,1742
4538.0,1742
4539.0,1742
4540.0,1742
4541.0,1742
4542.0,1752
4543.0,1752
4544.0,1752
4545.0,1752
4546.0,1752
4547.0,1752
4548.0,1752
4549.0,1752
4550.0,1752
4551.0,1752
4552.0,1752
4553.0,1752
4554.0,1762
4555.0,1762
4556.0,1762
4557.0,1762
4558.0,1762
4559.0,1761
4560.0,1760
4561.0,1760
4562.0,1758
4563.0,1758
4564.0,1758
4565.0,1768
4566.0,1767
4567.0,1775
4568.0,1775
4569.0,1775
4570.0,1774
4571.0,1774
4572.0,1774
4573.0,1784
4574.0,1784
4575.0,1781
4576.0,1777
4577.0,1784
4578.0,1783
4579.0,1783
4580.0,1783
4581.0,1783
4582.0,1783
4583.0,1783
4584.0,1783
4585.0,1783
4586.0,1783
4587.0,1783
4588.0,1783
4589.0,1783
4590.0,1783
4591.0,1783
4592.0,1783
4593.0,1783
4594.0,1783
4595.0,1783
4596.0,1783
4597.0,1783
4598.0,1783
4599.0,1783
4600.0,1783
4601.0,1783
4602.0,1783
4603.0,1783
4604.0,1783
4605.0,1783
4606.0,1783
4607.0,1783
4608.0,1793
4609.0,1793
4610.0,1793
4611.0,1793
4612.0,1802
4613.0,1801
4614.0,1800
4615.0,1799
4616.0,1798
4617.0,1796
4618.0,1794
4619.0,1794
4620.0,1793
4621.0,1792
4622.0,1792
4623.0,1790
4624.0,1790
4625.0,1800
4626.0,1800
4627.0,1800
4628.0,1800
4629.0,1800
4630.0,1799
4631.0,1798
4632.0,1798
4633.0,1796
4634.0,1796
4635.0,1796
4636.0,1806
4637.0,1806
4638.0,1806
4639.0,1805
4640.0,1805
4641.0,1805
4642.0,1805
4643.0,1805
4644.0,1805
4645.0,1805
4646.0,1804
4647.0,1803
4648.0,1803
4649.0,1803
4650.0,1803
4651.0,1803
4652.0,1803
4653.0,1803
4654.0,1803
4655.0,1803
4656.0,1803
4657.0,1803
4658.0,1803
4659.0,1813
4660.0,1813
4661.0,1812
4662.0,1811
4663.0,1811
4664.0,1810
4665.0,1810
4666.0,1810
4667.0,1810
4668.0,1810
4669.0,1810
4670.0,1820
4671.0,1820
4672.0,1819
4673.0,1818
4674.0,1816
4675.0,1816
4676.0,1825
4677.0,1825
4678.0,1824
4679.0,1824
4680.0,1832
4681.0,1832
4682.0,1832
4683.0,1832
4684.0,1832
4685.0,1831
4686.0,1840
4687.0,1840
4688.0,1840
4689.0,1839
4690.0,1837
4691.0,1836
4692.0,1836
4693.0,1836
4694.0,1846
4695.0,1846
4696.0,1846
4697.0,1846
4698.0,1846
4699.0,1866
4700.0,1866
4701.0,1866
4702.0,1865
4703.0,1862
4704.0,1868
4705.0,1865
4706.0,1869
4707.0,1866
4708.0,1865
4709.0,1865
4710.0,1864
4711.0,1862
4712.0,1861
4713.0,1858
4714.0,1857
4715.0,1857
4716.0,1856
4717.0,1856
4718.0,1856
4719.0,1856
4720.0,1866
4721.0,1866
4722.0,1866
4723.0,1866
4724.0,1866
4725.0,1865
4726.0,1864
4727.0,1864
4728.0,1864
4729.0,1864
4730.0,1863
4731.0,1863
4732.0,1863
4733.0,1863
4734.0,1863
4735.0,1863
4736.0,1863
4737.0,1873
4738.0,1873
4739.0,1873
4740.0,1872
4741.0,1870
4742.0,1869
4743.0,1869
4744.0,1868
4745.0,1877
4746.0,1876
4747.0,1876
4748.0,1876
4749.0,1874
4750.0,1872
4751.0,1871
4752.0,1868
4753.0,1877
4754.0,1876
4755.0,1876
4756.0,1875
4757.0,1875
4758.0,1875
4759.0,1875
4760.0,1875
4761.0,1875
4762.0,1875
4763.0,1874
4764.0,1873
4765.0,1873
4766.0,1873
4767.0,1873
4768.0,1873
4769.0,1873
4770.0,1873
4771.0,1883
4772.0,1882
4773.0,1882
4774.0,1882
4775.0,1882
4776.0,1880
4777.0,1880
4778.0,1880
4779.0,1880
4780.0,1880
4781.0,1880
4782.0,1880
4783.0,1880
4784.0,1880
4785.0,1880
4786.0,1880
4787.0,1880
4788.0,1880
4789.0,1890
4790.0,1890
4791.0,1889
4792.0,1888
4793.0,1888
4794.0,1887
4795.0,1887
4796.0,1887
4797.0,1897
4798.0,1897
4799.0,1897
4800.0,1897
4801.0,1916
4802.0,1916
4803.0,1916
4804.0,1915
4805.0,1914
4806.0,1912
4807.0,1911
4808.0,1911
4809.0,1910
4810.0,1909
4811.0,1909
4812.0,1917
4813.0,1917
4814.0,1926
4815.0,1924
4816.0,1922
4817.0,1921
4818.0,1921
4819.0,1921
4820.0,1921
4821.0,1921
4822.0,1921
4823.0,1921
4824.0,1930
4825.0,1930
4826.0,1930
4827.0,1929
4828.0,1928
4829.0,1926
4830.0,1925
4831.0,1925
4832.0,1924
4833.0,1933
4834.0,1943
4835.0,1938
4836.0,1934
4837.0,1942
4838.0,1941
4839.0,1937
4840.0,1935
4841.0,1933
4842.0,1943
4843.0,1942
4844.0,1940
4845.0,1939
4846.0,1939
4847.0,1949
4848.0,1959
4849.0,1959
4850.0,1959
4851.0,1955
4852.0,1964
4853.0,1961
4854.0,1958
4855.0,1957
4856.0,1955
4857.0,1955
4858.0,1953
4859.0,1952
4860.0,1952
4861.0,1961
4862.0,1961
4863.0,1961
4864.0,1970
4865.0,1978
4866.0,1984
4867.0,1983
4868.0,1982
4869.0,1981
4870.0,1978
4871.0,1978
4872.0,1976
4873.0,1976
4874.0,1985
4875.0,1985
4876.0,1985
4877.0,1985
4878.0,1984
4879.0,1984
4880.0,1984
4881.0,1984
4882.0,1983
4883.0,1982
4884.0,1982
4885.0,1982
4886.0,1982
4887.0,1982
4888.0,1982
4889.0,1982
4890.0,1982
4891.0,1982
4892.0,1982
4893.0,1982
4894.0,1982
4895.0,1982
4896.0,1991
4897.0,1991
4898.0,1990
4899.0,1990
4900.0,1998
4901.0,1998
4902.0,2007
4903.0,2006
4904.0,2004
4905.0,2003
4906.0,2001
4907.0,2001
4908.0,2001
4909.0,2001
4910.0,2001
4911.0,2001
4912.0,2001
4913.0,2001
4914.0,2001
4915.0,2001
4916.0,2001
4917.0,2001
4918.0,2001
4919.0,2001
4920.0,2001
4921.0,2001
4922.0,2011
4923.0,2011
4924.0,2011
4925.0,2011
4926.0,2008
4927.0,2007
4928.0,2006
4929.0,2006
4930.0,2006
4931.0,2006
4932.0,2006
4933.0,2006
4934.0,2015
4935.0,2014
4936.0,2011
4937.0,2010
4938.0,2008
4939.0,2006
4940.0,2006
4941.0,2006
4942.0,2006
4943.0,2006
4944.0,2006
4945.0,2016
4946.0,2016
4947.0,2016
4948.0,2015
4949.0,2023
4950.0,2022
4951.0,2022
4952.0,2021
4953.0,2020
4954.0,2018
4955.0,2017
4956.0,2017
4957.0,2016
4958.0,2016
4959.0,2015
4960.0,2015
4961.0,2015
4962.0,2015
4963.0,2015
4964.0,2015
4965.0,2015
4966.0,2015
4967.0,2015
4968.0,2015
4969.0,2025
4970.0,2025
4971.0,2035
4972.0,2033
4973.0,2029
4974.0,2037
4975.0,2035
4976.0,2035
4977.0,2044
4978.0,2044
4979.0,2044
4980.0,2044
4981.0,2044
4982.0,2053
4983.0,2053
4984.0,2052
4985.0,2051
4986.0,2047
4987.0,2046
4988.0,2046
4989.0,2055
4990.0,2054
4991.0,2061
4992.0,2061
4993.0,2069
4994.0,2069
4995.0,2067
4996.0,2066
4997.0,2065
4998.0,2063
4999.0,2062
5000.0,2062
5001.0,2071
5002.0,2069
5003.0,2067
5004.0,2065
5005.0,2065
5006.0,2075
5007.0,2075
5008.0,2075
5009.0,2075
5010.0,2075
5011.0,2074
5012.0,2073
5013.0,2073
5014.0,2071
5015.0,2071
5016.0,2071
5017.0,2071
5018.0,2071
5019.0,2071
5020.0,2071
5021.0,2071
5022.0,2071
5023.0,2071
5024.0,2071
5025.0,2071
5026.0,2071
5027.0,2071
5028.0,2071
5029.0,2071
5030.0,2071
5031.0,2081
5032.0,2081
5033.0,2081
5034.0,2080
5035.0,2079
5036.0,2088
5037.0,2087
5038.0,2097
5039.0,2096
5040.0,2096
5041.0,2096
5042.0,2096
5043.0,2096
5044.0,2106
5045.0,2106
5046.0,2106
5047.0,2106
5048.0,2106
5049.0,2106
5050.0,2106
5051.0,2106
5052.0,2105
5053.0,2103
5054.0,2102
5055.0,2102
5056.0,2101
5057.0,2101
5058.0,2101
5059.0,2101
5060.0,2101
5061.0,2101
5062.0,2101
5063.0,2101
5064.0,2101
5065.0,2101
5066.0,2101
5067.0,2101
5068.0,2101
5069.0,2101
5070.0,2101
5071.0,2101
5072.0,2101
5073.0,2101
5074.0,2101
5075.0,2101
5076.0,2101
5077.0,2111
5078.0,2111
5079.0,2117
5080.0,2112
5081.0,2107
5082.0,2125
5083.0,2122
5084.0,2116
5085.0,2135
5086.0,2130
5087.0,2124
5088.0,2118
5089.0,2135
5090.0,2135
5091.0,2135
5092.0,2134
5093.0,2134
5094.0,2133
5095.0,2133
5096.0,2133
5097.0,2132
5098.0,2130
5099.0,2128
5100.0,2128
5101.0,2127
5102.0,2127
5103.0,2127
5104.0,2127
5105.0,2127
5106.0,2127
5107.0,2127
5108.0,2127
5109.0,2136
5110.0,2136
5111.0,2136
5112.0,2135
5113.0,2143
5114.0,2141
5115.0,2139
5116.0,2139
5117.0,2136
5118.0,2135
5119.0,2135
5120.0,2133
5121.0,2133
5122.0,2133
5123.0,2133
5124.0,2133
5125.0,2133
5126.0,2133
5127.0,2133
5128.0,2133
5129.0,2133
5130.0,2133
5131.0,2133
5132.0,2133
5133.0,2133
5134.0,2133
5135.0,2133
5136.0,2133
5137.0,2133
5138.0,2133
5139.0,2133
5140.0,2133
5141.0,2133
5142.0,2133
5143.0,2133
5144.0,2133
5145.0,2133
5146.0,2133
5147.0,2133
5148.0,2133
5149.0,2133
5150.0,2143
5151.0,2143
5152.0,2142
5153.0,2141
5154.0,2139
5155.0,2139
5156.0,2139
5157.0,2139
5158.0,2139
5159.0,2139
5160.0,2139
5161.0,2148
5162.0,2147
5163.0,2144
5164.0,2153
5165.0,2151
5166.0,2148
5167.0,2147
5168.0,2147
5169.0,2146
5170.0,2156
5171.0,2156
5172.0,2156
5173.0,2155
5174.0,2155
5175.0,2155
5176.0,2155
5177.0,2155
5178.0,2155
5179.0,2155
5180.0,2155
5181.0,2155
5182.0,2155
5183.0,2155
5184.0,2165
5185.0,2165
5186.0,2165
5187.0,2164
5188.0,2172
5189.0,2170
5190.0,2167
5191.0,2166
5192.0,2164
5193.0,2162
5194.0,2172
5195.0,2171
5196.0,2169
5197.0,2169
5198.0,2169
5199.0,2169
5200.0,2169
5201.0,2169
5202.0,2169
5203.0,2169
5204.0,2169
5205.0,2169
5206.0,2169
5207.0,2169
5208.0,2169
5209.0,2169
5210.0,2169
5211.0,2169
5212.0,2169
5213.0,2169
5214.0,2169
5215.0,2169
5216.0,2169
5217.0,2169
5218.0,2169
5219.0,2169
5220.0,2169
5221.0,2169
5222.0,2169
5223.0,2169
5224.0,2169
5225.0,2169
5226.0,2169
5227.0,2178
5228.0,2178
5229.0,2188
5230.0,2186
5231.0,2183
5232.0,2181
5233.0,2180
5234.0,2180
5235.0,2189
5236.0,2188
5237.0,2185
5238.0,2179
5239.0,2177
5240.0,2177
5241.0,2177
5242.0,2177
5243.0,2177
5244.0,2177
5245.0,2177
5246.0,2177
5247.0,2177
5248.0,2177
5249.0,2177
5250.0,2177
5251.0,2177
5252.0,2177
5253.0,2177
5254.0,2177
5255.0,2177
5256.0,2177
5257.0,2177
5258.0,2177
5259.0,2186
5260.0,2185
5261.0,2182
5262.0,2201
5263.0,2198
5264.0,2193
5265.0,2192
5266.0,2192
5267.0,2191
5268.0,2191
5269.0,2191
5270.0,2191
5271.0,2191
5272.0,2191
5273.0,2191
5274.0,2191
5275.0,2191
5276.0,2191
5277.0,2191
5278.0,2191
5279.0,2191
5280.0,2191
5281.0,2191
5282.0,2191
5283.0,2191
5284.0,2201
5285.0,2201
5286.0,2200
5287.0,2199
5288.0,2197
5289.0,2197
5290.0,2197
5291.0,2197
5292.0,2197
5293.0,2197
5294.0,2197
5295.0,2197
5296.0,2197
5297.0,2197
5298.0,2197
5299.0,2197
5300.0,2197
5301.0,2197
5302.0,2197
5303.0,2197
5304.0,2197
5305.0,2197
5306.0,2197
5307.0,2197
5308.0,2197
5309.0,2197
5310.0,2197
5311.0,2197
5312.0,2197
5313.0,2197
5314.0,2197
5315.0,2197
5316.0,2197
5317.0,2197
5318.0,2197
5319.0,2197
5320.0,2197
5321.0,2197
5322.0,2197
5323.0,2197
5324.0,2197
5325.0,2197
5326.0,2206
5327.0,2205
5328.0,2202
5329.0,2201
5330.0,2199
5331.0,2197
5332.0,2197
5333.0,2197
5334.0,2197
5335.0,2197
5336.0,2197
5337.0,2197
5338.0,2197
5339.0,2197
5340.0,2197
5341.0,2197
5342.0,2207
5343.0,2207
5344.0,2204
5345.0,2200
5346.0,2198
5347.0,2198
5348.0,2198
5349.0,2198
5350.0,2198
5351.0,2198
5352.0,2198
5353.0,2198
5354.0,2198
5355.0,2198
5356.0,2198
5357.0,2198
5358.0,2198
5359.0,2198
5360.0,2198
5361.0,2198
5362.0,2198
5363.0,2198
5364.0,2198
5365.0,2198
5366.0,2198
5367.0,2198
5368.0,2198
5369.0,2198
5370.0,2198
5371.0,2198
5372.0,2198
5373.0,2208
5374.0,2207
5375.0,2205
5376.0,2205
5377.0,2205
5378.0,2205
5379.0,2205
5380.0,2205
5381.0,2205
5382.0,2205
5383.0,2215
5384.0,2215
5385.0,2214
5386.0,2213
5387.0,2211
5388.0,2211
5389.0,2211
5390.0,2211
5391.0,2220
5392.0,2219
5393.0,2216
5394.0,2215
5395.0,2213
5396.0,2221
5397.0,2221
5398.0,2221
5399.0,2220
5400.0,2218
5401.0,2217
5402.0,2217
5403.0,2216
5404.0,2215
5405.0,2214
5406.0,2214
5407.0,2214
5408.0,2213
5409.0,2213
5410.0,2213
5411.0,2223
5412.0,2222
5413.0,2219
5414.0,2218
5415.0,2216
5416.0,2216
5417.0,2215
5418.0,2215
5419.0,2215
5420.0,2215
5421.0,2215
5422.0,2215
5423.0,2215
5424.0,2215
5425.0,2215
5426.0,2215
5427.0,2215
5428.0,2215
5429.0,2215
5430.0,2215
5431.0,2215
5432.0,2215
5433.0,2215
5434.0,2215
5435.0,2215
5436.0,2215
5437.0,2215
5438.0,2215
5439.0,2215
5440.0,2215
5441.0,2215
5442.0,2215
5443.0,2215
5444.0,2215
5445.0,2215
5446.0,2215
5447.0,2215
5448.0,2215
5449.0,2215
5450.0,2215
5451.0,2215
5452.0,2225
5453.0,2225
5454.0,2225
5455.0,2225
5456.0,2225
5457.0,2234
5458.0,2233
5459.0,2233
5460.0,2232
5461.0,2230
5462.0,2238
5463.0,2237
5464.0,2234
5465.0,2233
5466.0,2232
5467.0,2232
5468.0,2232
5469.0,2231
5470.0,2231
5471.0,2231
5472.0,2250
5473.0,2250
5474.0,2248
5475.0,2247
5476.0,2243
5477.0,2243
5478.0,2243
5479.0,2243
5480.0,2243
5481.0,2243
5482.0,2243
5483.0,2243
5484.0,2243
5485.0,2243
5486.0,2243
5487.0,2243
5488.0,2243
5489.0,2243
5490.0,2243
5491.0,2243
5492.0,2243
5493.0,2253
5494.0,2252
5495.0,2249
5496.0,2248
5497.0,2246
5498.0,2246
5499.0,2245
5500.0,2245
5501.0,2255
5502.0,2255
5503.0,2254
5504.0,2253
5505.0,2253
5506.0,2252
5507.0,2252
5508.0,2252
5509.0,2252
5510.0,2262
5511.0,2262
5512.0,2262
5513.0,2261
5514.0,2261
5515.0,2261
5516.0,2261
5517.0,2261
5518.0,2261
5519.0,2261
5520.0,2261
5521.0,2261
5522.0,2261
5523.0,2261
5524.0,2261
5525.0,2261
5526.0,2261
5527.0,2261
5528.0,2261
5529.0,2261
5530.0,2261
5531.0,2261
5532.0,2261
5533.0,2261
5534.0,2261
5535.0,2261
5536.0,2271
5537.0,2271
5538.0,2271
5539.0,2270
5540.0,2270
5541.0,2270
5542.0,2270
5543.0,2270
5544.0,2270
5545.0,2279
5546.0,2278
5547.0,2275
5548.0,2274
5549.0,2272
5550.0,2270
5551.0,2270
5552.0,2270
5553.0,2270
5554.0,2270
5555.0,2270
5556.0,2270
5557.0,2270
5558.0,2270
5559.0,2270
5560.0,2270
5561.0,2270
5562.0,2270
5563.0,2270
5564.0,2270
5565.0,2270
5566.0,2270
5567.0,2270
5568.0,2270
5569.0,2279
5570.0,2279
5571.0,2279
5572.0,2279
5573.0,2278
5574.0,2278
5575.0,2278
5576.0,2278
5577.0,2277
5578.0,2276
5579.0,2276
5580.0,2276
5581.0,2276
5582.0,2276
5583.0,2276
5584.0,2276
5585.0,2276
5586.0,2276
5587.0,2276
5588.0,2276
5589.0,2276
5590.0,2276
5591.0,2276
5592.0,2286
5593.0,2286
5594.0,2283
5595.0,2279
5596.0,2277
5597.0,2277
5598.0,2277
5599.0,2277
5600.0,2277
5601.0,2277
5602.0,2277
5603.0,2277
5604.0,2287
5605.0,2287
5606.0,2287
5607.0,2286
5608.0,2286
5609.0,2286
5610.0,2286
5611.0,2286
5612.0,2286
5613.0,2286
5614.0,2286
5615.0,2286
5616.0,2286
5617.0,2286
5618.0,2286
5619.0,2296
5620.0,2295
5621.0,2293
5622.0,2293
5623.0,2293
5624.0,2293
5625.0,2293
5626.0,2293
5627.0,2293
5628.0,2293
5629.0,2293
5630.0,2293
5631.0,2293
5632.0,2293
5633.0,2293
5634.0,2293
5635.0,2293
5636.0,2293
5637.0,2293
5638.0,2293
5639.0,2293
5640.0,2293
5641.0,2293
5642.0,2293
5643.0,2293
5644.0,2293
5645.0,2293
5646.0,2293
5647.0,2293
5648.0,2293
5649.0,2293
5650.0,2293
5651.0,2293
5652.0,2293
5653.0,2293
5654.0,2293
5655.0,2293
5656.0,2293
5657.0,2293
5658.0,2293
5659.0,2293
5660.0,2293
5661.0,2293
5662.0,2293
5663.0,2293
5664.0,2293
5665.0,2293
5666.0,2293
5667.0,2293
5668.0,2293
5669.0,2293
5670.0,2293
5671.0,2293
5672.0,2293
5673.0,2293
5674.0,2303
5675.0,2302
5676.0,2299
5677.0,2308
5678.0,2306
5679.0,2315
5680.0,2313
5681.0,2313
5682.0,2312
5683.0,2309
5684.0,2308
5685.0,2307
5686.0,2307
5687.0,2307
5688.0,2317
5689.0,2317
5690.0,2316
5691.0,2315
5692.0,2313
5693.0,2323
5694.0,2322
5695.0,2322
5696.0,2322
5697.0,2322
5698.0,2332
5699.0,2332
5700.0,2332
5701.0,2332
5702.0,2332
5703.0,2332
5704.0,2332
5705.0,2332
5706.0,2332
5707.0,2332
5708.0,2332
5709.0,2332
5710.0,2332
5711.0,2332
5712.0,2332
5713.0,2332
5714.0,2332
5715.0,2332
5716.0,2332
5717.0,2332
5718.0,2332
5719.0,2332
5720.0,2332
5721.0,2332
5722.0,2332
5723.0,2332
5724.0,2332
5725.0,2332
5726.0,2332
5727.0,2332
5728.0,2332
5729.0,2332
5730.0,2332
5731.0,2332
5732.0,2332
5733.0,2332
5734.0,2342
5735.0,2341
5736.0,2339
5737.0,2339
5738.0,2339
5739.0,2339
5740.0,2339
5741.0,2349
5742.0,2348
5743.0,2345
5744.0,2344
5745.0,2342
5746.0,2342
5747.0,2341
5748.0,2351
5749.0,2351
5750.0,2351
5751.0,2350
5752.0,2359
5753.0,2359
5754.0,2359
5755.0,2359
5756.0,2358
5757.0,2358
5758.0,2358
5759.0,2358
5760.0,2357
5761.0,2356
5762.0,2356
5763.0,2356
5764.0,2366
5765.0,2366
5766.0,2366
5767.0,2366
5768.0,2376
5769.0,2375
5770.0,2373
5771.0,2373
5772.0,2373
5773.0,2373
5774.0,2383
5775.0,2383
5776.0,2383
5777.0,2383
5778.0,2392
5779.0,2390
5780.0,2386
5781.0,2385
5782.0,2383
5783.0,2381
5784.0,2380
5785.0,2380
5786.0,2380
5787.0,2380
5788.0,2380
5789.0,2380
5790.0,2380
5791.0,2380
5792.0,2380
5793.0,2380
5794.0,2380
5795.0,2380
5796.0,2380
5797.0,2380
5798.0,2380
5799.0,2380
5800.0,2380
5801.0,2390
5802.0,2389
5803.0,2389
5804.0,2389
5805.0,2389
5806.0,2389
5807.0,2389
5808.0,2389
5809.0,2389
5810.0,2389
5811.0,2389
5812.0,2399
5813.0,2399
5814.0,2399
5815.0,2398
5816.0,2398
5817.0,2398
5818.0,2398
5819.0,2398
5820.0,2408
5821.0,2407
5822.0,2407
5823.0,2407
5824.0,2426
5825.0,2426
5826.0,2426
5827.0,2425
5828.0,2424
5829.0,2424
5830.0,2424
5831.0,2424
5832.0,2423
5833.0,2422
5834.0,2422
5835.0,2422
5836.0,2422
5837.0,2422
5838.0,2422
5839.0,2422
5840.0,2422
5841.0,2422
5842.0,2422
5843.0,2422
5844.0,2422
5845.0,2422
5846.0,2422
5847.0,2422
5848.0,2422
5849.0,2422
5850.0,2422
5851.0,2422
5852.0,2422
5853.0,2432
5854.0,2431
5855.0,2429
5856.0,2429
5857.0,2429
5858.0,2429
5859.0,2429
5860.0,2429
5861.0,2429
5862.0,2429
5863.0,2429
5864.0,2429
5865.0,2429
5866.0,2429
5867.0,2429
5868.0,2439
5869.0,2438
5870.0,2438
5871.0,2438
5872.0,2438
5873.0,2438
5874.0,2438
5875.0,2438
5876.0,2438
5877.0,2438
5878.0,2438
5879.0,2438
5880.0,2438
5881.0,2438
5882.0,2438
5883.0,2438
5884.0,2448
5885.0,2448
5886.0,2448
5887.0,2447
5888.0,2446
5889.0,2445
5890.0,2445
5891.0,2445
5892.0,2445
5893.0,2454
5894.0,2454
5895.0,2454
5896.0,2454
5897.0,2453
5898.0,2453
5899.0,2453
5900.0,2453
5901.0,2452
5902.0,2451
5903.0,2451
5904.0,2451
5905.0,2451
5906.0,2451
5907.0,2451
5908.0,2451
5909.0,2451
5910.0,2451
5911.0,2451
5912.0,2451
5913.0,2460
5914.0,2460
5915.0,2459
5916.0,2459
5917.0,2457
5918.0,2457
5919.0,2457
5920.0,2457
5921.0,2457
5922.0,2457
5923.0,2466
5924.0,2465
5925.0,2462
5926.0,2461
5927.0,2459
5928.0,2457
5929.0,2457
5930.0,2457
5931.0,2457
5932.0,2467
5933.0,2467
5934.0,2467
5935.0,2466
5936.0,2466
5937.0,2466
5938.0,2466
5939.0,2466
5940.0,2466
5941.0,2466
5942.0,2466
5943.0,2466
5944.0,2466
5945.0,2466
5946.0,2466
5947.0,2466
5948.0,2466
5949.0,2466
5950.0,2476
5951.0,2476
5952.0,2476
5953.0,2476
5954.0,2473
5955.0,2472
5956.0,2471
5957.0,2471
5958.0,2471
5959.0,2471
5960.0,2471
5961.0,2471
5962.0,2471
5963.0,2471
5964.0,2471
5965.0,2471
5966.0,2481
5967.0,2481
5968.0,2478
5969.0,2474
5970.0,2472
5971.0,2472
5972.0,2472
5973.0,2472
5974.0,2472
5975.0,2472
5976.0,2472
5977.0,2472
5978.0,2472
5979.0,2472
5980.0,2472
5981.0,2472
5982.0,2472
5983.0,2472
5984.0,2472
5985.0,2472
5986.0,2472
5987.0,2472
5988.0,2472
5989.0,2482
5990.0,2481
5991.0,2488
5992.0,2488
5993.0,2488
5994.0,2488
5995.0,2487
5996.0,2487
5997.0,2487
5998.0,2506
5999.0,2503
6000.0,2497
